/*
SQLyog Ultimate - MySQL GUI v8.2 
MySQL - 5.0.87-community-nt : Database - itcastjkdb
*********************************************************************
*/

/*!40101 SET NAMES utf8 */;

/*!40101 SET SQL_MODE=''*/;

/*!40014 SET @OLD_UNIQUE_CHECKS=@@UNIQUE_CHECKS, UNIQUE_CHECKS=0 */;
/*!40014 SET @OLD_FOREIGN_KEY_CHECKS=@@FOREIGN_KEY_CHECKS, FOREIGN_KEY_CHECKS=0 */;
/*!40101 SET @OLD_SQL_MODE=@@SQL_MODE, SQL_MODE='NO_AUTO_VALUE_ON_ZERO' */;
/*!40111 SET @OLD_SQL_NOTES=@@SQL_NOTES, SQL_NOTES=0 */;
CREATE DATABASE /*!32312 IF NOT EXISTS*/`itcastjkdb` /*!40100 DEFAULT CHARACTER SET utf8 */;

USE `itcastjkdb`;

/*Table structure for table `class_code_c` */

DROP TABLE IF EXISTS `class_code_c`;

CREATE TABLE `class_code_c` (
  `CLASS_CODE_ID` varchar(40) NOT NULL,
  `NAME` varchar(20) default NULL,
  PRIMARY KEY  (`CLASS_CODE_ID`)
) ENGINE=InnoDB DEFAULT CHARSET=utf8;

/*Data for the table `class_code_c` */

insert  into `class_code_c`(`CLASS_CODE_ID`,`NAME`) values ('0103','厂家分类'),('402880e73f08539f013f085543b60002','附件分类'),('402880e73f08539f013f08558b8d0004','用户级别');

/*Table structure for table `contract_c` */

DROP TABLE IF EXISTS `contract_c`;

CREATE TABLE `contract_c` (
  `CONTRACT_ID` varchar(40) NOT NULL,
  `OFFEROR` varchar(200) default NULL,
  `CONTRACT_NO` varchar(20) default NULL,
  `SIGNING_DATE` datetime default NULL,
  `INPUT_BY` varchar(30) default NULL,
  `CHECK_BY` varchar(30) default NULL,
  `INSPECTOR` varchar(30) default NULL,
  `TOTAL_AMOUNT` decimal(10,2) default NULL,
  `REQUEST` varchar(500) default NULL,
  `CUSTOM_NAME` varchar(200) default NULL,
  `SHIP_TIME` datetime default NULL,
  `IMPORT_NUM` int(11) default NULL COMMENT '打印时标识几个星,对应说明中的内容',
  `DELIVERY_PERIOD` datetime default NULL,
  `REMARK` varchar(600) default NULL,
  `PRINT_STYLE` char(1) default NULL COMMENT '宽2:一页两个货物  窄1:一页一个货物',
  `OLD_STATE` int(11) default NULL COMMENT '归档前状态, 方便回退',
  `STATE` int(11) default NULL COMMENT '0草稿 1已上报待报运\n            \n            归档后, 其他选择合同的地方均去除.\n            表示合同已完成, 不论是否合同的货物是否全部真的走完, 因为有赔付等其他情况',
  `OUT_STATE` int(11) default NULL COMMENT '0未走货 1部分 2全部\n            \n            归档后, 其他选择合同的地方均去除.\n            表示合同已完成, 不论是否合同的货物是否全部真的走完, 因为有赔付等其他情况',
  `TRADE_TERMS` varchar(30) default NULL,
  `CREATE_BY` varchar(40) default NULL,
  `CREATE_DEPT` varchar(40) default NULL,
  `CREATE_TIME` datetime default NULL,
  PRIMARY KEY  (`CONTRACT_ID`)
) ENGINE=InnoDB DEFAULT CHARSET=utf8;

/*Data for the table `contract_c` */

insert  into `contract_c`(`CONTRACT_ID`,`OFFEROR`,`CONTRACT_NO`,`SIGNING_DATE`,`INPUT_BY`,`CHECK_BY`,`INSPECTOR`,`TOTAL_AMOUNT`,`REQUEST`,`CUSTOM_NAME`,`SHIP_TIME`,`IMPORT_NUM`,`DELIVERY_PERIOD`,`REMARK`,`PRINT_STYLE`,`OLD_STATE`,`STATE`,`OUT_STATE`,`TRADE_TERMS`,`CREATE_BY`,`CREATE_DEPT`,`CREATE_TIME`) values ('4028817a3357462e0133591b86ec0002','陕西杰信商务发展有限公司','C/3817/11','2011-10-31 00:00:00','杨丽','','吕晓波','10800.00','★   产品与封样无明显差异，唛头、标签及包装质量务必符合公司要求。 \r\n ★★  产品生成前期、中期、后期抽验率不得少于10%，质量和封样一致， \r\n       并将验货照片传回公司。 \r\n★★★ 重点客人的质量标准检验，产品抽验率不得少于50%，务必做到入箱前检查。 \r\n 交期：2011年12月15日/工厂,没有经过我司同意无故延期交货造成严重后果的，按照客人的相关要求处理。 \r\n 开票：出货后请将增值税发票、验货报告、合同复印件及出库单一并寄至我司，以便我司安排付款。','BEAKIE LEE','2011-12-30 00:00:00',1,'2011-12-15 00:00:00','','2',NULL,1,NULL,NULL,'ff80808131301abf0131303fe2e40038','0001002','2011-11-01 10:40:26'),('4028817a3357462e01336cc0877b0010','陕西杰信商务发展有限公司','11JK1080','2011-11-04 00:00:00','杨丽','','吕晓波','2318.40','★   产品与封样无明显差异，唛头、标签及包装质量务必符合公司要求。 \r\n ★★  产品生成前期、中期、后期抽验率不得少于10%，质量和封样一致， \r\n       并将验货照片传回公司。 \r\n★★★ 重点客人的质量标准检验，产品抽验率不得少于50%，务必做到入箱前检查。 \r\n 交期：2011年12月10日/工厂。毛坯送至祁县瑞成玻璃镀膜厂。 \r\n       没有经过我司同意无故延期交货造成严重后果的，按照客人的相关要求处理。 \r\n 开票：出货后请将增值税发票、验货报告、合同复印件及出库单一并寄至我司，以便我司安排付款。','','2011-12-20 00:00:00',3,'2011-12-10 00:00:00','待样品确认后方可安排生产','1',NULL,1,NULL,NULL,'ff80808131301abf0131303fe2e40038','0001002','2011-11-04 16:50:21'),('4028817a3357462e01336d3a0be10014','陕西杰信商务发展有限公司','11JK1078','2011-11-04 00:00:00','杨丽','','李春光','54120.00','★   产品与封样无明显差异，唛头、标签及包装质量务必符合公司要求。 \r\n ★★  产品生成前期、中期、后期抽验率不得少于10%，质量和封样一致， \r\n       并将验货照片传回公司。 \r\n★★★ 重点客人的质量标准检验，产品抽验率不得少于50%，务必做到入箱前检查。 \r\n 交期：2011年11月15日/工厂。 \r\n       没有经过我司同意无故延期交货造成严重后果的，按照客人的相关要求处理。 \r\n 开票：出货后请将增值税发票、验货报告、合同复印件及出库单一并寄至我司，以便我司安排付款。','','2011-12-30 00:00:00',3,'2011-11-15 00:00:00','','2',NULL,1,NULL,NULL,'ff80808131301abf0131303fe2e40038','0001002','2011-11-04 14:38:54'),('4028817a3357462e01336d523195001a','陕西杰信商务发展有限公司','C/3847/11','2011-12-02 00:00:00','杨丽','','李春光','39240.00','★   产品与封样无明显差异，唛头、标签及包装质量务必符合公司要求。 \r\n ★★  产品生成前期、中期、后期抽验率不得少于10%，质量和封样一致， \r\n       并将验货照片传回公司。 \r\n★★★ 重点客人的质量标准检验，产品抽验率不得少于50%，务必做到入箱前检查。\r\n 交期：2011年12月15日/工厂。 \r\n       没有经过我司同意无故延期交货造成严重后果的，按照客人的相关要求处理。 \r\n 开票：出货后请将增值税发票、验货报告、合同复印件及出库单一并寄至我司，以便我司安排付款。','HOME','2011-12-25 00:00:00',3,'2011-12-15 00:00:00','','2',NULL,1,NULL,'','ff80808131301abf0131303fe2e40038','0001002','2012-02-01 12:18:47'),('4028817a33812ffd0133813f25940001','陕西杰信商务发展有限公司','C/3861/11','2011-11-08 00:00:00','杨丽','','吕晓波','165378.00','★   产品与封样无明显差异，唛头、标签及包装质量务必符合公司要求。 \r\n ★★  产品生产前期、中期、后期抽验率不得少于10%，质量和封样一致， \r\n       并将验货照片传回公司。 \r\n★★★ 重点客人的质量标准检验，产品抽验率不得少于50%，务必做到入箱前检查。 \r\n 包装：产品用白纸，瓦楞纸，气泡纸包裹后入内盒，大箱，大箱用胶带纸工字封口；\r\n 交期：2012年1月10日/工厂。 \r\n       没有经过我司同意无故延期交货造成严重后果的，按照客人的相关要求处理。 \r\n 开票：出货后请将增值税发票、验货报告、合同复印件及出库单一并寄至我司，以便我司安排付款。','HOME','2012-01-25 00:00:00',3,'2012-01-10 00:00:00','','2',NULL,1,NULL,NULL,'ff80808131301abf0131303fe2e40038','0001002','2012-01-04 14:22:12'),('4028817a33812ffd013382048ff80024','陕西杰信商务发展有限公司','11JK1082','2011-11-08 00:00:00','杨丽','','李春光','40200.00','★   产品与封样无明显差异，唛头、标签及包装质量务必符合公司要求。 \r\n ★★  产品生成前期、中期、后期抽验率不得少于10%，质量和封样一致， \r\n       并将验货照片传回公司。 \r\n★★★ 重点客人的质量标准检验，产品抽验率不得少于50%，务必做到入箱前检查。 \r\n 包装：产品用白纸，瓦楞纸，气泡纸包裹后入内盒，大箱，大箱用胶带纸工字封口；\r\n 交期：2011年12月30日/工厂。  \r\n       没有经过我司同意无故延期交货造成严重后果的，按照客人的相关要求处理。 \r\n 开票：出货后请将增值税发票、验货报告、合同复印件及出库单一并寄至我司，以便我司安排付款。','MSA','2012-01-15 00:00:00',3,'2011-12-30 00:00:00','','2',NULL,1,NULL,NULL,'ff80808131301abf0131303fe2e40038','0001002','2011-11-08 17:25:18'),('4028817a33812ffd0133821a8eb5002b','陕西杰信商务发展有限公司','11JK1084','2011-11-08 00:00:00','杨丽','','李春光','10936.00','★   产品与封样无明显差异，唛头、标签及包装质量务必符合公司要求。 \r\n ★★  产品生成前期、中期、后期抽验率不得少于10%，质量和封样一致， \r\n       并将验货照片传回公司。 \r\n★★★ 重点客人的质量标准检验，产品抽验率不得少于50%，务必做到入箱前检查。 \r\n 交期：2011年12月20日/工厂。毛坯送至祁县瑞成玻璃镀膜厂。 \r\n       没有经过我司同意无故延期交货造成严重后果的，按照客人的相关要求处理。 \r\n 开票：出货后请将增值税发票、验货报告、合同复印件及出库单一并寄至我司，以便我司安排付款。','ONE WORLD','2011-12-30 00:00:00',3,'2011-12-20 00:00:00','','2',NULL,1,NULL,NULL,'ff80808131301abf0131303fe2e40038','0001002','2011-12-01 16:58:54'),('4028817a33d4f8b40133d9878e88000d','陕西杰信商务发展有限公司','11JK1070','2011-10-20 00:00:00','杨丽','','','55789.00','★   产品与封样无明显差异，唛头、标签及包装质量务必符合公司要求。 \r\n ★★  产品生成前期、中期、后期抽验率不得少于10%，质量和封样一致， \r\n       并将验货照片传回公司。 \r\n★★★ 重点客人的质量标准检验，产品抽验率不得少于50%，务必做到入箱前检查。 \r\n 交期：2011年11月5日/工厂。 \r\n       没有经过我司同意无故延期交货造成严重后果的，按照客人的相关要求处理。 \r\n 开票：出货后请将增值税发票、验货报告、合同复印件及出库单一并寄至我司，以便我司安排付款。','','2011-12-20 00:00:00',3,'2011-11-05 00:00:00','','2',NULL,1,NULL,NULL,'ff80808131301abf0131303fe2e40038','0001002','2011-11-25 15:01:39'),('4028817a33d4f8b40133d991a50d0019','陕西杰信商务发展有限公司','11JK1066','2011-11-25 00:00:00','杨丽','','李春光','146184.00','★   产品与封样无明显差异，唛头、标签及包装质量务必符合公司要求。 \r\n ★★  产品生成前期、中期、后期抽验率不得少于10%，质量和封样一致， \r\n       并将验货照片传回公司。 \r\n★★★ 重点客人的质量标准检验，产品抽验率不得少于50%，务必做到入箱前检查。 \r\n 交期：2011年12月5日/工厂。\r\n       没有经过我司同意无故延期交货造成严重后果的，按照客人的相关要求处理。 \r\n 开票：出货后请将增值税发票、验货报告、合同复印件及出库单一并寄至我司，以便我司安排付款。','','2011-12-20 00:00:00',3,'2011-12-05 00:00:00','待样品确认后方可安排生产','2',NULL,0,NULL,NULL,'ff80808131301abf0131303fe2e40038','0001002','2011-11-25 16:01:28'),('4028817a33d4f8b40133d9bea39b002f','陕西杰信商务发展有限公司','11JK1060','2011-11-25 00:00:00','杨丽','','','152072.00','★   产品与封样无明显差异，唛头、标签及包装质量务必符合公司要求。 \r\n ★★  产品生成前期、中期、后期抽验率不得少于10%，质量和封样一致， \r\n       并将验货照片传回公司。 \r\n★★★ 重点客人的质量标准检验，产品抽验率不得少于50%，务必做到入箱前检查。 \r\n 交期：2011年12月15日/工厂。\r\n       没有经过我司同意无故延期交货造成严重后果的，按照客人的相关要求处理。 \r\n 开票：出货后请将增值税发票、验货报告、合同复印件及出库单一并寄至我司，以便我司安排付款。','COACH HOUSE','2011-12-30 00:00:00',3,'2011-12-15 00:00:00','','2',NULL,0,NULL,NULL,'ff80808131301abf0131303fe2e40038','0001002','2011-12-02 11:41:10'),('4028817a33fc4e280133fd81e7d7001d','陕西杰信商务发展有限公司','11JK1068','2011-10-14 00:00:00','杨丽','','','102711.80','★   产品与封样无明显差异，唛头、标签及包装质量务必符合公司要求。 \r\n ★★  产品生产前期、中期、后期抽验率不得少于10%，质量和封样一致， \r\n       并将验货照片传回公司。 \r\n★★★ 重点客人的质量标准检验，产品抽验率不得少于50%，务必做到入箱前检查。 \r\n 交期：2011年12月15日/工厂。\r\n       没有经过我司同意无故延期交货造成严重后果的，按照客人的相关要求处理。 \r\n 开票：出货后请将增值税发票、验货报告、合同复印件及出库单一并寄至我司，以便我司安排付款。','ELAD','2011-12-30 00:00:00',3,'2011-12-15 00:00:00','','2',NULL,0,NULL,NULL,'ff80808131301abf0131303fe2e40038','0001002','2011-12-02 14:52:22'),('4028817a33fc4e280133fd9f8b4e002f','陕西杰信商务发展有限公司','11JK1072','2011-10-20 00:00:00','杨丽','','','99918.00','★   产品与封样无明显差异，唛头、标签及包装质量务必符合公司要求。 \r\n ★★  产品生产前期、中期、后期抽验率不得少于10%，质量和封样一致， \r\n       并将验货照片传回公司。 \r\n★★★ 重点客人的质量标准检验，产品抽验率不得少于50%，务必做到入箱前检查。 \r\n 交期：2011年12月15日/工厂。\r\n       没有经过我司同意无故延期交货造成严重后果的，按照客人的相关要求处理。 \r\n 开票：出货后请将增值税发票、验货报告、合同复印件及出库单一并寄至我司，以便我司安排付款。','BRISSI','2011-12-30 00:00:00',3,'2011-12-15 00:00:00','','2',NULL,0,NULL,NULL,'ff80808131301abf0131303fe2e40038','0001002','2011-12-02 16:31:28'),('4028817a3420e78a013421a693730001','陕西杰信商务发展有限公司','C/4040/11','2011-12-09 00:00:00','杨丽','','李春光','114640.00','★   产品与封样无明显差异，唛头、标签及包装质量务必符合公司要求。 \r\n ★★  产品生产前期、中期、后期抽验率不得少于10%，质量和封样一致， \r\n       并将验货照片传回公司。 \r\n★★★ 重点客人的质量标准检验，产品抽验率不得少于50%，务必做到入箱前检查。 \r\n 交期：2012年2月15日/工厂。\r\n       没有经过我司同意无故延期交货造成严重后果的，按照客人的相关要求处理。 \r\n 开票：出货后请将增值税发票、验货报告、合同复印件及出库单一并寄至我司，以便我司安排付款。','HOME','2012-02-25 00:00:00',1,'2012-02-15 00:00:00','','2',NULL,1,NULL,NULL,'ff80808131301abf0131303fe2e40038','0001002','2011-12-09 16:16:29'),('4028817a353b8d8e01353d15008d0046','陕西杰信商务发展有限公司','C/4104/11','2012-02-02 00:00:00','杨丽','','','37749.00','★   产品与封样无明显差异，唛头、标签及包装质量务必符合公司要求。 \r\n ★★  产品生产前期、中期、后期抽验率不得少于10%，质量和封样一致， \r\n       并将验货照片传回公司。 \r\n★★★ 重点客人的质量标准检验，产品抽验率不得少于50%，务必做到入箱前检查。 \r\n 交期：2012年2月15日/工厂。 \r\n       没有经过我司同意无故延期交货造成严重后果的，按照客人的相关要求处理。 \r\n 开票：出货后请将增值税发票、验货报告、合同复印件及出库单一并寄至我司，以便我司安排付款。','HOME','2012-02-25 00:00:00',3,'2012-02-15 00:00:00','','2',NULL,1,0,'T/T','ff80808131301abf0131303fe2e40038','0001002','2012-02-02 17:04:16');

/*Table structure for table `contract_product_c` */

DROP TABLE IF EXISTS `contract_product_c`;

CREATE TABLE `contract_product_c` (
  `CONTRACT_PRODUCT_ID` varchar(40) NOT NULL,
  `CONTRACT_ID` varchar(40) default NULL,
  `FACTORY_ID` varchar(40) default NULL,
  `EXPORT_LIST_ID` varchar(40) default NULL,
  `INVOICE_ID` varchar(40) default NULL,
  `PRODUCT_NAME` varchar(200) default NULL,
  `PRODUCT_NO` varchar(50) default NULL,
  `PRODUCT_IMAGE` varchar(200) default NULL,
  `PRODUCT_DESC` varchar(600) default NULL,
  `LOADING_RATE` varchar(30) default NULL COMMENT 'x/y',
  `PACKING_UNIT` varchar(10) default NULL COMMENT 'PCS/SETS',
  `CNUMBER` int(11) default NULL,
  `OUT_NUMBER` int(11) default NULL,
  `FINISHED` bit(1) default NULL,
  `GROSS_WEIGHT` decimal(10,2) default NULL,
  `NET_WEIGHT` decimal(10,2) default NULL,
  `CSIZE` varchar(20) default NULL,
  `SIZE_LENGTH` decimal(10,2) default NULL,
  `SIZE_WIDTH` decimal(10,2) default NULL,
  `SIZE_HEIGHT` decimal(10,2) default NULL,
  `PRODUCT_REQUEST` varchar(2000) default NULL,
  `FACTORY` varchar(200) default NULL,
  `PRICE` decimal(10,2) default NULL,
  `AMOUNT` decimal(10,2) default NULL COMMENT '自动计算: 数量x单价',
  `CUNIT` varchar(10) default NULL,
  `BOX_NUM` int(11) default NULL,
  `EX_PRICE` decimal(10,2) default NULL,
  `EX_AMOUNT` decimal(10,2) default NULL,
  `EX_UNIT` varchar(10) default NULL COMMENT '$/￥',
  `NO_TAX` decimal(10,2) default NULL COMMENT '收购单价',
  `TAX` decimal(10,2) default NULL COMMENT '收购单价',
  `COST_PRICE` decimal(10,2) default NULL COMMENT '自动计算=数量x含税/1.17标准值',
  `COST_TAX` decimal(10,2) default NULL COMMENT '自动计算=数量x含税-收购成本金额',
  `ACCESSORIES` bit(1) default NULL,
  `ORDER_NO` int(11) default NULL,
  PRIMARY KEY  (`CONTRACT_PRODUCT_ID`)
) ENGINE=InnoDB DEFAULT CHARSET=utf8;

/*Data for the table `contract_product_c` */

insert  into `contract_product_c`(`CONTRACT_PRODUCT_ID`,`CONTRACT_ID`,`FACTORY_ID`,`EXPORT_LIST_ID`,`INVOICE_ID`,`PRODUCT_NAME`,`PRODUCT_NO`,`PRODUCT_IMAGE`,`PRODUCT_DESC`,`LOADING_RATE`,`PACKING_UNIT`,`CNUMBER`,`OUT_NUMBER`,`FINISHED`,`GROSS_WEIGHT`,`NET_WEIGHT`,`CSIZE`,`SIZE_LENGTH`,`SIZE_WIDTH`,`SIZE_HEIGHT`,`PRODUCT_REQUEST`,`FACTORY`,`PRICE`,`AMOUNT`,`CUNIT`,`BOX_NUM`,`EX_PRICE`,`EX_AMOUNT`,`EX_UNIT`,`NO_TAX`,`TAX`,`COST_PRICE`,`COST_TAX`,`ACCESSORIES`,`ORDER_NO`) values ('4028817a3357462e0133591b86ec0003','4028817a3357462e0133591b86ec0002','2',NULL,NULL,NULL,'2965','2ba24918-4c3c-4632-8d8a-9d475d5e4d2d.png','全明料糖缸带盖子\r\n尺寸：16X40CM高  底径：11CM\r\n重量不低于1500克/只\r\n1只/上下保利龙盖/彩盒   6只/大箱','1/6','PCS',144,0,'\0',NULL,NULL,NULL,NULL,NULL,NULL,NULL,NULL,'17.00','2448.00',NULL,24,NULL,NULL,NULL,NULL,NULL,NULL,NULL,'\0',2),('4028817a3357462e0133591b86ec0004','4028817a3357462e0133591b86ec0002','2',NULL,NULL,NULL,'2964','ad25929a-27f5-4065-bb9f-6d4788d395ee.png','全明料糖缸带盖子\r\n尺寸：19X48CM高  底径：13.5CM\r\n重量不低于1600克/只\r\n1只/上下保利龙盖/彩盒    4只/大箱','1/4','PCS',144,0,'\0',NULL,NULL,NULL,NULL,NULL,NULL,NULL,NULL,'24.00','3456.00',NULL,36,NULL,NULL,NULL,NULL,NULL,NULL,NULL,'\0',1),('4028817a3357462e0133592355750005','4028817a3357462e0133591b86ec0002','2',NULL,NULL,NULL,'2977','b5480a29-da8c-41e1-b91c-54a9fdb15834.png','全明料圆肚糖缸带盖子\r\n尺寸：16X36CM高    底径：12CM\r\n最大径：22CM    重量不低于1200克/只\r\n1只/上下保利龙盖/彩盒     2只/大箱','1/2','PCS',144,0,'\0',NULL,NULL,NULL,NULL,NULL,NULL,NULL,NULL,'17.00','2448.00',NULL,72,NULL,NULL,NULL,NULL,NULL,NULL,NULL,'\0',4),('4028817a3357462e0133592355750006','4028817a3357462e0133591b86ec0002','2',NULL,NULL,NULL,'2976','af417c8a-e44f-406e-b226-194d8a61df75.png','全明料糖缸带盖子\r\n尺寸：17.5X41CM高   底径：13CM\r\n重量不低于1800克/只\r\n1只/上下保利龙盖/彩盒     4只/大箱','1/4','PCS',144,0,'\0',NULL,NULL,NULL,NULL,NULL,NULL,NULL,NULL,'17.00','2448.00',NULL,36,NULL,NULL,NULL,NULL,NULL,NULL,NULL,'\0',3),('4028817a3357462e01336cc0879b0011','4028817a3357462e01336cc0877b0010','3',NULL,NULL,NULL,'JK1700011','05702b8f-6bda-4bca-9c4d-f15c18f279eb.png','全明料方形黄油缸\r\n尺寸：罩子：7.3X8CM高   盘：6X5CM\r\n1只/内盒       6只/中盒       24只/大箱','24','SETS',504,0,'\0',NULL,NULL,NULL,NULL,NULL,NULL,NULL,NULL,'4.60','2318.40',NULL,21,NULL,NULL,NULL,NULL,NULL,NULL,NULL,'\0',1),('4028817a3357462e01336d3a0be10015','4028817a3357462e01336d3a0be10014','7',NULL,NULL,NULL,'JK1014003','699176d9-c242-42d2-8661-9ce712bba97a.png','全明料盘子，烤鱼白花纸\r\n盘子直径：27CM\r\n2只/五层内盒        16只/大箱\r\n花纸我司提供','2/16','PCS',1200,0,'\0',NULL,NULL,NULL,NULL,NULL,NULL,NULL,NULL,'7.50','9000.00',NULL,75,NULL,NULL,NULL,NULL,NULL,NULL,NULL,'\0',3),('4028817a3357462e01336d3a0be10016','4028817a3357462e01336d3a0be10014','1',NULL,NULL,NULL,'JK1014001','a2ffd39f-18d5-4a6b-89a2-bc91df4926f5.png','全明料大碗，烤鱼白花纸\r\n尺寸：23X11CM高\r\n1只/五层内盒                4只/大箱\r\n花纸我司提供','1/4','PCS',1000,0,'\0',NULL,NULL,NULL,NULL,NULL,NULL,NULL,NULL,'16.50','16500.00',NULL,250,NULL,NULL,NULL,NULL,NULL,NULL,NULL,'\0',2),('4028817a3357462e01336d3a0be10017','4028817a3357462e01336d3a0be10014','1',NULL,NULL,NULL,'JK1014006','edc6f494-cc9f-41f2-a04c-edff659df1af.png','全明料低口杯，烤6种白花纸\r\n尺寸：7.3X10.5CM高\r\n6只/五层内盒         24只/大箱\r\n6种花纸内盒中混装，白花纸我司供','6/24','PCS',1800,0,'\0',NULL,NULL,NULL,NULL,NULL,NULL,NULL,NULL,'5.30','9540.00',NULL,75,NULL,NULL,NULL,NULL,NULL,NULL,NULL,'\0',5),('4028817a3357462e01336d3a0be10018','4028817a3357462e01336d3a0be10014','1',NULL,NULL,NULL,'JK1014005','9ed4ab1e-d425-4b8d-beb3-1fa6dc63d1df.png','全明料低口杯，烤鱼白花纸\r\n尺寸：7.3X10.5CM高\r\n4只/五层内盒       24只/大箱\r\n花纸我司提供','4/24','PCS',1800,0,'\0',NULL,NULL,NULL,NULL,NULL,NULL,NULL,NULL,'5.30','9540.00',NULL,75,NULL,NULL,NULL,NULL,NULL,NULL,NULL,'\0',4),('4028817a3357462e01336d3a0be10019','4028817a3357462e01336d3a0be10014','1',NULL,NULL,NULL,'JK1080766-3','21b5e24a-a58a-4a58-a705-1595faeec581.png','全明料低口杯，烤3种不同的白花纸\r\n尺寸：7.3X10.5CM \r\n3只/五层内盒            24只/大箱\r\n每种花纸600只，3种花纸混装\r\n花纸我司提供','3/24','PCS',1800,0,'\0',NULL,NULL,NULL,NULL,NULL,NULL,NULL,NULL,'5.30','9540.00',NULL,75,NULL,NULL,NULL,NULL,NULL,NULL,NULL,'\0',1),('4028817a3357462e01336d523195001b','4028817a3357462e01336d523195001a','7',NULL,NULL,NULL,'8708/6203','1bab511c-4f4c-4de7-8b65-4ccdcd00a569.png','怪虫小碗，喷紫色，喷漆，喷珠光\r\n直径：18CM\r\n4只/内盒           8只/大箱\r\n白纸，瓦楞纸包裹，大箱用胶带纸工字封口','4/8','PCS',600,0,'\0',NULL,NULL,NULL,NULL,NULL,NULL,NULL,NULL,'6.50','3900.00',NULL,75,NULL,NULL,NULL,NULL,NULL,NULL,NULL,'\0',1),('4028817a3357462e01336d5e8a59001c','4028817a3357462e01336d523195001a','7',NULL,NULL,NULL,'9749/6525','143a4aa8-894d-4226-a461-eac712567360.png','怪虫碗，喷绿色，喷漆，喷珠光\r\n直径：18CM\r\n4只/内盒            8只/大箱\r\n白纸，瓦楞纸包装\r\n大箱用胶带纸工字封口；','4/8','PCS',600,0,'\0',NULL,NULL,NULL,NULL,NULL,NULL,NULL,NULL,'6.50','3900.00',NULL,75,NULL,NULL,NULL,NULL,NULL,NULL,NULL,'\0',6),('4028817a3357462e01336d5e8a59001d','4028817a3357462e01336d523195001a','7',NULL,NULL,NULL,'9226/6116','fcf3f5a9-a405-4f33-abb9-f317c60f1453.png','海星盘，喷绿色，喷漆，喷珠光\r\n直径：31CM\r\n4只/内盒             8只/大箱\r\n白纸包装，中间垫隔板\r\n大箱用胶带纸工字封口；','4/8','PCS',408,0,'\0',NULL,NULL,NULL,NULL,NULL,NULL,NULL,NULL,'11.00','4488.00',NULL,51,NULL,NULL,NULL,NULL,NULL,NULL,NULL,'\0',3),('4028817a3357462e01336d5e8a59001e','4028817a3357462e01336d523195001a','7',NULL,NULL,NULL,'9748/6115','657ac46a-bd23-4a2d-9abe-c552a8fc3727.png','海星盘，喷蓝色，喷漆，喷珠光\r\n直径：31CM\r\n4只/内盒            8只/大箱\r\n白纸包裹，中间垫隔板\r\n大箱用胶带纸工字封口；','4/8','PCS',408,0,'\0',NULL,NULL,NULL,NULL,NULL,NULL,NULL,NULL,'11.00','4488.00',NULL,51,NULL,NULL,NULL,NULL,NULL,NULL,NULL,'\0',5),('4028817a3357462e01336d5e8a59001f','4028817a3357462e01336d523195001a','7',NULL,NULL,NULL,'9956/6308','1ca7fc1c-aad2-4f1e-8c3b-9a1009e22c04.png','竹节碗，喷蓝色，喷漆，喷珠光\r\n直径：31CM\r\n4只/内盒            8只/大箱\r\n白纸，瓦楞纸包裹\r\n大箱用胶带纸工字封口','4/8','PCS',408,0,'\0',NULL,NULL,NULL,NULL,NULL,NULL,NULL,NULL,'11.50','4692.00',NULL,51,NULL,NULL,NULL,NULL,NULL,NULL,NULL,'\0',9),('4028817a3357462e01336d5e8a590020','4028817a3357462e01336d523195001a','7',NULL,NULL,NULL,'9954/6309','1e15e517-af2a-45c9-8c1e-1f1b592f5f79.png','竹节碗，喷绿色，喷漆，喷珠光\r\n直径：31CM\r\n4只/内盒            8只/大箱\r\n白纸，瓦楞纸包裹\r\n大箱用胶带纸工字封口','4/8','PCS',408,0,'\0',NULL,NULL,NULL,NULL,NULL,NULL,NULL,NULL,'11.50','4692.00',NULL,51,NULL,NULL,NULL,NULL,NULL,NULL,NULL,'\0',7),('4028817a3357462e01336d5e8a590021','4028817a3357462e01336d523195001a','7',NULL,NULL,NULL,'8709/6204','1a6770a7-033c-4b98-9e2a-60cd2a5081c3.png','怪虫小碗，喷蓝色，喷漆，喷珠光\r\n直径：18CM\r\n4只/内盒          8只/大箱\r\n白纸，瓦楞纸包装，大箱用胶带纸工字封口；','4/8','PCS',600,0,'\0',NULL,NULL,NULL,NULL,NULL,NULL,NULL,NULL,'6.50','3900.00',NULL,75,NULL,NULL,NULL,NULL,NULL,NULL,NULL,'\0',2),('4028817a3357462e01336d5e8a590022','4028817a3357462e01336d523195001a','7',NULL,NULL,NULL,'9955/6105','15c6d6ad-3608-4d73-83f3-23f605123b90.png','竹节碗，喷紫色，喷漆，喷珠光\r\n直径：31CM\r\n4只/内盒            8只/大箱\r\n白纸，瓦楞纸包裹\r\n大箱用胶带纸工字封口；','4/8','PCS',408,0,'\0',NULL,NULL,NULL,NULL,NULL,NULL,NULL,NULL,'11.50','4692.00',NULL,51,NULL,NULL,NULL,NULL,NULL,NULL,NULL,'\0',8),('4028817a3357462e01336d5e8a590023','4028817a3357462e01336d523195001a','7',NULL,NULL,NULL,'9227/6092','0ffed7a5-6fd6-4b36-9387-7108bb408fdf.png','海星盘，喷紫色，喷漆，喷珠光\r\n直径：30CM\r\n4只/内盒            8只/大箱\r\n包装包裹，中间垫隔板\r\n大箱用胶带纸工字封口','4/8','PCS',408,0,'\0',NULL,NULL,NULL,NULL,NULL,NULL,NULL,NULL,'11.00','4488.00',NULL,51,NULL,NULL,NULL,NULL,NULL,NULL,NULL,'\0',4),('4028817a33812ffd0133813f25a30002','4028817a33812ffd0133813f25940001','4',NULL,NULL,NULL,'4993','3feb6071-7835-48b6-beca-e54202221c3b.png','全明料死模风灯，电镀花银喷绿色 \r\n明料挺底\r\n尺寸：11.5X20.3CM\r\n1只/五层内盒      12只/大箱\r\n电镀喷色我司安排','1/12','PCS',300,0,'\0',NULL,NULL,NULL,NULL,NULL,NULL,NULL,NULL,'8.50','2550.00',NULL,25,NULL,NULL,NULL,NULL,NULL,NULL,NULL,'\0',1),('4028817a33812ffd0133813f25a30003','4028817a33812ffd0133813f25940001','4',NULL,NULL,NULL,'4994','56ada31d-acfc-4261-b28d-8be65ba2a21e.png','全明料死模风灯，电镀花银喷蓝色\r\n明料挺底\r\n尺寸：11.5X20.3CM\r\n1只/五层内盒     12只/大箱\r\n电镀喷色我司安排','1/12','PCS',300,0,'\0',NULL,NULL,NULL,NULL,NULL,NULL,NULL,NULL,'8.50','2550.00',NULL,25,NULL,NULL,NULL,NULL,NULL,NULL,NULL,'\0',2),('4028817a33812ffd0133813f25a30004','4028817a33812ffd0133813f25940001','4',NULL,NULL,NULL,'4995','9eb0c66c-d682-4f19-b89a-1a4808da5456.png','全明料死模风灯，电镀花银喷紫色\r\n明料挺底\r\n尺寸：11.5X20.3CM\r\n1只/五层内盒      12只/大箱\r\n电镀喷色我司安排','1/12','PCS',300,0,'\0',NULL,NULL,NULL,NULL,NULL,NULL,NULL,NULL,'8.50','2550.00',NULL,25,NULL,NULL,NULL,NULL,NULL,NULL,NULL,'\0',3),('4028817a33812ffd0133816aacc40005','4028817a33812ffd0133813f25940001','2',NULL,NULL,NULL,'9868','ba10c6b0-34b7-4911-a45c-cc282cf8072d.png','全明料喇叭底糖缸配盖子\r\n尺寸：16X40CM高\r\n1只/上中下泡沫垫/内盒  2只/大箱\r\n泡沫垫工厂供，入内盒\r\n大箱用胶带纸工字封口','1/2','PCS',600,0,'\0',NULL,NULL,NULL,NULL,NULL,NULL,NULL,NULL,'16.00','9600.00',NULL,300,NULL,NULL,NULL,NULL,NULL,NULL,NULL,'\0',27),('4028817a33812ffd0133816aacc40006','4028817a33812ffd0133813f25940001','7',NULL,NULL,NULL,'5099','d38c8874-e641-4c59-9f6d-eb07df231d44.png','全明料钻石蛋糕盘粘底座\r\n喷蓝色，喷漆\r\n尺寸：23X11.5CM高\r\n1只/五层内盒     4只/大箱','1/4','PCS',300,0,'\0',NULL,NULL,NULL,NULL,NULL,NULL,NULL,NULL,'11.00','3300.00',NULL,75,NULL,NULL,NULL,NULL,NULL,NULL,NULL,'\0',9),('4028817a33812ffd0133816aacc40007','4028817a33812ffd0133813f25940001','4028817a33d4f8b40133d9989f5e0024',NULL,NULL,NULL,'5094','662d9320-a8b7-4957-8d73-e4560e12e0e7.png','全明料冰花风灯，粘电镀底座  \r\n尺寸：15.8X32CM高\r\n1只/五层内盒     6只/五层大箱','1/6','PCS',300,0,'\0',NULL,NULL,NULL,NULL,NULL,NULL,NULL,NULL,'14.50','4350.00',NULL,50,NULL,NULL,NULL,NULL,NULL,NULL,NULL,'\0',7),('4028817a33812ffd0133816aacc40008','4028817a33812ffd0133813f25940001','2',NULL,NULL,NULL,'5189','a2a503a3-f0cd-49b4-b05c-8ea55ecbe2bf.png','全明料竖棱风灯，粘电镀底座\r\n底座由我司提供\r\n尺寸：20X35CM高\r\n1只/上下泡沫垫/内盒  4只/大箱\r\n保利龙垫工厂供','1/4','PCS',300,0,'\0',NULL,NULL,NULL,NULL,NULL,NULL,NULL,NULL,'14.00','4200.00',NULL,75,NULL,NULL,NULL,NULL,NULL,NULL,NULL,'\0',12),('4028817a33812ffd0133816aacc40009','4028817a33812ffd0133813f25940001','4',NULL,NULL,NULL,'5331','1b211d97-1def-49c6-90a8-8097bbd07f68.png','全明料死模风灯，电镀花银喷绿色\r\n\r\n尺寸：17X23CM高\r\n1只/五层内盒      6只/大箱\r\n电镀喷色我司安排','1/6','PCS',300,0,'\0',NULL,NULL,NULL,NULL,NULL,NULL,NULL,NULL,'11.50','3450.00',NULL,50,NULL,NULL,NULL,NULL,NULL,NULL,NULL,'\0',13),('4028817a33812ffd0133816aacc4000a','4028817a33812ffd0133813f25940001','4028817a33d4f8b40133d9989f5e0024',NULL,NULL,NULL,'5095','7b5d7395-40b4-45ad-9c42-c7050e232448.png','全明料冰花风灯，粘明料底座 \r\n尺寸：15.8X32CM高\r\n1只/五层内盒    6只/五层大箱','1/6','PCS',300,0,'\0',NULL,NULL,NULL,NULL,NULL,NULL,NULL,NULL,'14.00','4200.00',NULL,50,NULL,NULL,NULL,NULL,NULL,NULL,NULL,'\0',8),('4028817a33812ffd0133816aacd4000b','4028817a33812ffd0133813f25940001','2',NULL,NULL,NULL,'843MA','c0229e90-0a5b-438d-8b07-4acd238b142b.png','全明料喇叭底糖缸，带盖子	\r\n盖子：10CMX10.3CM高 壁厚3MM	\r\n身子：11.2X31.7CM(全高） 底径12CM	\r\n壁厚不小于3MM  重量：950克	\r\n1只/上下保利龙垫/内盒   4只/大箱	\r\n保利龙垫工厂提供	\r\n大箱用胶带纸工字封口','1/4','PCS',600,0,'\0',NULL,NULL,NULL,NULL,NULL,NULL,NULL,NULL,'16.00','9600.00',NULL,150,NULL,NULL,NULL,NULL,NULL,NULL,NULL,'\0',21),('4028817a33812ffd0133816aacd4000c','4028817a33812ffd0133813f25940001','4',NULL,NULL,NULL,'4997','0fdad1e1-452c-4ae4-a354-49688bd41778.png','全明料死模风灯，电镀花银喷蓝色	\r\n明料挺底	\r\n尺寸：11.5X30.5CM	\r\n1只/五层内盒      6只/大箱	\r\n电镀喷色我司安排','1/6','PCS',300,0,'\0',NULL,NULL,NULL,NULL,NULL,NULL,NULL,NULL,'10.50','3150.00',NULL,50,NULL,NULL,NULL,NULL,NULL,NULL,NULL,'\0',5),('4028817a33812ffd0133816aacd4000d','4028817a33812ffd0133813f25940001','4',NULL,NULL,NULL,'4996','7ae6c20e-0f57-4fab-9e40-22d1a486e943.png','全明料死模风灯，电镀花银喷绿色\r\n明料挺底\r\n尺寸：11.5X30.5CM高\r\n1只/五层内盒      6只/大箱\r\n电镀喷色我司安排','1/6','PCS',300,0,'\0',NULL,NULL,NULL,NULL,NULL,NULL,NULL,NULL,'10.50','3150.00',NULL,50,NULL,NULL,NULL,NULL,NULL,NULL,NULL,'\0',4),('4028817a33812ffd0133816aacd4000e','4028817a33812ffd0133813f25940001','2',NULL,NULL,NULL,'600MA','958fe4fb-db40-4977-bf2e-2c2db29d65f3.png','全明料蛋糕盘+罩子,磨口抛光\r\n蛋糕罩子尺寸：17.5X15.5CM高\r\n蛋糕盘子尺寸：19.2X18CM高\r\n1只/上下保利龙垫/内盒   4只/大箱\r\n保丽龙垫工厂提供，大箱用胶带纸工字封口','1/4','SETS',600,0,'\0',NULL,NULL,NULL,NULL,NULL,NULL,NULL,NULL,'18.00','10800.00',NULL,150,NULL,NULL,NULL,NULL,NULL,NULL,NULL,'\0',17),('4028817a33812ffd0133816aacd4000f','4028817a33812ffd0133813f25940001','2',NULL,NULL,NULL,'602MA','624ab3d2-12f3-4dd8-b438-c03a3018b170.png','全明平光蛋糕盘+罩子,磨口抛光\r\n蛋糕罩子尺寸：17.5X15.5CM高\r\n蛋糕盘子尺寸：19.2X28CM高\r\n1只/上下保利龙垫/内盒  2只/大箱\r\n保利龙垫工厂提供\r\n大箱用胶带纸工字封口','1/2','SETS',600,0,'\0',NULL,NULL,NULL,NULL,NULL,NULL,NULL,NULL,'19.00','11400.00',NULL,300,NULL,NULL,NULL,NULL,NULL,NULL,NULL,'\0',18),('4028817a33812ffd0133816aacd40010','4028817a33812ffd0133813f25940001','2',NULL,NULL,NULL,'8759','f92f57f8-65de-42be-9814-bad100059d23.png','全明料竖棱糖缸配盖子\r\n尺寸：16.5X40CM高\r\n1只/上中下泡沫垫/内盒  2只/大箱\r\n\r\n泡沫垫工厂供，大箱用胶带工字封口','1/2','PCS',600,0,'\0',NULL,NULL,NULL,NULL,NULL,NULL,NULL,NULL,'15.00','9000.00',NULL,300,NULL,NULL,NULL,NULL,NULL,NULL,NULL,'\0',25),('4028817a33812ffd0133816aacd40011','4028817a33812ffd0133813f25940001','2',NULL,NULL,NULL,'6998','3be8121c-867d-4745-bebf-3844e6a05589.png','全明料蛋糕盘+蛋糕罩 \r\n盘子沿电镀，罩子上珠描白金。\r\n尺寸：6-1/2\" X 12-1/2\" CM H\r\n1只/上中下泡沫垫/内盒  4只/大箱\r\n产品用中上下泡沫垫包装入内盒，\r\n大箱用胶带纸工字封口。电镀我司安排，泡沫垫工厂提供。\r\n盘子请于12月25日送祁县喜福来厂电镀','1/4','SETS',300,0,'\0',NULL,NULL,NULL,NULL,NULL,NULL,NULL,NULL,'19.00','5700.00',NULL,75,NULL,NULL,NULL,NULL,NULL,NULL,NULL,'\0',20),('4028817a33812ffd0133816aacd40012','4028817a33812ffd0133813f25940001','2',NULL,NULL,NULL,'5118','635cdf31-8e48-45f3-886c-5fffd532175b.png','全明料蛋糕盘+罩子\r\n罩子上烤白金字母花纸（SWEETS)\r\n盘子口径16.4CM\r\n罩子尺寸：15X13CM  全高：26.7CM\r\n1套/上下保利龙垫/五层内盒 4套/大箱\r\n花纸我司供，保利龙垫工厂供','1/4','SETS',300,0,'\0',NULL,NULL,NULL,NULL,NULL,NULL,NULL,NULL,'16.00','4800.00',NULL,75,NULL,NULL,NULL,NULL,NULL,NULL,NULL,'\0',11),('4028817a33812ffd0133816aacd40013','4028817a33812ffd0133813f25940001','7',NULL,NULL,NULL,'8708','39b3ac6f-fb30-4b37-8fff-a07fb88aef15.png','怪虫小碗，喷紫色，喷漆，喷珠光\r\n尺寸：18CX9CM高\r\n4只/内盒           8只/大箱 \r\n白纸，瓦楞纸包裹','1/8','PCS',600,0,'\0',NULL,NULL,NULL,NULL,NULL,NULL,NULL,NULL,'6.50','3900.00',NULL,75,NULL,NULL,NULL,NULL,NULL,NULL,NULL,'\0',23),('4028817a33812ffd0133816aacd40014','4028817a33812ffd0133813f25940001','4',NULL,NULL,NULL,'5336','466ba3d1-94b5-44ca-92c9-98631bf3b92b.png','全明料死模风灯，电镀花银喷绿色	\r\n 	\r\n尺寸：14.5X20CM高	\r\n1只/五层内盒      12只/大箱	\r\n电镀喷色我司安排','1/12','PCS',300,0,'\0',NULL,NULL,NULL,NULL,NULL,NULL,NULL,NULL,'8.00','2400.00',NULL,25,NULL,NULL,NULL,NULL,NULL,NULL,NULL,'\0',14),('4028817a33812ffd0133816aacd40015','4028817a33812ffd0133813f25940001','4',NULL,NULL,NULL,'5337','78ff069b-327e-488e-a629-b76bed0efb98.png','全明料死模风灯，电镀花银喷蓝色\r\n\r\n尺寸：14.5X20CM高\r\n1只/五层内盒      12只/大箱\r\n电镀喷色我司安排','1/12','PCS',300,0,'\0',NULL,NULL,NULL,NULL,NULL,NULL,NULL,NULL,'8.00','2400.00',NULL,25,NULL,NULL,NULL,NULL,NULL,NULL,NULL,'\0',15),('4028817a33812ffd0133816aacd40016','4028817a33812ffd0133813f25940001','2',NULL,NULL,NULL,'603MA','ea12f8ba-afc1-4651-bc10-432c85fcb091.png','全明平光蛋糕盘+罩子,磨口抛光\r\n蛋糕罩子尺寸：17.5X15.5CM高\r\n蛋糕盘子尺寸：19.2X38CM高\r\n此单数量出自C/1440/11\r\n1只/上下保利龙垫/内盒  2只/大箱\r\n保丽龙垫工厂提供，大箱用胶带纸工字封口','1/2','SETS',600,0,'\0',NULL,NULL,NULL,NULL,NULL,NULL,NULL,NULL,'20.00','12000.00',NULL,300,NULL,NULL,NULL,NULL,NULL,NULL,NULL,'\0',19),('4028817a33812ffd0133816aacd40017','4028817a33812ffd0133813f25940001','2',NULL,NULL,NULL,'5117','4f7fdc19-c276-47da-aced-5cec4e02be08.png','全明料蛋糕盘+罩子\r\n罩上烤白金字母花纸（SWEETS)\r\n罩子尺寸：15X13CM高\r\n盘子尺寸：16.4X27CM高\r\n1套/上下保利龙垫/五层内盒\r\n4套/大箱\r\n花纸我司供','1/4','SETS',300,0,'\0',NULL,NULL,NULL,NULL,NULL,NULL,NULL,NULL,'17.00','5100.00',NULL,75,NULL,NULL,NULL,NULL,NULL,NULL,NULL,'\0',10),('4028817a33812ffd0133816aacd40018','4028817a33812ffd0133813f25940001','4',NULL,NULL,NULL,'5400','3b810117-19c6-446e-886f-d3b2fd5ba411.png','全明料死模风灯，电镀花银喷蓝色\r\n \r\n尺寸：17X23CM高\r\n1只/五层内盒      6只/大箱\r\n电镀喷色我司安排','1/6','PCS',300,0,'\0',NULL,NULL,NULL,NULL,NULL,NULL,NULL,NULL,'11.50','3450.00',NULL,50,NULL,NULL,NULL,NULL,NULL,NULL,NULL,'\0',16),('4028817a33812ffd0133816aacd40019','4028817a33812ffd0133813f25940001','4',NULL,NULL,NULL,'4998','0c400655-fb24-4781-aae1-eaa30e31ad4c.png','全明料死模风灯，电镀花银喷紫色\r\n明料挺底\r\n尺寸：11.5X30.5CM\r\n1只/五层内盒      6只/大箱\r\n电镀喷色我司安排','1/6','PCS',300,0,'\0',NULL,NULL,NULL,NULL,NULL,NULL,NULL,NULL,'10.50','3150.00',NULL,50,NULL,NULL,NULL,NULL,NULL,NULL,NULL,'\0',6),('4028817a33812ffd0133816aacd4001a','4028817a33812ffd0133813f25940001','2',NULL,NULL,NULL,'8760','2aaba753-e5d2-4c42-badf-cc16acf81d2b.png','全明料竖棱糖缸配盖子\r\n尺寸：16.5X51CM高\r\n\r\n1只/上中下泡沫垫/内盒  2只/大箱\r\n泡沫垫工厂供，大箱用胶带工字封口','1/2','PCS',600,0,'\0',NULL,NULL,NULL,NULL,NULL,NULL,NULL,NULL,'16.00','9600.00',NULL,300,NULL,NULL,NULL,NULL,NULL,NULL,NULL,'\0',26),('4028817a33812ffd0133816aacd4001b','4028817a33812ffd0133813f25940001','2',NULL,NULL,NULL,'844MA','6f6f097f-ae83-4ecb-80c6-ec1e93353985.png','全明料糖缸带盖子\r\n盖子：9.3X13.3CM高 壁厚3MM\r\n身子：10.5X28.4CM(全高)\r\n底径：13CM   壁厚不小于3MM\r\n1只/上下保利龙垫/内盒 4只/大箱\r\n保利龙垫工厂提供，大箱用胶带纸工字封口','1/4','PCS',600,0,'\0',NULL,NULL,NULL,NULL,NULL,NULL,NULL,NULL,'16.00','9600.00',NULL,150,NULL,NULL,NULL,NULL,NULL,NULL,NULL,'\0',22),('4028817a33812ffd0133816aacd4001c','4028817a33812ffd0133813f25940001','2',NULL,NULL,NULL,'9869','be81bc6b-610b-45fa-bb8b-5156d8de9d52.png','全明料喇叭底糖缸配盖子\r\n尺寸：19X40CM高\r\n1只/上中下泡沫垫/内盒  2只/大箱\r\n泡沫垫工厂供， \r\n大箱用胶带纸工字封口','1/2','PCS',600,0,'\0',NULL,NULL,NULL,NULL,NULL,NULL,NULL,NULL,'16.00','9600.00',NULL,300,NULL,NULL,NULL,NULL,NULL,NULL,NULL,'\0',28),('4028817a33812ffd0133816aacd4001d','4028817a33812ffd0133813f25940001','7',NULL,NULL,NULL,'8709','d33ee976-4d35-4990-ae41-eebee8989f5a.png','怪虫小碗，喷蓝色，喷漆，喷珠光\r\n尺寸：18CMX9CM高\r\n4只/内盒          8只/大箱','1/8','PCS',600,0,'\0',NULL,NULL,NULL,NULL,NULL,NULL,NULL,NULL,'6.50','3900.00',NULL,75,NULL,NULL,NULL,NULL,NULL,NULL,NULL,'\0',24),('4028817a33812ffd013382048ff80025','4028817a33812ffd013382048ff80024','1',NULL,NULL,NULL,'20-37-264/JK1051087','ef1348ed-d11c-4acf-ae57-4a0600e4ff0f.png','全明料蛋糕盘+罩子\r\n罩子烤蒙砂白花纸，花纸我司供\r\n尺寸：12.3X22.5CM高\r\n1只/五层内盒       12只/大箱','1/12','SETS',1200,0,'\0',NULL,NULL,NULL,NULL,NULL,NULL,NULL,NULL,'9.50','11400.00',NULL,100,NULL,NULL,NULL,NULL,NULL,NULL,NULL,'\0',1),('4028817a33812ffd013382048ff80026','4028817a33812ffd013382048ff80024','1',NULL,NULL,NULL,'20-37-265/JK1050163','e96667ee-d5e9-43d1-bac0-758593c56629.png','全明料蛋糕盘+罩子\r\n罩子烤蒙砂白花纸，花纸我司供\r\n尺寸：13.5X29.5CM高\r\n1只/五层内盒       6只/大箱','1/6','SETS',1200,0,'\0',NULL,NULL,NULL,NULL,NULL,NULL,NULL,NULL,'11.00','13200.00',NULL,200,NULL,NULL,NULL,NULL,NULL,NULL,NULL,'\0',2),('4028817a33812ffd013382048ff80027','4028817a33812ffd013382048ff80024','1',NULL,NULL,NULL,'20-37-266/JK1050164','6b8d7276-1de9-40d8-9cf8-dabc7a8d853d.png','全明料蛋糕盘+罩子\r\n罩子烤蒙砂白花纸，花纸我司供\r\n尺寸：14.5X33CM高\r\n1只/五层内盒       6只/大箱','1/6','SETS',1200,0,'\0',NULL,NULL,NULL,NULL,NULL,NULL,NULL,NULL,'13.00','15600.00',NULL,200,NULL,NULL,NULL,NULL,NULL,NULL,NULL,'\0',3),('4028817a33812ffd0133821a8eb5002c','4028817a33812ffd0133821a8eb5002b','1',NULL,NULL,NULL,'JK110102','e4df38d5-f0d9-4f91-99c6-240addaa36a3.png','全明料平光蛋糕罩配钻石盘子\r\n罩子上粘小鸟，小鸟和钻石盘我司供\r\n罩子尺寸：26X36CM高\r\n1套/上下保利龙盖/内盒\r\n2套/大箱\r\n保利龙垫工厂供','1/2','SETS',150,0,'\0',NULL,NULL,NULL,NULL,NULL,NULL,NULL,NULL,'32.00','4800.00',NULL,75,NULL,NULL,NULL,NULL,NULL,NULL,NULL,'\0',2),('4028817a33812ffd0133821a8eb5002d','4028817a33812ffd0133821a8eb5002b','1',NULL,NULL,NULL,'JK110101','bfd61df4-61b5-492c-b11c-7d19b63f5cf1.png','全明料平光蛋糕罩配钻石盘子\r\n罩子上粘小鸟，小鸟和钻石盘我司供\r\n罩子尺寸：20X20.5CM高\r\n1套/上下保利龙盖/内盒\r\n4套/大箱\r\n保利龙垫工厂供','1/4','SETS',152,0,'\0',NULL,NULL,NULL,NULL,NULL,NULL,NULL,NULL,'22.00','3344.00',NULL,38,NULL,NULL,NULL,NULL,NULL,NULL,NULL,'\0',1),('4028817a33d4f8b40133d9878e88000e','4028817a33d4f8b40133d9878e88000d','13',NULL,NULL,NULL,'JK1060019/11990','undefined','全明料密直棱低口杯\r\n尺寸：9X10.5CM高\r\n4只/五层内盒            24只/大箱','4/24','PCS',696,0,'\0',NULL,NULL,NULL,NULL,NULL,NULL,NULL,NULL,'5.00','3480.00',NULL,29,NULL,NULL,NULL,NULL,NULL,NULL,NULL,'\0',6),('4028817a33d4f8b40133d9878e88000f','4028817a33d4f8b40133d9878e88000d','13',NULL,NULL,NULL,'JK103134/11989','undefined','全明料密直棱香槟杯\r\n尺寸：9X21CM高\r\n4只/五层内盒            16只/大箱','4/16','PCS',832,0,'\0',NULL,NULL,NULL,NULL,NULL,NULL,NULL,NULL,'6.00','4992.00',NULL,52,NULL,NULL,NULL,NULL,NULL,NULL,NULL,'\0',7),('4028817a33d4f8b40133d9878e880010','4028817a33d4f8b40133d9878e88000d','1',NULL,NULL,NULL,'JK1050152/11306','undefined','全明料酒杯，口部描1CM白金边\r\n尺寸：7X26CM高\r\n4只/五层内盒           16只/大箱','4/16','PCS',608,0,'\0',NULL,NULL,NULL,NULL,NULL,NULL,NULL,NULL,'8.50','5168.00',NULL,38,NULL,NULL,NULL,NULL,NULL,NULL,NULL,'\0',1),('4028817a33d4f8b40133d9878e880011','4028817a33d4f8b40133d9878e88000d','2',NULL,NULL,NULL,'JK103233/11301','undefined','全明料糖缸配盖子，糖缸刻钻石描亮油\r\n尺寸：11X30.5CM高\r\n1只/五层内盒        12只/大箱','1/12','PCS',12,0,'\0',NULL,NULL,NULL,NULL,NULL,NULL,NULL,NULL,'18.00','216.00',NULL,12,NULL,NULL,NULL,NULL,NULL,NULL,NULL,'\0',11),('4028817a33d4f8b40133d9878e880012','4028817a33d4f8b40133d9878e88000d','1',NULL,NULL,NULL,'JK1050068/11314','undefined','全明料马丁尼，口部描1CM白金边\r\n尺寸：12X19CM高\r\n4只/五层内盒           16只/大箱','4/16','PCS',608,0,'\0',NULL,NULL,NULL,NULL,NULL,NULL,NULL,NULL,'11.20','6809.60',NULL,38,NULL,NULL,NULL,NULL,NULL,NULL,NULL,'\0',3),('4028817a33d4f8b40133d9878e880013','4028817a33d4f8b40133d9878e88000d','2',NULL,NULL,NULL,'JK1050317/12006','undefined','全明料糖缸配盖子，糖缸刻交叉麦穗花\r\n尺寸：10.5X14CM高\r\n1只/五层内盒          12只/大箱','1/12','PCS',168,0,'\0',NULL,NULL,NULL,NULL,NULL,NULL,NULL,NULL,'9.50','1596.00',NULL,14,NULL,NULL,NULL,NULL,NULL,NULL,NULL,'\0',9),('4028817a33d4f8b40133d9878e880014','4028817a33d4f8b40133d9878e88000d','2',NULL,NULL,NULL,'JK169340/13076','undefined','全明料蛋糕罩配盘子，罩子烤白花纸\r\n尺寸：25X26CM高\r\n1套/上下保丽龙垫/内盒    2套/大箱\r\n白花纸我司供','1/2','SETS',464,0,'\0',NULL,NULL,NULL,NULL,NULL,NULL,NULL,NULL,'36.00','16704.00',NULL,232,NULL,NULL,NULL,NULL,NULL,NULL,NULL,'\0',8),('4028817a33d4f8b40133d9878e880015','4028817a33d4f8b40133d9878e88000d','2',NULL,NULL,NULL,'JK1050316/12005','undefined','全明料糖缸配盖子，糖缸刻交叉麦穗花\r\n尺寸：15X15CM高\r\n1只/五层内盒        6只/大箱','1/6','PCS',162,0,'\0',NULL,NULL,NULL,NULL,NULL,NULL,NULL,NULL,'12.50','2025.00',NULL,27,NULL,NULL,NULL,NULL,NULL,NULL,NULL,'\0',10),('4028817a33d4f8b40133d9878e880016','4028817a33d4f8b40133d9878e88000d','2',NULL,NULL,NULL,'JK1050201/12078','undefined','全明料蛋糕罩配盘子，罩子上烤花纸\r\n罩子尺寸：15X11.5CM高\r\n盘子尺寸：16X13CM高\r\n全高：22CM\r\n1套/上下保丽龙垫/内盒     6套/大箱','1/6','SETS',204,0,'\0',NULL,NULL,NULL,NULL,NULL,NULL,NULL,NULL,'18.00','3672.00',NULL,34,NULL,NULL,NULL,NULL,NULL,NULL,NULL,'\0',4),('4028817a33d4f8b40133d9878e880017','4028817a33d4f8b40133d9878e88000d','1',NULL,NULL,NULL,'JK1050154/11308','undefined','全明料香槟杯，口部描1CM白金边\r\n尺寸：5X29CM高\r\n4只/五层内盒           16只/大箱','4/16','PCS',704,0,'\0',NULL,NULL,NULL,NULL,NULL,NULL,NULL,NULL,'7.50','5280.00',NULL,44,NULL,NULL,NULL,NULL,NULL,NULL,NULL,'\0',2),('4028817a33d4f8b40133d9878e880018','4028817a33d4f8b40133d9878e88000d','13',NULL,NULL,NULL,'JK103136/11988','undefined','全明料密直棱酒杯，底厚要求5MM\r\n尺寸：9X17.5CM高\r\n4只/五层内盒            16只/大箱','4/16','PCS',928,0,'\0',NULL,NULL,NULL,NULL,NULL,NULL,NULL,NULL,'6.30','5846.40',NULL,58,NULL,NULL,NULL,NULL,NULL,NULL,NULL,'\0',5),('4028817a33d4f8b40133d991a50d001a','4028817a33d4f8b40133d991a50d0019','ff808081301885760130189e47ca0013',NULL,NULL,NULL,'JK1040446/JK446','undefined','全明料糖缸配盖子，普通底\r\n尺寸：16.5X50CM高\r\n1只/上下保丽龙垫/白盒\r\n2只/大箱\r\n保丽龙垫工厂供','1/2','PCS',600,0,'\0',NULL,NULL,NULL,NULL,NULL,NULL,NULL,NULL,'25.00','15000.00',NULL,300,NULL,NULL,NULL,NULL,NULL,NULL,NULL,'\0',7),('4028817a33d4f8b40133d991a50d001b','4028817a33d4f8b40133d991a50d0019','2',NULL,NULL,NULL,'JK1040364/JK364','undefined','全明料糖缸配盖子\r\n尺寸：19X39CM高\r\n1只/上下保丽龙垫/白盒\r\n2只/大箱\r\n保丽龙工厂供','1/2','PCS',600,0,'\0',NULL,NULL,NULL,NULL,NULL,NULL,NULL,NULL,'25.00','15000.00',NULL,300,NULL,NULL,NULL,NULL,NULL,NULL,NULL,'\0',6),('4028817a33d4f8b40133d991a50d001c','4028817a33d4f8b40133d991a50d0019','2',NULL,NULL,NULL,'JK1050316/JK316','undefined','全明料糖缸，刻麦穗花不描亮油。\r\n盖子电镀，电镀我司安排。\r\n尺寸：15X15CM 高\r\n1只/白盒    6只/大箱\r\n产品用白纸、瓦纸、气泡纸包装入白盒，入大箱。大箱用胶带纸工字封口。\r\n白盒我司供','1/6','PCS',600,0,'\0',NULL,NULL,NULL,NULL,NULL,NULL,NULL,NULL,'12.00','7200.00',NULL,100,NULL,NULL,NULL,NULL,NULL,NULL,NULL,'\0',2),('4028817a33d4f8b40133d991a50d001d','4028817a33d4f8b40133d991a50d0019','1',NULL,NULL,NULL,'JK1050166/JK166','undefined','全明料糖缸，刻花不描亮油。\r\n尺寸：12.5X26.5CM高\r\n1只/白盒    6只/大箱\r\n产品用白纸、瓦纸、气泡纸包装入白盒，入大箱。大箱用胶带纸工字封口。\r\n白盒我司供','1/6','PCS',600,0,'\0',NULL,NULL,NULL,NULL,NULL,NULL,NULL,NULL,'16.00','9600.00',NULL,100,NULL,NULL,NULL,NULL,NULL,NULL,NULL,'\0',1),('4028817a33d4f8b40133d991a50d001e','4028817a33d4f8b40133d991a50d0019','4',NULL,NULL,NULL,'JK103694/JK694','undefined','套6全明料死模低口杯\r\n尺寸：8X12.5CM高\r\n1套/白盒    4套/大箱\r\n产品用白纸、瓦纸、气泡纸包装入白盒，入大箱。大箱用胶带纸工字封口。\r\n白盒我司供','1/4','SETS',480,0,'\0',NULL,NULL,NULL,NULL,NULL,NULL,NULL,NULL,'24.00','11520.00',NULL,120,NULL,NULL,NULL,NULL,NULL,NULL,NULL,'\0',4),('4028817a33d4f8b40133d991a50d001f','4028817a33d4f8b40133d991a50d0019','ff808081301885760130189e47ca0013',NULL,NULL,NULL,'JK103956/JK956','undefined','全明料蛋糕罩配盘子\r\n盘子我司安排\r\n罩子尺寸：33X14X15\r\n1套/保丽龙/五层内盒  2套/大箱\r\n2011年11月15日送天顺厂','1/2','SETS',480,0,'\0',NULL,NULL,NULL,NULL,NULL,NULL,NULL,NULL,'27.00','12960.00',NULL,240,NULL,NULL,NULL,NULL,NULL,NULL,NULL,'\0',5),('4028817a33d4f8b40133d991a50d0020','4028817a33d4f8b40133d991a50d0019','4',NULL,NULL,NULL,'JK103693/JK693','undefined','套6全明料死模低口杯\r\n尺寸：7.3X10.5CM高\r\n1套/白盒    8套/大箱\r\n产品用白纸、瓦纸、气泡纸包装入白盒，入大箱。大箱用胶带纸工字封口。\r\n白盒我司供','1/8','SETS',184,0,'\0',NULL,NULL,NULL,NULL,NULL,NULL,NULL,NULL,'21.00','3864.00',NULL,23,NULL,NULL,NULL,NULL,NULL,NULL,NULL,'\0',3),('4028817a33d4f8b40133d9be557b0029','4028817a33d4f8b40133d991a50d0019','9',NULL,NULL,NULL,'J859101549/JK549','','全明料蛋糕盘\r\n尺寸：直径33.5CM\r\n2只/五层内盒    8只/大箱','2/8','PCS',1200,0,'\0',NULL,NULL,NULL,NULL,NULL,NULL,NULL,NULL,'10.00','12000.00',NULL,150,NULL,NULL,NULL,NULL,NULL,NULL,NULL,'\0',12),('4028817a33d4f8b40133d9be557b002a','4028817a33d4f8b40133d991a50d0019','4028817a33d4f8b40133d9989f5e0024',NULL,NULL,NULL,'JK1060338/JK338','','全明料机压直棱糖缸\r\n尺寸：15.5X15.5CM 高\r\n1只/白盒  12只/五层大箱\r\n白盒我司供','1/12','PCS',2400,0,'\0',NULL,NULL,NULL,NULL,NULL,NULL,NULL,NULL,'7.15','17160.00',NULL,200,NULL,NULL,NULL,NULL,NULL,NULL,NULL,'\0',8),('4028817a33d4f8b40133d9be557b002b','4028817a33d4f8b40133d991a50d0019','9',NULL,NULL,NULL,'JK103209/JK209','','全明料2层钻石蛋糕盘，配喷塑铁架\r\n铁架我司供\r\n大盘尺寸：33X2.5CM\r\n小盘尺寸：21X2.5CM\r\n1套/内盒    6套/大箱','1/6','SETS',1200,0,'\0',NULL,NULL,NULL,NULL,NULL,NULL,NULL,NULL,'13.00','15600.00',NULL,200,NULL,NULL,NULL,NULL,NULL,NULL,NULL,'\0',11),('4028817a33d4f8b40133d9be557b002c','4028817a33d4f8b40133d991a50d0019','9',NULL,NULL,NULL,'JK1031007-LP/JK007/1','','全明料钻石蛋糕盘，粘底座\r\n尺寸：30X11.5CM高\r\n1只/白盒    4只/大箱\r\n白盒我司供','1/4','PCS',600,0,'\0',NULL,NULL,NULL,NULL,NULL,NULL,NULL,NULL,'10.50','6300.00',NULL,150,NULL,NULL,NULL,NULL,NULL,NULL,NULL,'\0',13),('4028817a33d4f8b40133d9be557b002d','4028817a33d4f8b40133d991a50d0019','1',NULL,NULL,NULL,'JK1050128/JK0128','','全明料三层糖缸，刻麦穗花\r\n尺寸：12X22.5CM\r\n1套/白盒    8套/大箱\r\n产品用白纸、瓦纸、气泡纸包装入白盒，入大箱。大箱用胶带纸工字封口。\r\n白盒我司供','1/8','SETS',600,0,'\0',NULL,NULL,NULL,NULL,NULL,NULL,NULL,NULL,'18.50','11100.00',NULL,75,NULL,NULL,NULL,NULL,NULL,NULL,NULL,'\0',9),('4028817a33d4f8b40133d9be557b002e','4028817a33d4f8b40133d991a50d0019','2',NULL,NULL,NULL,'JK103176/JK176','','全明料糖缸，刻花，不带盖子\r\n尺寸：20X14.5CM高\r\n1只/白盒    4只/大箱\r\n产品用白纸、瓦纸、气泡纸包装入白盒，入大箱。大箱用胶带纸工字封口。\r\n白盒我司供','1/4','PCS',480,0,'\0',NULL,NULL,NULL,NULL,NULL,NULL,NULL,NULL,'18.50','8880.00',NULL,120,NULL,NULL,NULL,NULL,NULL,NULL,NULL,'\0',10),('4028817a33d4f8b40133d9bea39b0030','4028817a33d4f8b40133d9bea39b002f','1',NULL,NULL,NULL,'JK1050806/JK032','undefined','套6全明料香槟杯，电镀渐变色\r\n尺寸：5.7X25CM高\r\n1套/五层内盒           4套/大箱','1/4','SETS',320,0,'\0',NULL,NULL,NULL,NULL,NULL,NULL,NULL,NULL,'31.80','10176.00',NULL,80,NULL,NULL,NULL,NULL,NULL,NULL,NULL,'\0',6),('4028817a33d4f8b40133d9bea39b0031','4028817a33d4f8b40133d9bea39b002f','4',NULL,NULL,NULL,'JK045/JK1060426','undefined','套6紫色碗明挺底香槟杯\r\n尺寸：8X17CM高\r\n1套/五层内盒          4套/大箱','1/4','SETS',240,0,'\0',NULL,NULL,NULL,NULL,NULL,NULL,NULL,NULL,'33.60','8064.00',NULL,60,NULL,NULL,NULL,NULL,NULL,NULL,NULL,'\0',9),('4028817a33d4f8b40133d9bea39b0032','4028817a33d4f8b40133d9bea39b002f','1',NULL,NULL,NULL,'JK1050807/JK033','undefined','套6全明料酒杯，电镀渐变色\r\n尺寸：8X24CM高\r\n1套/五层内盒          2套/大箱','1/2','SETS',300,0,'\0',NULL,NULL,NULL,NULL,NULL,NULL,NULL,NULL,'34.80','10440.00',NULL,150,NULL,NULL,NULL,NULL,NULL,NULL,NULL,'\0',7),('4028817a33d4f8b40133d9bea39b0033','4028817a33d4f8b40133d9bea39b002f','4028817a33d4f8b40133d9989f5e0024',NULL,NULL,NULL,'JK040/JK1060338','undefined','全明料机压竖棱糖缸\r\n尺寸：15.5X15.5CM\r\n1只/内盒           12只/大箱\r\n白纸，瓦楞纸包装','1/12','PCS',3000,0,'\0',NULL,NULL,NULL,NULL,NULL,NULL,NULL,NULL,'8.04','24120.00',NULL,250,NULL,NULL,NULL,NULL,NULL,NULL,NULL,'\0',3),('4028817a33d4f8b40133d9bea39b0034','4028817a33d4f8b40133d9bea39b002f','4',NULL,NULL,NULL,'JK044/JK1060425','undefined','套6紫色碗明挺底红酒杯\r\n尺寸：8X20CM高\r\n1套/五层内盒           4套/大箱','1/4','SETS',240,0,'\0',NULL,NULL,NULL,NULL,NULL,NULL,NULL,NULL,'34.80','8352.00',NULL,60,NULL,NULL,NULL,NULL,NULL,NULL,NULL,'\0',8),('4028817a33d4f8b40133d9bea39b0035','4028817a33d4f8b40133d9bea39b002f','1',NULL,NULL,NULL,'JK019/J859100824','undefined','套4全明料酒杯，口部描2.5CM宽白金边\r\n尺寸：8.4X22CM高\r\n1套/五层内盒     4套/大箱','1/4','SETS',320,0,'\0',NULL,NULL,NULL,NULL,NULL,NULL,NULL,NULL,'58.00','18560.00',NULL,80,NULL,NULL,NULL,NULL,NULL,NULL,NULL,'\0',2),('4028817a33d4f8b40133d9bea39b0036','4028817a33d4f8b40133d9bea39b002f','1',NULL,NULL,NULL,'JK018/J859100826','undefined','套4全明料香槟杯，口部描2.5CM宽白金边\r\n尺寸：4.7X26.5CM高\r\n1套/五层内盒         6套/大箱','1/6','SETS',300,0,'\0',NULL,NULL,NULL,NULL,NULL,NULL,NULL,NULL,'40.00','12000.00',NULL,50,NULL,NULL,NULL,NULL,NULL,NULL,NULL,'\0',1),('4028817a33d4f8b40133d9bea39b0037','4028817a33d4f8b40133d9bea39b002f','3',NULL,NULL,NULL,'JK041/JK1060339','undefined','全明料蒙古包糖缸\r\n尺寸：9X11CM高\r\n1只/五层内盒          24只/大箱\r\n白纸，瓦楞纸包装','1/24','PCS',3000,0,'\0',NULL,NULL,NULL,NULL,NULL,NULL,NULL,NULL,'4.00','12000.00',NULL,125,NULL,NULL,NULL,NULL,NULL,NULL,NULL,'\0',4),('4028817a33d4f8b40133d9bea39b0038','4028817a33d4f8b40133d9bea39b002f','1',NULL,NULL,NULL,'JK020/J859100825','undefined','套4全明料马丁尼，口部描2.5CM白金边\r\n尺寸：11.8X20CM高\r\n1套/五层内盒           4套/大箱','1/4','SETS',300,0,'\0',NULL,NULL,NULL,NULL,NULL,NULL,NULL,NULL,'70.00','21000.00',NULL,75,NULL,NULL,NULL,NULL,NULL,NULL,NULL,'\0',5),('4028817a33f7960d0133f8d912ba0005','4028817a33812ffd0133821a8eb5002b','9',NULL,NULL,NULL,'JK110102','','全明料钻石盘子\r\n盘子尺寸：29.5X11.5CM\r\n安全包装送祁县宏艺厂','1/2','PCS',150,0,'\0',NULL,NULL,NULL,NULL,NULL,NULL,NULL,NULL,'10.00','1500.00',NULL,38,NULL,NULL,NULL,NULL,NULL,NULL,NULL,'\0',3),('4028817a33f7960d0133f8d912ba0006','4028817a33812ffd0133821a8eb5002b','9',NULL,NULL,NULL,'JK110101','','全明料钻石盘子\r\n盘子尺寸：23X11.5CM\r\n安全包装送祁县宏艺厂','1/4','PCS',152,0,'\0',NULL,NULL,NULL,NULL,NULL,NULL,NULL,NULL,'8.50','1292.00',NULL,38,NULL,NULL,NULL,NULL,NULL,NULL,NULL,'\0',4),('4028817a33fc4e280133fcdb13f4000e','4028817a33d4f8b40133d9bea39b002f','1',NULL,NULL,NULL,'JK052/JK1070691','','套4全明料马丁尼\r\n尺寸：12.5X19.5CM高\r\n1套/五层内盒          4套/大箱','1/4','SETS',300,0,'\0',NULL,NULL,NULL,NULL,NULL,NULL,NULL,NULL,'30.00','9000.00',NULL,75,NULL,NULL,NULL,NULL,NULL,NULL,NULL,'\0',12),('4028817a33fc4e280133fcdb13f4000f','4028817a33d4f8b40133d9bea39b002f','5',NULL,NULL,NULL,'JK050/JK1070690','','套4全明料白酒杯，钻石挺\r\n尺寸：8.6X23CM高\r\n1套/五层内盒            4套/大箱','1/4','SETS',300,0,'\0',NULL,NULL,NULL,NULL,NULL,NULL,NULL,NULL,'23.20','6960.00',NULL,75,NULL,NULL,NULL,NULL,NULL,NULL,NULL,'\0',11),('4028817a33fc4e280133fcdb13f40010','4028817a33d4f8b40133d9bea39b002f','2',NULL,NULL,NULL,'JK046/JK1050201','','全明料蛋糕盘+罩子\r\n罩子上烤蒙砂白花纸\r\n距口部1CM处，花纸我司供\r\n罩子：15X11CM高   重量不低于485克/只\r\n盘子：16X23.3CM高    底径：11.8CM\r\n重量不低于645克/只   全高：32CM\r\n1套/上中下保利龙垫/内盒      6套/大箱\r\n保利龙垫工厂供','1/6','SETS',600,0,'\0',NULL,NULL,NULL,NULL,NULL,NULL,NULL,NULL,'19.00','11400.00',NULL,100,NULL,NULL,NULL,NULL,NULL,NULL,NULL,'\0',10),('4028817a33fc4e280133fd81e7d7001e','4028817a33fc4e280133fd81e7d7001d','2',NULL,NULL,NULL,'169280','','全明料蛋糕盘+罩子	\r\n距离罩子口部3CM烤字母花纸	\r\n 	\r\n罩子尺寸：22X15CM 壁厚3MM	\r\n盘子尺寸：24X20.8CM高 壁厚3.5CM  	\r\n底径：13.5CM  沿高：3CM 	\r\n1只/上中下保丽龙垫/五层内盒 	\r\n2只/大箱','1/2','SETS',100,0,'\0',NULL,NULL,NULL,NULL,NULL,NULL,NULL,NULL,'32.00','3200.00',NULL,50,NULL,NULL,NULL,NULL,NULL,NULL,NULL,'\0',10),('4028817a33fc4e280133fd81e7d7001f','4028817a33fc4e280133fd81e7d7001d','1',NULL,NULL,NULL,'J859102682/113860','','全明料糖缸，烤字母白花纸\r\nSTORAGE ONLY\r\n尺寸：9.5X23CM高 最大径：14.5CM\r\n1只/五层内盒       6只/大箱\r\n花纸我司供','1/6','PCS',300,0,'\0',NULL,NULL,NULL,NULL,NULL,NULL,NULL,NULL,'16.00','4800.00',NULL,50,NULL,NULL,NULL,NULL,NULL,NULL,NULL,'\0',5),('4028817a33fc4e280133fd81e7d70020','4028817a33fc4e280133fd81e7d7001d','4',NULL,NULL,NULL,'JK1080435','','全明料球形瓶子，刻花，描亮油\r\n\r\n尺寸:9.5X10.5CM（不含喷头高）  \r\n底径：5.5CM\r\n1只/五层内盒    24只/五层大箱','1/24','PCS',1008,0,'\0',NULL,NULL,NULL,NULL,NULL,NULL,NULL,NULL,'9.00','9072.00',NULL,42,NULL,NULL,NULL,NULL,NULL,NULL,NULL,'\0',4),('4028817a33fc4e280133fd81e7d70021','4028817a33fc4e280133fd81e7d7001d','2',NULL,NULL,NULL,'123540','','全明料蛋糕盘子+罩子\r\n罩子上烤字母（HIGH TEA）花纸\r\n盘子尺寸：19.3X28CM高\r\n罩子尺寸：17X15.5CM高\r\n1只/上中下保利龙垫/五层内盒 \r\n4只/大箱','1/4','SETS',100,0,'\0',NULL,NULL,NULL,NULL,NULL,NULL,NULL,NULL,'22.00','2200.00',NULL,25,NULL,NULL,NULL,NULL,NULL,NULL,NULL,'\0',9),('4028817a33fc4e280133fd81e7d70022','4028817a33fc4e280133fd81e7d7001d','3',NULL,NULL,NULL,'JK1052446/158080','','全明料酒壶，杯身烤白色字母花纸\r\n \r\n尺寸：7.8X22.5CM高  1400克/只\r\n1只/五层内盒    6只/五层大箱\r\n花纸我司安排','1/6','PCS',702,0,'\0',NULL,NULL,NULL,NULL,NULL,NULL,NULL,NULL,'16.50','11583.00',NULL,117,NULL,NULL,NULL,NULL,NULL,NULL,NULL,'\0',6),('4028817a33fc4e280133fd81e7d70023','4028817a33fc4e280133fd81e7d7001d','ff808081301885760130189e47ca0013',NULL,NULL,NULL,'62145','','全明料蛋糕罩子\r\n\r\n尺寸：30.3X11.5X15CM\r\n1只/五层内盒    8只/大箱','1/8','PCS',504,0,'\0',NULL,NULL,NULL,NULL,NULL,NULL,NULL,NULL,'27.00','13608.00',NULL,63,NULL,NULL,NULL,NULL,NULL,NULL,NULL,'\0',2),('4028817a33fc4e280133fd81e7d70024','4028817a33fc4e280133fd81e7d7001d','ff808081301885760130189e47ca0013',NULL,NULL,NULL,'62146/F-57','','全明料蛋糕罩子，刻麦穗花\r\n\r\n尺寸：30.3X11.5X15CM\r\n1只/五层内盒    8只/大箱','1/8','PCS',504,0,'\0',NULL,NULL,NULL,NULL,NULL,NULL,NULL,NULL,'28.50','14364.00',NULL,63,NULL,NULL,NULL,NULL,NULL,NULL,NULL,'\0',3),('4028817a33fc4e280133fd81e7d70025','4028817a33fc4e280133fd81e7d7001d','ff808081301885760130189e47ca0013',NULL,NULL,NULL,'JKF081342/62180','','全明料蛋糕罩子+盘子\r\n盘子我司安排\r\n尺寸：30.3X11.5X15CM\r\n1套/保丽龙/内盒    4套/大箱','1/4','SETS',652,0,'\0',NULL,NULL,NULL,NULL,NULL,NULL,NULL,NULL,'27.00','17604.00',NULL,163,NULL,NULL,NULL,NULL,NULL,NULL,NULL,'\0',1),('4028817a33fc4e280133fd81e7d70026','4028817a33fc4e280133fd81e7d7001d','1',NULL,NULL,NULL,'JK10501218/160380','','全明料糖缸带盖子，糖缸身上烤\r\n白色字母花纸\r\n尺寸：12.5X22.5CM高\r\n\r\n1套/五层内盒     12套/大箱\r\n花纸我司供','1/12','PCS',600,0,'\0',NULL,NULL,NULL,NULL,NULL,NULL,NULL,NULL,'15.00','9000.00',NULL,50,NULL,NULL,NULL,NULL,NULL,NULL,NULL,'\0',8),('4028817a33fc4e280133fd81e7d70027','4028817a33fc4e280133fd81e7d7001d','1',NULL,NULL,NULL,'JK1040009/141760','','全明料三层糖缸，烤字母花纸\r\n花纸我司安排\r\n尺寸：16.5X40CM高\r\n1套/五层内盒     2套/五层大箱\r\n花纸具体位置见我司封样','1/2','PCS',300,0,'\0',NULL,NULL,NULL,NULL,NULL,NULL,NULL,NULL,'35.00','10500.00',NULL,150,NULL,NULL,NULL,NULL,NULL,NULL,NULL,'\0',7),('4028817a33fc4e280133fd89fcc00028','4028817a33fc4e280133fd81e7d7001d','7',NULL,NULL,NULL,'JKF081342/62180','','全明料蛋糕盘配罩子\r\n罩子由文水志远厂提供\r\n尺寸：33X13.5CM高\r\n1套/保丽龙/五层内盒 4套/大箱\r\n保丽龙由我司提供\r\n内盒，大箱由文水志远厂提供','1/4','SETS',652,0,'\0',NULL,NULL,NULL,NULL,NULL,NULL,NULL,NULL,'10.40','6780.80',NULL,163,NULL,NULL,NULL,NULL,NULL,NULL,NULL,'\0',11),('4028817a33fc4e280133fd9f8b4e0030','4028817a33fc4e280133fd9f8b4e002f','15',NULL,NULL,NULL,'JK1040158/12068','','明料灯宫细转棱蜡台\r\n\r\n尺寸：6X26CM高\r\n4只/三层内盒      16只/大箱','4/16','PCS',400,0,'\0',NULL,NULL,NULL,NULL,NULL,NULL,NULL,NULL,'9.70','3880.00',NULL,25,NULL,NULL,NULL,NULL,NULL,NULL,NULL,'\0',4),('4028817a33fc4e280133fd9f8b4e0031','4028817a33fc4e280133fd9f8b4e002f','2',NULL,NULL,NULL,'JK1050317/12006','','明料糖缸配明料盖子\r\n缸身刻交叉麦穗花\r\n尺寸：10.5X14CM高\r\n1只/五层内盒     12只/五层大箱','1/12','PCS',504,0,'\0',NULL,NULL,NULL,NULL,NULL,NULL,NULL,NULL,'9.50','4788.00',NULL,42,NULL,NULL,NULL,NULL,NULL,NULL,NULL,'\0',3),('4028817a33fc4e280133fd9f8b4e0032','4028817a33fc4e280133fd9f8b4e002f','2',NULL,NULL,NULL,'JK1050316/12005','','明料糖缸配明料盖子\r\n缸身刻交叉麦穗花\r\n尺寸：15X15CM高\r\n1只/五层内盒      6只/五层大箱','1/6','PCS',348,0,'\0',NULL,NULL,NULL,NULL,NULL,NULL,NULL,NULL,'12.50','4350.00',NULL,58,NULL,NULL,NULL,NULL,NULL,NULL,NULL,'\0',2),('4028817a33fc4e280133fd9f8b4e0033','4028817a33fc4e280133fd9f8b4e002f','2',NULL,NULL,NULL,'JK103233/11301','','全明料糖缸刻钻石，描亮油\r\n尺寸：11X30.5CM高\r\n1只/五层内盒    12只/大箱','1/12','PCS',408,0,'\0',NULL,NULL,NULL,NULL,NULL,NULL,NULL,NULL,'18.00','7344.00',NULL,34,NULL,NULL,NULL,NULL,NULL,NULL,NULL,'\0',1),('4028817a33fc4e280133fdb370c00034','4028817a33812ffd0133813f25940001','7',NULL,NULL,NULL,'9749','','怪虫小碗喷绿色，喷漆，喷珠光\r\n尺寸：18X9CM高\r\n4只/内盒             8只/大箱','4/8','PCS',304,0,'\0',NULL,NULL,NULL,NULL,NULL,NULL,NULL,NULL,'6.50','1976.00',NULL,38,NULL,NULL,NULL,NULL,NULL,NULL,NULL,'\0',29),('4028817a33fc4e280133fdb370cf0035','4028817a33812ffd0133813f25940001','7',NULL,NULL,NULL,'9749','','怪虫小碗喷绿色，喷漆，喷珠光\r\n尺寸：18X9CM高\r\n4只/内盒             8只/大箱','4/8','PCS',304,0,'\0',NULL,NULL,NULL,NULL,NULL,NULL,NULL,NULL,'6.50','1976.00',NULL,38,NULL,NULL,NULL,NULL,NULL,NULL,NULL,'\0',30),('4028817a33fc4e280133fdb370df0036','4028817a33812ffd0133813f25940001','7',NULL,NULL,NULL,'9749','','怪虫小碗喷绿色，喷漆，喷珠光\r\n尺寸：18X9CM高\r\n4只/内盒             8只/大箱','4/8','PCS',304,0,'\0',NULL,NULL,NULL,NULL,NULL,NULL,NULL,NULL,'6.50','1976.00',NULL,38,NULL,NULL,NULL,NULL,NULL,NULL,NULL,'\0',31),('4028817a33fc4e280133fde6504f0037','4028817a33fc4e280133fd9f8b4e002f','2',NULL,NULL,NULL,'JK1050201/12078','','全明料蛋糕罩配盘子,罩子上烤蒙砂白花纸\r\n盘子尺寸：16X13CM高\r\n罩子尺寸：15X11.5CM高\r\n全高：22CM  花纸我司供\r\n1套/保利龙垫/五层内盒\r\n6套/大箱  保利龙垫工厂供','1/6','PCS',402,0,'\0',NULL,NULL,NULL,NULL,NULL,NULL,NULL,NULL,'18.00','7236.00',NULL,67,NULL,NULL,NULL,NULL,NULL,NULL,NULL,'\0',5),('4028817a33fc4e280133fde6504f0038','4028817a33fc4e280133fd9f8b4e002f','13',NULL,NULL,NULL,'JK1050198/12860','','全明料酒杯，\r\n距口部1.5CM烤蒙砂白花纸\r\n尺寸：11X19CM高\r\n4只/五层内盒       16只/大箱\r\n花纸我司供','4/16','PCS',400,0,'\0',NULL,NULL,NULL,NULL,NULL,NULL,NULL,NULL,'6.50','2600.00',NULL,25,NULL,NULL,NULL,NULL,NULL,NULL,NULL,'\0',7),('4028817a33fc4e280133fde6504f0039','4028817a33fc4e280133fd9f8b4e002f','2',NULL,NULL,NULL,'JK169340/13076','','全明料蛋糕罩配盘子，罩子上烤蒙砂白花纸		\r\n尺寸：25X26CM高		\r\n1套/保利龙垫/五层内盒		\r\n2套/大箱	此款样品确认后方可生产大货	\r\n花纸我司供，保利龙垫工厂提供','1/2','SETS',200,0,'\0',NULL,NULL,NULL,NULL,NULL,NULL,NULL,NULL,'36.00','7200.00',NULL,100,NULL,NULL,NULL,NULL,NULL,NULL,NULL,'\0',8),('4028817a33fc4e280133fde6504f003a','4028817a33fc4e280133fd9f8b4e002f','ff808081301885760130189e47ca0013',NULL,NULL,NULL,'JK1400002/13077','','全明料竖棱酒壶，磨口抛光\r\n不可有碰口，棱要明显\r\n尺寸：10X24.5CM高\r\n1只/五层内盒   4只/大箱','1/4','PCS',1200,0,'\0',NULL,NULL,NULL,NULL,NULL,NULL,NULL,NULL,'13.00','15600.00',NULL,300,NULL,NULL,NULL,NULL,NULL,NULL,NULL,'\0',9),('4028817a33fc4e280133fde6504f003b','4028817a33fc4e280133fd9f8b4e002f','15',NULL,NULL,NULL,'JK5100005-F/13079','','全明料竖棱香槟杯\r\n尺寸：5.5X24.5CM高\r\n4只/三层内盒     24只/大箱','4/24','PCS',1200,0,'\0',NULL,NULL,NULL,NULL,NULL,NULL,NULL,NULL,'10.00','12000.00',NULL,50,NULL,NULL,NULL,NULL,NULL,NULL,NULL,'\0',11),('4028817a33fc4e280133fde6504f003c','4028817a33fc4e280133fd9f8b4e002f','13',NULL,NULL,NULL,'JK1050195/12859','','全明料香槟杯\r\n距口部1.5CM烤蒙砂白花纸\r\n尺寸：8X21CM高\r\n4只/五层内盒       16只/大箱\r\n花纸我司供','4/16','PCS',400,0,'\0',NULL,NULL,NULL,NULL,NULL,NULL,NULL,NULL,'6.00','2400.00',NULL,25,NULL,NULL,NULL,NULL,NULL,NULL,NULL,'\0',6),('4028817a33fc4e280133fde6504f003d','4028817a33fc4e280133fd9f8b4e002f','15',NULL,NULL,NULL,'JK5100004/13078','','全明料直棱酒杯\r\n尺寸：9.5X18.5CM高\r\n4只/三层内盒      16只/大箱','4/16','PCS',1200,0,'\0',NULL,NULL,NULL,NULL,NULL,NULL,NULL,NULL,'8.80','10560.00',NULL,75,NULL,NULL,NULL,NULL,NULL,NULL,NULL,'\0',10),('4028817a33fc4e280133fde6504f003e','4028817a33fc4e280133fd9f8b4e002f','15',NULL,NULL,NULL,'JK5300006/13080','','全明料竖棱糖缸，盖子上带圆头\r\n尺寸：9X8CM高\r\n1只/三层内盒     48只/大箱','1/48','PCS',1200,0,'\0',NULL,NULL,NULL,NULL,NULL,NULL,NULL,NULL,'8.50','10200.00',NULL,25,NULL,NULL,NULL,NULL,NULL,NULL,NULL,'\0',12),('4028817a33fc4e280133fde6504f003f','4028817a33fc4e280133fd9f8b4e002f','15',NULL,NULL,NULL,'JK5300007/13081','','全明料竖棱糖缸，盖子上带圆头\r\n尺寸：9X12CM高\r\n1只/三层内盒     24只/大箱','1/24','PCS',1200,0,'\0',NULL,NULL,NULL,NULL,NULL,NULL,NULL,NULL,'9.80','11760.00',NULL,50,NULL,NULL,NULL,NULL,NULL,NULL,NULL,'\0',13),('4028817a3420e78a013421a693820002','4028817a3420e78a013421a693730001','4',NULL,NULL,NULL,'4995','c7801815-993e-43f0-8ac5-d5d788f34e74.png','全明料死模风灯，电镀花银喷紫色\r\n明料挺底，电镀喷色我司安排\r\n尺寸：11.5X20.3CM\r\n1只/五层内盒      12只/大箱\r\n白纸，瓦楞纸，气泡纸包裹\r\n1月30日送祁县瑞成电镀厂电镀','1/12','PCS',300,300,'','8.00','6.00',NULL,'44.00','29.00','50.00',NULL,NULL,'8.50','2550.00',NULL,25,'1.80',NULL,NULL,NULL,NULL,NULL,NULL,'\0',3),('4028817a3420e78a013421a693820003','4028817a3420e78a013421a693730001','4',NULL,NULL,NULL,'4994','ae3e208e-8037-41dc-89d3-6727d1403c4c.png','全明料死模风灯，电镀花银喷浅海蓝\r\n明料挺底,电镀喷色我司安排\r\n尺寸：11.5X20.3CM\r\n1只/五层内盒     12只/大箱\r\n白纸，瓦楞纸，汽泡纸包装\r\n1月30日送祁县瑞成厂电镀','1/12','PCS',300,300,'','8.00','6.00',NULL,'44.00','29.00','50.00',NULL,NULL,'8.50','2550.00',NULL,25,'1.80',NULL,NULL,NULL,NULL,NULL,NULL,'\0',2),('4028817a3420e78a013421a693820004','4028817a3420e78a013421a693730001','4',NULL,NULL,NULL,'4996','09b2983e-67b1-4f42-b6ec-0efa99b90cae.png','全明料死模风灯，电镀花银喷浅绿色\r\n明料挺底，电镀喷色我司安排\r\n尺寸：11.5X30.5CM高\r\n1只/五层内盒      6只/大箱\r\n白纸，瓦楞纸，汽泡纸包裹\r\n1月30日送祁县瑞成电镀厂电镀','1/6','PCS',300,300,'','9.00','7.00',NULL,'44.00','29.00','38.00',NULL,NULL,'10.50','3150.00',NULL,50,'2.20',NULL,NULL,NULL,NULL,NULL,NULL,'\0',4),('4028817a3420e78a013421a693820005','4028817a3420e78a013421a693730001','2',NULL,NULL,NULL,'5118','d2f2ab57-ca50-43ff-87fd-9b6b38d14adc.png','全明料蛋糕盘+罩子	\r\n罩子上烤白金字母花纸（SWEETS)	\r\n盘子口径16.4CM	\r\n罩子尺寸：15X13CM  全高：26.7CM	\r\n1套/上下保利龙垫/五层内盒 4套/大箱	\r\n花纸我司供，保利龙垫工厂供','1/4','SETS',300,300,'','6.00','4.00',NULL,'42.00','42.00','27.00',NULL,NULL,'16.00','4800.00',NULL,75,'3.60',NULL,NULL,NULL,NULL,NULL,NULL,'\0',14),('4028817a3420e78a013421a693820006','4028817a3420e78a013421a693730001','4',NULL,NULL,NULL,'4993','49a9221c-aa5d-42a6-997c-9671c69ebb96.png','全明料死模风灯，电镀花银喷浅绿色 	\r\n明料挺底，电镀喷色我司安排\r\n尺寸：11.5X20.3CM	\r\n1只/五层内盒      12只/大箱\r\n白纸，瓦楞纸，汽泡纸包裹\r\n1月30日送祁县瑞成电镀厂电镀','1/12','PCS',300,300,'','8.00','6.00',NULL,'44.00','29.00','50.00',NULL,NULL,'8.50','2550.00',NULL,25,'1.80',NULL,NULL,NULL,NULL,NULL,NULL,'\0',1),('4028817a3420e78a013421a693820007','4028817a3420e78a013421a693730001','2',NULL,NULL,NULL,'5117','94744a94-9215-425c-8d7c-e6c27b74d47a.png','全明料蛋糕盘+罩子	\r\n罩上烤白金字母花纸（SWEETS)	\r\n罩子尺寸：15X13CM高	\r\n盘子尺寸：16.4X27CM高	\r\n1套/上下保利龙垫/五层内盒	\r\n4套/大箱	保利龙垫工厂提供\r\n花纸我司供','1/4','SETS',300,300,'','6.00','4.00',NULL,'42.00','42.00','37.50',NULL,NULL,'17.00','5100.00',NULL,75,'3.85',NULL,NULL,NULL,NULL,NULL,NULL,'\0',13),('4028817a3420e78a013421a693820008','4028817a3420e78a013421a693730001','4028817a33d4f8b40133d9989f5e0024',NULL,NULL,NULL,'5086','f9c8b767-01c1-47a1-816c-4203c229f765.png','全明料冰花风灯，电镀花银喷绿色\r\n尺寸：12.5X20CM高\r\n1只/五层内盒    6只/五层大箱\r\n白纸，瓦楞纸，汽泡纸包裹','1/6','PCS',300,300,'','7.00','5.00',NULL,'56.00','36.00','24.00',NULL,NULL,'13.00','3900.00',NULL,50,'2.50',NULL,NULL,NULL,NULL,NULL,NULL,'\0',10),('4028817a3420e78a013421a693820009','4028817a3420e78a013421a693730001','1',NULL,NULL,NULL,'5190','b0d362a3-2044-4bb8-ad61-0d6228e94110.png','全明料平光蛋糕罩配钻石盘子\r\n罩子上粘小鸟，小鸟和钻石盘我司供\r\n罩子尺寸：20X20.5CM高\r\n1套/上下保利龙盖/内盒\r\n4套/大箱\r\n保利龙垫工厂供','1/4','SETS',100,100,'','8.00','6.00',NULL,'57.00','56.00','29.00',NULL,NULL,'22.00','2200.00',NULL,25,'6.40',NULL,NULL,NULL,NULL,NULL,NULL,'\0',16),('4028817a3420e78a013421a69382000a','4028817a3420e78a013421a693730001','9',NULL,NULL,NULL,'5190','de8f61ab-0ce5-4e66-862f-acc66140d77f.png','全明料钻石蛋糕盘粘底座\r\n \r\n尺寸：23X11.5CM高\r\n安全包装送祁县宏艺厂','1/4','PCS',100,100,'',NULL,NULL,NULL,NULL,NULL,NULL,NULL,NULL,'8.50','850.00',NULL,25,NULL,NULL,NULL,NULL,NULL,NULL,NULL,'\0',17),('4028817a3420e78a013421a69382000b','4028817a3420e78a013421a693730001','4028817a33d4f8b40133d9989f5e0024',NULL,NULL,NULL,'5084','4afac9ad-6f75-4186-95e2-0f3c992fd0a8.png','全明料冰花风灯，电镀花银喷蓝色\r\n尺寸：10X17.5CM高\r\n1只/五层内盒    12只/五层大箱\r\n白纸，瓦楞纸，汽泡纸包裹','1/12','PCS',300,300,'','7.00','5.00',NULL,'46.00','31.00','42.00',NULL,NULL,'11.50','3450.00',NULL,25,'2.05',NULL,NULL,NULL,NULL,NULL,NULL,'\0',8),('4028817a3420e78a013421a69382000c','4028817a3420e78a013421a693730001','4028817a33d4f8b40133d9989f5e0024',NULL,NULL,NULL,'5085','11799ce4-7d8a-451b-8838-6b01f804b8ff.png','全明料冰花风灯，电镀花银喷紫色\r\n尺寸：10X17.5CM高\r\n1只/五层内盒     12只/五层大箱\r\n白纸，瓦楞纸，汽泡纸包裹','1/12','PCS',300,300,'','7.00','5.00',NULL,'46.00','31.00','42.00',NULL,NULL,'11.50','3450.00',NULL,25,'2.05',NULL,NULL,NULL,NULL,NULL,NULL,'\0',9),('4028817a3420e78a013421a69382000d','4028817a3420e78a013421a693730001','7',NULL,NULL,NULL,'5144','978f44fd-492c-4209-8b4a-6dd58539a14f.png','全明料钻石蛋糕盘粘底座\r\n喷绿色，喷漆，喷珠光\r\n尺寸：23X11.5CM高\r\n1只/五层内盒      4只/大箱\r\n白纸，瓦楞纸，气泡纸包裹','1/4','PCS',100,100,'','5.50','3.50',NULL,'50.00','26.00','28.00',NULL,NULL,'11.00','1100.00',NULL,25,'2.10',NULL,NULL,NULL,NULL,NULL,NULL,'\0',15),('4028817a3420e78a013421a69382000e','4028817a3420e78a013421a693730001','4',NULL,NULL,NULL,'4998','4c8991c6-227e-4c31-bcf7-539fd002cd12.png','全明料死模风灯，电镀花银喷紫色\r\n明料挺底,电镀喷色我司安排\r\n尺寸：11.5X30.5CM\r\n1只/五层内盒      6只/大箱\r\n白纸，瓦楞纸，气泡纸\r\n1月30日送祁县瑞成厂电镀','1/6','PCS',300,300,'','9.00','7.00',NULL,'44.00','29.00','38.00',NULL,NULL,'10.50','3150.00',NULL,50,'2.20',NULL,NULL,NULL,NULL,NULL,NULL,'\0',6),('4028817a3420e78a013421a69382000f','4028817a3420e78a013421a693730001','4028817a33d4f8b40133d9989f5e0024',NULL,NULL,NULL,'5088','9926bf89-1345-4082-aeeb-a3f94d0dcc40.png','全明料冰花风灯，电镀花银喷蓝色\r\n尺寸：12.5X20CM高\r\n1只/五层内盒     6只/五层大箱\r\n白纸，瓦楞纸，汽泡纸包裹','1/6','PCS',300,300,'','7.00','5.00',NULL,'56.00','36.00','24.00',NULL,NULL,'13.00','3900.00',NULL,50,'2.50',NULL,NULL,NULL,NULL,NULL,NULL,'\0',11),('4028817a3420e78a013421a693820010','4028817a3420e78a013421a693730001','4028817a33d4f8b40133d9989f5e0024',NULL,NULL,NULL,'5089','22a26221-2c14-4ea4-b972-ebe9df1a27ab.png','全明料冰花风灯，电镀花银喷紫色\r\n尺寸：12.5X20CM高\r\n1只/五层内盒    6只/五层大箱\r\n白纸，瓦楞纸，气泡纸包裹','1/6','PCS',300,300,'','7.00','5.00',NULL,'56.00','36.00','24.00',NULL,NULL,'13.00','3900.00',NULL,50,'2.50',NULL,NULL,NULL,NULL,NULL,NULL,'\0',12),('4028817a3420e78a013421a693920011','4028817a3420e78a013421a693730001','4',NULL,NULL,NULL,'4997','f62db940-2432-4a7d-946c-22e2ba184d37.png','全明料死模风灯，电镀花银喷浅海蓝\r\n明料挺底，电镀喷色我司安排\r\n尺寸：11.5X30.5CM\r\n1只/五层内盒      6只/大箱\r\n白纸，瓦楞纸，汽泡纸包裹\r\n1月30日送祁县瑞成电镀厂电镀','1/6','PCS',300,300,'','9.00','7.00',NULL,'44.00','29.00','38.00',NULL,NULL,'10.50','3150.00',NULL,50,'2.20',NULL,NULL,NULL,NULL,NULL,NULL,'\0',5),('4028817a3420e78a013421a693920012','4028817a3420e78a013421a693730001','4028817a33d4f8b40133d9989f5e0024',NULL,NULL,NULL,'5083','65fe2446-a833-483a-ad34-dc5da6a7e28a.png','全明料冰花风灯，电镀花银喷绿色\r\n尺寸：10X17.5CM高\r\n1只/五层内盒     12只/五层大箱\r\n白纸，瓦楞纸，汽泡纸包装','1/12','PCS',300,300,'','7.00','5.00',NULL,'46.00','31.00','42.00',NULL,NULL,'11.50','3450.00',NULL,25,'2.05',NULL,NULL,NULL,NULL,NULL,NULL,'\0',7),('4028817a3420e78a013421d2e3fe0013','4028817a3420e78a013421a693730001','4',NULL,NULL,NULL,'5336','422bfb7c-ad4e-4098-8953-beca57d6259c.png','全明料死模风灯，电镀花银喷绿色	\r\n 	\r\n尺寸：14.5X20CM高	\r\n1只/五层内盒      12只/大箱	\r\n1月30日送祁县瑞成电镀缠，电镀喷色我司安排\r\n白纸，瓦楞纸，气泡纸包裹','1/12','PCS',300,300,'','9.00','7.00',NULL,'54.00','36.00','49.00',NULL,NULL,'8.00','2400.00',NULL,25,'2.05',NULL,NULL,NULL,NULL,NULL,NULL,'\0',20),('4028817a3420e78a013421d2e3fe0014','4028817a3420e78a013421a693730001','4',NULL,NULL,NULL,'5331','c09ea297-bb5f-47a0-b8a0-0b4419f6e138.png','全明料死模风灯，电镀花银喷绿色\r\n尺寸：17X23CM高\r\n1只/五层内盒      6只/大箱\r\n1月30日送祁县瑞成电镀厂，我司安排电镀\r\n白纸，瓦楞纸，气泡纸包裹','1/6','PCS',300,300,'','8.00','6.00',NULL,'66.00','44.00','29.00',NULL,NULL,'11.50','3450.00',NULL,50,'2.65',NULL,NULL,NULL,NULL,NULL,NULL,'\0',19),('4028817a3420e78a013421d2e3fe0015','4028817a3420e78a013421a693730001','9',NULL,NULL,NULL,'5190','aa3e7517-3227-41ff-b239-a5a6d5c00939.png','机压小鸟,表面要光滑\r\n\r\n安全包装送祁县宏艺厂\r\n请提供一定余量，以备损耗','1/4','PCS',100,100,'',NULL,NULL,NULL,NULL,NULL,NULL,NULL,NULL,'2.40','240.00',NULL,25,NULL,NULL,NULL,NULL,NULL,NULL,NULL,'\0',18),('4028817a3420e78a013421e2e3c10016','4028817a3420e78a013421a693730001','4',NULL,NULL,NULL,'5400','f475d46e-733a-4220-8243-98ba76f09ddc.png','全明料死模风灯，电镀花银喷蓝色\r\n \r\n尺寸：17X23CM高\r\n1只/五层内盒      6只/大箱\r\n电镀喷色我司安排\r\n1月30日送祁县瑞成电镀厂\r\n白纸，瓦楞纸，气泡纸包裹','1/6','PCS',300,300,'','8.00','6.00',NULL,'66.00','44.00','29.00',NULL,NULL,'11.50','3450.00',NULL,50,'2.65',NULL,NULL,NULL,NULL,NULL,NULL,'\0',22),('4028817a3420e78a013421e2e3c10017','4028817a3420e78a013421a693730001','7',NULL,NULL,NULL,'9749','3d52357d-71bf-4ac1-b7f0-38b640a2d349.png','怪虫小碗，喷绿色，喷漆，喷珠光\r\n\r\n尺寸:18X9CM高\r\n4只/内盒        8只/大箱\r\n白纸，瓦楞纸，气泡纸包裹','4/8','PCS',600,600,'','6.50','4.50',NULL,'39.00','20.00','20.00',NULL,NULL,'6.50','3900.00',NULL,75,'1.29',NULL,NULL,NULL,NULL,NULL,NULL,'\0',28),('4028817a3420e78a013421e2e3c10018','4028817a3420e78a013421a693730001','2',NULL,NULL,NULL,'8759','c5f0d6c6-275f-4fb4-b468-a9be38f85f02.png','全明料糖缸带盖子\r\n尺寸：16.5X40CM高\r\n1只/上下保利龙垫/内盒 2只/大箱\r\n保利龙垫工厂供\r\n此数量出自订单C/3908/11','1/2','PCS',600,600,'','4.00','2.00',NULL,'44.00','22.00','45.00',NULL,NULL,'15.00','9000.00',NULL,300,'2.85',NULL,NULL,NULL,NULL,NULL,NULL,'\0',27),('4028817a3420e78a013421e2e3c10019','4028817a3420e78a013421a693730001','7',NULL,NULL,NULL,'8709','2720f819-b111-4aeb-b5e8-abc262dc5a7b.png','怪虫小碗，喷蓝色，喷漆，喷珠光\r\n \r\n尺寸：18X9CM高\r\n4只/内盒        8只/大箱\r\n白纸，瓦楞纸，气泡纸包裹','4/8','PCS',600,600,'','6.50','4.50',NULL,'39.00','20.00','20.00',NULL,NULL,'6.50','3900.00',NULL,75,'1.29',NULL,NULL,NULL,NULL,NULL,NULL,'\0',26),('4028817a3420e78a013421e2e3c1001a','4028817a3420e78a013421a693730001','4',NULL,NULL,NULL,'5337','c2ff4999-1ea3-479d-8859-3302bb0e9d77.png','全明料死模风灯，电镀花银喷蓝色	\r\n	\r\n尺寸：14.5X20CM高	\r\n1只/五层内盒      12只/大箱	\r\n1月30日送祁县瑞成电镀厂，电镀喷色我司安排	\r\n白纸，瓦楞纸，气泡纸包裹','1/12','PCS',300,300,'','9.00','7.00',NULL,'54.00','36.00','49.00',NULL,NULL,'8.00','2400.00',NULL,25,'2.05',NULL,NULL,NULL,NULL,NULL,NULL,'\0',21),('4028817a3420e78a013421e2e3c1001b','4028817a3420e78a013421a693730001','7',NULL,NULL,NULL,'8708','cd89d279-e040-4647-a89f-59bfee1d6db9.png','怪虫小碗，喷紫色，喷漆，喷珠光\r\n \r\n尺寸：18X9CM高\r\n4只/内盒        8只/大箱\r\n白纸，瓦楞纸，气泡纸','4/8','PCS',600,600,'','6.50','4.50',NULL,'39.00','20.00','20.00',NULL,NULL,'6.50','3900.00',NULL,75,'1.29',NULL,NULL,NULL,NULL,NULL,NULL,'\0',25),('4028817a3420e78a013421e2e3c1001c','4028817a3420e78a013421a693730001','2',NULL,NULL,NULL,'843MA','6b4da997-ad8c-4101-90cb-1c554c356bb1.png','全明料喇叭底糖缸，带盖子	\r\n盖子：10CMX10.3CM高 壁厚3MM	\r\n身子：11.2X31.7CM(全高） 底径12CM	\r\n壁厚不小于3MM  重量不低于950克	\r\n1只/上下保利龙垫/内盒   4只/大箱	\r\n保利龙垫工厂提供	\r\n此数量出自订单C/3908/11','1/4','PCS',600,600,'','6.00','4.00',NULL,'48.00','47.00','46.00',NULL,NULL,'16.00','9600.00',NULL,150,'3.29',NULL,NULL,NULL,NULL,NULL,NULL,'\0',23),('4028817a3420e78a013421e2e3c1001d','4028817a3420e78a013421a693730001','2',NULL,NULL,NULL,'844MA','19dd24a2-4eb2-4273-a46a-229d28aeee85.png','全明料糖缸带盖子\r\n盖子：9.3X13.3CM高 壁厚3MM\r\n身子：10.5X28.4CM(全高)\r\n底径：13CM   壁厚不小于3MM\r\n1只/上下保利龙垫/内盒 4只/大箱\r\n保利龙垫工厂供\r\n此单数量出自C/3908/11','1/4','PCS',600,600,'','6.00','4.00',NULL,'47.00','46.00','46.00',NULL,NULL,'16.00','9600.00',NULL,150,'3.29',NULL,NULL,NULL,NULL,NULL,NULL,'\0',24),('4028817a3420e78a013421e53b8c001e','4028817a3420e78a013421a693730001','2',NULL,NULL,NULL,'9868','6bf2fdf5-6d7e-4147-b40c-6eddf95abcd8.png','全明料喇叭底糖缸配盖子\r\n尺寸：5-1/4\"X17\"H\r\n1只/上中下泡沫垫/内盒 2只/大箱\r\n保利龙垫工厂供\r\n从数量出自订单C/3908/11','1/2','PCS',600,600,'','4.00','2.00',NULL,'44.00','22.00','43.00',NULL,NULL,'16.00','9600.00',NULL,300,'3.15',NULL,NULL,NULL,NULL,NULL,NULL,'\0',29),('4028817a353b8d8e01353d15008d0047','4028817a353b8d8e01353d15008d0046','4028817a33d4f8b40133d9989f5e0024',NULL,NULL,NULL,'5089','2c991b9e-a14b-4f37-a2ca-5e7d01cba021.jpg','全明料冰花风灯，电镀花银喷紫色。\r\n尺寸:12.5*20 CM H\r\n1只/五层内盒        6只/五层大箱\r\n产品用白纸，瓦楞纸，气泡纸包裹后入内盒，大箱，大箱用胶带纸工字封口。','1/6','PCS',204,204,'','7.00','5.00',NULL,'54.00','36.00','24.00',NULL,NULL,'13.00','2652.00',NULL,34,'2.50',NULL,NULL,NULL,NULL,NULL,NULL,'\0',3),('4028817a353b8d8e01353d15008d0048','4028817a353b8d8e01353d15008d0046','4028817a33d4f8b40133d9989f5e0024',NULL,NULL,NULL,'5094','7ae1ccaa-426b-4476-bc6a-28258d735fbd.jpg','全明料冰花风灯，粘电镀底座  	\r\n尺寸：15.8X32CM高		\r\n1只/五层内盒     6只/五层大箱\r\n产品用白纸，瓦楞纸，气泡纸包裹后入内盒，大箱，大箱用胶带纸工字封口。','1/6','PCS',150,150,'','7.00','5.00',NULL,'54.00','36.00','37.00',NULL,NULL,'14.50','2175.00',NULL,25,'2.80',NULL,NULL,NULL,NULL,NULL,NULL,'\0',7),('4028817a353b8d8e01353d15008d0049','4028817a353b8d8e01353d15008d0046','4028817a33d4f8b40133d9989f5e0024',NULL,NULL,NULL,'5093','796ec9af-d6bb-4511-a6c6-6d75bcc1f2e3.jpg','全明料冰花风灯粘电镀底座， 	\r\n喷紫色，全喷，内电镀花银	\r\n尺寸：15.8X32CM高		\r\n1只/五层内盒     6只/五层大箱\r\n产品用白纸，瓦楞纸，气泡纸包裹后入内盒，大箱，大箱用胶带纸工字封口。','1/6','PCS',102,102,'','7.00','5.00',NULL,'54.00','36.00','37.00',NULL,NULL,'16.00','1632.00',NULL,17,'3.10',NULL,NULL,NULL,NULL,NULL,NULL,'\0',6),('4028817a353b8d8e01353d15008d004a','4028817a353b8d8e01353d15008d0046','7',NULL,NULL,NULL,'5099','9586c248-7796-4f99-b648-f913e65250f3.jpg','全明料钻石蛋糕盘粘底座	\r\n喷蓝色，喷漆,喷珠光		\r\n尺寸：23X11.5CM高		\r\n1只/五层内盒      4只/大箱\r\n产品用白纸，瓦楞纸，气泡纸包裹后入内盒，大箱，大箱用胶带纸工字封口。','1/4','PCS',152,152,'','5.50','3.50',NULL,'50.00','26.00','28.00',NULL,NULL,'11.00','1672.00',NULL,38,'2.10',NULL,NULL,NULL,NULL,NULL,NULL,'\0',10),('4028817a353b8d8e01353d15008d004b','4028817a353b8d8e01353d15008d0046','7',NULL,NULL,NULL,'5098','bb0e509f-ccb0-44f4-8320-df18ff6ac880.jpg','全明料钻石蛋糕盘粘底座	\r\n喷紫色，喷漆,喷珠光		\r\n尺寸：23X11.5CM高		\r\n1只/五层内盒      4只/大箱\r\n产品用白纸，瓦楞纸，气泡纸包裹后入内盒，大箱，大箱用胶带纸工字封口。','1/4','PCS',152,152,'','5.50','3.50',NULL,'50.00','26.00','28.00',NULL,NULL,'11.00','1672.00',NULL,38,'2.10',NULL,NULL,NULL,NULL,NULL,NULL,'\0',9),('4028817a353b8d8e01353d15008d004c','4028817a353b8d8e01353d15008d0046','4028817a33d4f8b40133d9989f5e0024',NULL,NULL,NULL,'5090','2ec05114-5c74-4211-b254-4d979218c05e.jpg','全明料冰花风灯粘电镀底座， 	\r\n喷蓝色，全喷，内电镀花银	\r\n尺寸：15.8X32CM高		\r\n1只/五层内盒     6只/五层大箱\r\n产品用白纸，瓦楞纸，气泡纸包裹后入内盒，大箱，大箱用胶带纸工字封口。','1/6','PCS',102,102,'','7.00','5.00',NULL,'54.00','36.00','37.00',NULL,NULL,'16.00','1632.00',NULL,17,'3.10',NULL,NULL,NULL,NULL,NULL,NULL,'\0',4),('4028817a353b8d8e01353d15008d004d','4028817a353b8d8e01353d15008d0046','4028817a33d4f8b40133d9989f5e0024',NULL,NULL,NULL,'5088','9488192b-fb0f-4aa5-9e29-86de71d05675.jpg','全明料冰花风灯，电镀花银喷蓝色。\r\n尺寸:12.5*20 CM H\r\n1只/五层内盒        6只/五层大箱\r\n产品用白纸，瓦楞纸，气泡纸包裹后入内盒，大箱，大箱用胶带纸工字封口。','1/6','PCS',204,204,'','7.00','5.00',NULL,'54.00','36.00','24.00',NULL,NULL,'13.00','2652.00',NULL,34,'2.50',NULL,NULL,NULL,NULL,NULL,NULL,'\0',2),('4028817a353b8d8e01353d15008d004e','4028817a353b8d8e01353d15008d0046','4028817a33d4f8b40133d9989f5e0024',NULL,NULL,NULL,'5092','289d254d-0f0d-4671-9376-d04cc36540d2.jpg','全明料冰花风灯粘电镀底座， 	\r\n喷绿色，全喷，内电镀花银	\r\n尺寸：15.8X32CM高		\r\n1只/五层内盒     6只/五层大箱\r\n产品用白纸，瓦楞纸，气泡纸包裹后入内盒，大箱，大箱用胶带纸工字封口。','1/6','PCS',102,102,'','7.00','5.00',NULL,'54.00','36.00','37.00',NULL,NULL,'16.00','1632.00',NULL,17,'3.10',NULL,NULL,NULL,NULL,NULL,NULL,'\0',5),('4028817a353b8d8e01353d15008d004f','4028817a353b8d8e01353d15008d0046','4028817a33d4f8b40133d9989f5e0024',NULL,NULL,NULL,'5095','01349ede-bef9-4168-a346-e109e3111773.jpg','全明料冰花风灯，粘明料底座 	\r\n尺寸：15.8X32CM高		\r\n1只/五层内盒    6只/五层大箱\r\n产品用白纸，瓦楞纸，气泡纸包裹后入内盒，大箱，大箱用胶带纸工字封口。','1/6','PCS',150,150,'','7.00','5.00',NULL,'54.00','36.00','37.00',NULL,NULL,'14.00','2100.00',NULL,25,'2.80',NULL,NULL,NULL,NULL,NULL,NULL,'\0',8),('4028817a353b8d8e01353d15008d0050','4028817a353b8d8e01353d15008d0046','4028817a33d4f8b40133d9989f5e0024',NULL,NULL,NULL,'5086','3c77a543-f2f2-4cf3-b173-8ef1d1a1f8be.jpg','全明料冰花风灯，电镀花银喷绿色。\r\n尺寸:12.5*20 CM H\r\n1只/五层内盒        6只/五层大箱\r\n产品用白纸，瓦楞纸，气泡纸包裹后入内盒，大箱，大箱用胶带纸工字封口。','1/6','PCS',204,204,'','7.00','5.00',NULL,'54.00','36.00','24.00',NULL,NULL,'13.00','2652.00',NULL,34,'2.50',NULL,NULL,NULL,NULL,NULL,NULL,'\0',1),('4028817a353b8d8e01353d32350d0051','4028817a353b8d8e01353d15008d0046','2',NULL,NULL,NULL,'5117','aec0cd7f-795e-4c5f-b8c5-532b6479c4be.jpg','全明料蛋糕盘+罩子		\r\n罩上烤白金字母花纸（SWEETS)	\r\n罩子尺寸：15X13CM高		\r\n盘子尺寸：16.4X27CM高		\r\n1套/上下保利龙垫/五层内盒	\r\n4套/大箱			\r\n产品配套合适后用保丽龙垫包装，入内盒，大箱用胶带纸工字封口。\r\n花纸我司供，保利龙垫工厂供','1/4','SETS',100,100,'','6.00','4.00',NULL,'42.00','42.00','37.50',NULL,NULL,'17.00','1700.00',NULL,25,'3.85',NULL,NULL,NULL,NULL,NULL,NULL,'\0',11),('4028817a353b8d8e01353d32350d0052','4028817a353b8d8e01353d15008d0046','9',NULL,NULL,NULL,'5191','5a77aec3-1299-4b75-8ff4-5c7232d0a8c6.jpg','机压小鸟,表面要光滑		\r\n安全包装送祁县宏艺厂		\r\n请提供一定余量，以备损耗','1/2','PCS',100,100,'',NULL,NULL,NULL,NULL,NULL,NULL,NULL,NULL,'2.40','240.00',NULL,50,NULL,NULL,NULL,NULL,NULL,NULL,NULL,'\0',19),('4028817a353b8d8e01353d32350d0053','4028817a353b8d8e01353d15008d0046','7',NULL,NULL,NULL,'5144','91d36961-2e9e-44cc-94ed-44ab4d6a24e4.jpg','全明料钻石蛋糕盘粘底座	\r\n喷绿色，喷漆，喷珠光		\r\n尺寸：23X11.5CM高		\r\n1只/五层内盒      4只/大箱	\r\n产品用白纸，瓦楞纸，气泡纸包裹后入内盒，大箱，大箱用胶带纸工字封口。','1/4','PCS',152,152,'','5.50','3.50',NULL,'50.00','26.00','28.00',NULL,NULL,'11.00','1672.00',NULL,38,'2.10',NULL,NULL,NULL,NULL,NULL,NULL,'\0',13),('4028817a353b8d8e01353d32350d0054','4028817a353b8d8e01353d15008d0046','9',NULL,NULL,NULL,'5191','06191cc8-a932-4f7a-a951-eabbd4336f13.jpg','全明料钻石蛋糕盘粘底座	\r\n尺寸：29.5X11.5CM高		\r\n安全包装送祁县宏艺厂','1/2','PCS',100,100,'',NULL,NULL,NULL,NULL,NULL,NULL,NULL,NULL,'10.00','1000.00',NULL,50,NULL,NULL,NULL,NULL,NULL,NULL,NULL,'\0',18),('4028817a353b8d8e01353d32350d0055','4028817a353b8d8e01353d15008d0046','2',NULL,NULL,NULL,'5118','b76467e5-21b5-4102-8085-f0d14189e257.jpg','全明料蛋糕盘+罩子		\r\n罩子上烤白金字母花纸（SWEETS)	\r\n罩子尺寸：15X13CM 		\r\n盘子尺寸：16.4X16.5CM高\r\n全高：26.7CM		\r\n1套/上下保利龙垫/五层内盒   4套/大箱\r\n产品配套合适后用保丽龙垫包装，入内盒，大箱用胶带纸工字封口。	\r\n花纸我司供，保利龙垫工厂供','1/4','SETS',152,152,'','6.00','4.00',NULL,'42.00','42.00','27.00',NULL,NULL,'16.00','2432.00',NULL,38,'3.60',NULL,NULL,NULL,NULL,NULL,NULL,'\0',12),('4028817a353b8d8e01353d32350d0056','4028817a353b8d8e01353d15008d0046','9',NULL,NULL,NULL,'5190','9a6203d7-01b0-4ebe-bc08-d390b5ecd46a.jpg','机压小鸟,表面要光滑		\r\n安全包装送祁县宏艺厂		\r\n请提供一定余量，以备损耗','1/4','PCS',100,100,'',NULL,NULL,NULL,NULL,NULL,NULL,NULL,NULL,'2.40','240.00',NULL,25,NULL,NULL,NULL,NULL,NULL,NULL,NULL,'\0',16),('4028817a353b8d8e01353d32350d0057','4028817a353b8d8e01353d15008d0046','4',NULL,NULL,NULL,'5337','ecc411bc-b3ce-4175-9e96-17014661c601.jpg','全明料死模风灯，电镀花银喷蓝色	\r\n尺寸：14.5X20CM高		\r\n1只/五层内盒      12只/大箱	\r\n电镀喷色我司安排\r\n产品用白纸，瓦楞纸，气泡纸包裹后入内盒，大箱，大箱用胶带纸工字封口。','1/12','PCS',156,156,'','9.00','7.00',NULL,'54.00','36.00','49.00',NULL,NULL,'8.00','1248.00',NULL,13,'2.05',NULL,NULL,NULL,NULL,NULL,NULL,'\0',22),('4028817a353b8d8e01353d32350d0058','4028817a353b8d8e01353d15008d0046','9',NULL,NULL,NULL,'5190','9196fdca-db89-42a3-99d8-6a168479344c.jpg','全明料钻石蛋糕盘粘底座	\r\n尺寸：23X11.5CM高		\r\n安全包装送祁县宏艺厂','1/4','PCS',100,100,'',NULL,NULL,NULL,NULL,NULL,NULL,NULL,NULL,'8.50','850.00',NULL,25,NULL,NULL,NULL,NULL,NULL,NULL,NULL,'\0',15),('4028817a353b8d8e01353d32350d0059','4028817a353b8d8e01353d15008d0046','1',NULL,NULL,NULL,'5190','a3c28393-5d85-4ab5-8f9b-c10d8becf945.jpg','全明料平光蛋糕罩配钻石盘子	\r\n罩子上粘小鸟，小鸟和钻石盘我司供\r\n罩子尺寸：20X20.5CM高		\r\n1套/上下保利龙盖/内盒		\r\n4套/大箱			\r\n保利龙垫工厂供\r\n产品用保丽龙包装后入内盒，大箱，大箱用胶带纸工字封口。','1/4','PCS',100,100,'','8.00','6.00',NULL,'57.00','56.00','29.00',NULL,NULL,'22.00','2200.00',NULL,25,'6.40',NULL,NULL,NULL,NULL,NULL,NULL,'\0',14),('4028817a353b8d8e01353d32350d005a','4028817a353b8d8e01353d15008d0046','4',NULL,NULL,NULL,'5330','75849bf7-f9a2-4f74-853e-baefef078d93.jpg','全明料死模风灯，电镀花银喷紫色	\r\n尺寸：14.5X20CM高		\r\n1只/五层内盒      12只/大箱	\r\n电镀喷色我司安排\r\n产品用白纸，瓦楞纸，气泡纸包裹后入内盒，大箱，大箱用胶带纸工字封口。','1/12','PCS',156,156,'','9.00','7.00',NULL,'54.00','36.00','49.00',NULL,NULL,'8.00','1248.00',NULL,13,'2.05',NULL,NULL,NULL,NULL,NULL,NULL,'\0',20),('4028817a353b8d8e01353d32350d005b','4028817a353b8d8e01353d15008d0046','4',NULL,NULL,NULL,'5336','5fe32315-0fb6-4a84-bb82-61b27ef3a8e3.jpg','全明料死模风灯，电镀花银喷绿色	\r\n尺寸：14.5X20CM高		\r\n1只/五层内盒      12只/大箱	\r\n电镀喷色我司安排\r\n产品用白纸，瓦楞纸，气泡纸包裹后入内盒，大箱，大箱用胶带纸工字封口。','1/12','PCS',156,156,'','9.00','7.00',NULL,'54.00','36.00','49.00',NULL,NULL,'8.00','1248.00',NULL,13,'2.05',NULL,NULL,NULL,NULL,NULL,NULL,'\0',21),('4028817a353b8d8e01353d32353c005c','4028817a353b8d8e01353d15008d0046','1',NULL,NULL,NULL,'5191','135fbc3e-1c1d-4188-91e0-6a54cb0e2901.jpg','全明料平光蛋糕罩配钻石盘子	\r\n罩子上粘小鸟，小鸟和钻石盘我司供\r\n罩子尺寸：26X36CM高		\r\n1套/上下保利龙盖/内盒		\r\n2套/大箱			\r\n保利龙垫工厂供\r\n产品用保丽龙包装后入内盒，大箱，大箱用胶带纸工字封口。','1/2','PCS',100,100,'','6.50','4.50',NULL,'71.00','36.00','34.00',NULL,NULL,'32.00','3200.00',NULL,50,'8.55',NULL,NULL,NULL,NULL,NULL,NULL,'\0',17);

/*Table structure for table `export_c` */

DROP TABLE IF EXISTS `export_c`;

CREATE TABLE `export_c` (
  `EXPORT_ID` varchar(40) NOT NULL,
  `PACKING_LIST_ID` varchar(40) NOT NULL,
  `CONTRACT_ID` varchar(40) NOT NULL,
  `INPUT_DATE` datetime default NULL,
  `CONTRACT_IDS` varchar(200) default NULL,
  `CUSTOMER_CONTRACT` varchar(200) default NULL COMMENT '客户的合同号,可选择多个合同',
  `LCNO` varchar(10) default NULL COMMENT 'L/C T/T',
  `CONSIGNEE` varchar(100) default NULL,
  `MARKS` varchar(1000) default NULL,
  `SHIPMENT_PORT` varchar(100) default NULL,
  `DESTINATION_PORT` varchar(100) default NULL,
  `TRANSPORT_MODE` varchar(10) default NULL COMMENT 'SEA/AIR',
  `PRICE_CONDITION` varchar(10) default NULL COMMENT 'FBO/CIF',
  `REMARK` varchar(100) default NULL,
  `BOX_NUM` int(11) default NULL,
  `CNUMBER` int(11) default NULL,
  `PACKING_UNIT` varchar(10) default NULL COMMENT 'PCS/SETS',
  `GROSS_WEIGHT` decimal(10,2) default NULL,
  `NET_WEIGHT` decimal(10,2) default NULL,
  `SIZE_LENGTH` decimal(10,2) default NULL,
  `SIZE_WIDTH` decimal(10,2) default NULL,
  `SIZE_HEIGHT` decimal(10,2) default NULL,
  `CSIZE` decimal(10,2) default NULL,
  `AMOUNT` decimal(10,2) default NULL COMMENT '自动计算: 数量x单价',
  `NO_TAX` decimal(10,2) default NULL COMMENT '收购单价',
  `TAX` decimal(10,2) default NULL COMMENT '收购单价',
  `COST_PRICE` decimal(10,2) default NULL COMMENT '自动计算=数量x含税/1.17标准值',
  `COST_TAX` decimal(10,2) default NULL COMMENT '自动计算=数量x含税-收购成本金额',
  `STATE` int(11) default NULL COMMENT '0草稿 1上报',
  `CREATE_BY` varchar(40) default NULL,
  `CREATE_DEPT` varchar(40) default NULL,
  `CREATE_TIME` datetime default NULL,
  PRIMARY KEY  (`EXPORT_ID`)
) ENGINE=InnoDB DEFAULT CHARSET=utf8;

/*Data for the table `export_c` */

insert  into `export_c`(`EXPORT_ID`,`PACKING_LIST_ID`,`CONTRACT_ID`,`INPUT_DATE`,`CONTRACT_IDS`,`CUSTOMER_CONTRACT`,`LCNO`,`CONSIGNEE`,`MARKS`,`SHIPMENT_PORT`,`DESTINATION_PORT`,`TRANSPORT_MODE`,`PRICE_CONDITION`,`REMARK`,`BOX_NUM`,`CNUMBER`,`PACKING_UNIT`,`GROSS_WEIGHT`,`NET_WEIGHT`,`SIZE_LENGTH`,`SIZE_WIDTH`,`SIZE_HEIGHT`,`CSIZE`,`AMOUNT`,`NO_TAX`,`TAX`,`COST_PRICE`,`COST_TAX`,`STATE`,`CREATE_BY`,`CREATE_DEPT`,`CREATE_TIME`) values ('4028817a384511ae0138464c953f000b','','','2012-07-02 00:00:00',NULL,'12JK1061',NULL,'BRISSI CONTEMPORARY LIVING','BRISSI','XINGANG','',NULL,'FOB','7月5日货好',NULL,NULL,NULL,NULL,NULL,NULL,NULL,NULL,NULL,NULL,NULL,NULL,NULL,NULL,3,NULL,NULL,NULL),('4028817a387362980138738ab18c0001','','','2012-07-11 00:00:00','4028817a371a8d7f01372a6e236b0059','12JK1039','T/T','PALDINOX','PALDINOX','XINGANG','ASHDOD','SEA','FOB','7月23日货好',1233,7024,'P\'KGS','8754.50','92.50',NULL,NULL,NULL,'52.04',NULL,NULL,NULL,NULL,NULL,5,'ff80808131301abf0131303fe2e40038','0001002','2012-07-11 09:07:11'),('4028817a387db33d01387faba0180013','','','2012-07-13 00:00:00','4028817a3790d06f013792b094da001b','C/1655/12','T/T','BEAKIE LEE','MARMAXX','XINGANG','','SEA','FOB','',567,3402,'PCS','4494.00','90.00',NULL,NULL,NULL,'33.19',NULL,NULL,NULL,NULL,NULL,3,'ff80808131301abf0131303fe2e40038','0001002','2012-07-13 17:34:52'),('4028817a38fe72b00139002e9811000e','','','2012-08-07 00:00:00','4028817a371562cf0137174b533b002f','12JK1062','T/T','BRISSI','BRISSI','XINGANG',NULL,'SEA','','9月15日货好',433,5136,'PCS','2799.50','58.50',NULL,NULL,NULL,'24.68',NULL,NULL,NULL,NULL,NULL,5,'ff80808131301abf0131303fe2e40038','0001002','2012-09-10 16:44:45'),('4028817a399492a20139951fbe440002','','','2012-09-05 00:00:00','4028817a37aa9d700137aae555030006','C/1743/12','T/T','BEAKIE LEE','TJX','XINGANG','LOS ANGELES','SEA','FOB','',3100,12000,'PCS','19075.00','45.00',NULL,NULL,NULL,'237.50',NULL,NULL,NULL,NULL,NULL,5,'ff80808131301abf0131303fe2e40038','0001002','2012-09-05 14:39:56'),('4028817a399492a2013995aaef23001d','','','2012-09-05 00:00:00','4028817a387362980138751919fa0057','018273','T/T','CIRCLE','CIRCLE','XINGANG','NEWARK','SEA','FOB','20号验货',1796,21552,'PCS','8282.00','30.00',NULL,NULL,NULL,'56.60',NULL,NULL,NULL,NULL,NULL,5,'ff80808131301abf0131303fe2e40038','0001002','2012-09-05 17:06:49'),('4028817a3a714bbf013a77d70ea8002c','','','2012-10-19 00:00:00','4028817a39ad8b950139af09b42f000e','C/2192/12','T/T','BEAKIE LEE','GSA','XINGANG',NULL,'SEA','FOB','',324,648,'PCS','3888.00','10.00',NULL,NULL,NULL,'29.95',NULL,NULL,NULL,NULL,NULL,5,'ff80808131301abf0131303fe2e40038','0001002','2012-11-07 09:48:31'),('4028817a3add7a3b013ade8e067e000b','','','2012-11-08 00:00:00','4028817a39bcfe9f0139be8f8ac2000c','12JK1081','T/T','BRISSI','BRISSI','XINGANG',NULL,'SEA','FOB','',374,5006,'P\'KGS','2607.50','82.50',NULL,NULL,NULL,'20.58',NULL,NULL,NULL,NULL,NULL,4,'ff80808131301abf0131303fe2e40038','0001002','2012-11-21 17:28:21'),('4028817a3af21635013af27be5b80001','','','2012-11-12 00:00:00','4028817a39227b17013924437cb7000a,4028817a39dbdfca0139dc98f58c000a','101204','T/T','KISS THAT FROG','','XINGANG','OAKLAND','SEA','FOB','升华厂12月5号\r\n会龙厂11月13号',1407,29212,'PCS','11781.50','117.50',NULL,NULL,NULL,'51.87',NULL,NULL,NULL,NULL,NULL,3,'ff80808131301abf01313040e6b7003b','0001003','2012-11-14 10:31:28'),('4028817a3b06ac0c013b06c618710001','','','2012-11-16 00:00:00','4028817a39facfc90139fb6f6c160001','12JK1089','T/T','SEPTEMBER MOON','','XINGANG','SHIMIZU','SEA','FOB','23号货好',250,1800,'SETS','1950.00','17.50',NULL,NULL,NULL,'16.70',NULL,NULL,NULL,NULL,NULL,4,'ff80808131301abf0131303fe2e40038','0001002','2012-11-16 09:14:38'),('4028817a3b1b4a71013b1bafd5580002','','','2012-11-20 00:00:00','4028817a387362980138741de87f0014','C/1995/12','T/T','BEAKIE LEE','','XINGANG',NULL,'SEA','FOB','',600,1200,'SETS','4800.00','6.00',NULL,NULL,NULL,'41.51',NULL,NULL,NULL,NULL,NULL,0,'ff80808131301abf0131303fe2e40038','0001002','2012-11-20 10:41:10'),('4028817a3b3a59cd013b3b5bbd94001a','','','2012-11-26 00:00:00','4028817a3aa9f950013aab27e2010010','671112','T/T','BTC','','XINGANG','SANTOS','SEA','FOB','',145,475,'SETS','864.00','92.00',NULL,NULL,NULL,'7.77',NULL,NULL,NULL,NULL,NULL,4,'ff80808131301abf01313040e6b7003b','0001003','2012-11-26 14:19:20'),('4028817a3b3a59cd013b3b96187b0033','','','2012-11-26 00:00:00','4028817a3a670a6f013a68766d460001','C/2256/12','T/T','BEAKIE LEE','HOME','XINGANG','','SEA','FOB','12月5日货好',900,3600,'PCS','5100.00','22.00',NULL,NULL,NULL,'39.69',NULL,NULL,NULL,NULL,NULL,3,'ff80808131301abf0131303fe2e40038','0001002','2012-11-26 15:21:33'),('4028817a3b3a59cd013b3ba084c1003a','','','2012-11-26 00:00:00','4028817a39991fae01399ad24e5a0027','404058','T/T','@ HOME','@HOME','XINGANG',NULL,'SEA','FOB','货已好==',100,2400,'PCS','950.00','7.50',NULL,NULL,NULL,'4.60',NULL,NULL,NULL,NULL,NULL,1,'ff8080813d00613e013d006644a60003','0001','2013-03-17 00:41:36'),('402881e63d9b1903013d9b4bc72c000b','','','2013-03-05 00:00:00',NULL,'C/3817/11,11JK1080,11JK1078','T/T','人及地址','唛头','装运港','','AIR','价格条','备注',NULL,NULL,NULL,NULL,NULL,NULL,NULL,NULL,NULL,NULL,NULL,NULL,NULL,NULL,3,NULL,NULL,NULL);

/*Table structure for table `export_product_c` */

DROP TABLE IF EXISTS `export_product_c`;

CREATE TABLE `export_product_c` (
  `EXPORT_PRODUCT_ID` varchar(40) NOT NULL,
  `CONTRACT_PRODUCT_ID` varchar(40) NOT NULL COMMENT '标识从哪个合同货物而来',
  `EXPORT_ID` varchar(40) default NULL,
  `FACTORY_ID` varchar(40) default NULL,
  `CONTRACT_ID` varchar(40) default NULL,
  `CONTRACT_NO` varchar(20) default NULL,
  `PRODUCT_NAME` varchar(200) default NULL,
  `PRODUCT_NO` varchar(50) default NULL,
  `PRODUCT_IMAGE` varchar(200) default NULL,
  `PRODUCT_DESC` varchar(600) default NULL,
  `LOADING_RATE` varchar(30) default NULL COMMENT 'x/y',
  `PACKING_UNIT` varchar(10) default NULL COMMENT 'PCS/SETS',
  `CNUMBER` int(11) default NULL,
  `OUT_NUMBER` int(11) default NULL,
  `FINISHED` bit(1) default NULL,
  `GROSS_WEIGHT` decimal(10,2) default NULL,
  `NET_WEIGHT` decimal(10,2) default NULL,
  `SIZE_LENGTH` decimal(10,2) default NULL,
  `SIZE_WIDTH` decimal(10,2) default NULL,
  `SIZE_HEIGHT` decimal(10,2) default NULL,
  `PRODUCT_REQUEST` varchar(2000) default NULL,
  `FACTORY` varchar(200) default NULL,
  `PRICE` decimal(10,2) default NULL,
  `AMOUNT` decimal(10,2) default NULL COMMENT '自动计算: 数量x单价',
  `CUNIT` varchar(10) default NULL,
  `BOX_NUM` int(11) default NULL,
  `EX_PRICE` decimal(10,2) default NULL COMMENT 'sales confirmation 中的价格（手填）',
  `EX_UNIT` varchar(10) default NULL COMMENT '$/￥',
  `NO_TAX` decimal(10,2) default NULL COMMENT '空着,EXCEL手工填',
  `TAX` decimal(10,2) default NULL COMMENT '收购单价=合同单价',
  `COST_PRICE` decimal(10,2) default NULL COMMENT '自动计算=数量x含税/1.17标准值',
  `COST_TAX` decimal(10,2) default NULL COMMENT '自动计算=数量x含税-收购成本金额',
  `ACCESSORIES` bit(1) default NULL,
  `ORDER_NO` int(11) default NULL,
  PRIMARY KEY  (`EXPORT_PRODUCT_ID`)
) ENGINE=InnoDB DEFAULT CHARSET=utf8;

/*Data for the table `export_product_c` */

insert  into `export_product_c`(`EXPORT_PRODUCT_ID`,`CONTRACT_PRODUCT_ID`,`EXPORT_ID`,`FACTORY_ID`,`CONTRACT_ID`,`CONTRACT_NO`,`PRODUCT_NAME`,`PRODUCT_NO`,`PRODUCT_IMAGE`,`PRODUCT_DESC`,`LOADING_RATE`,`PACKING_UNIT`,`CNUMBER`,`OUT_NUMBER`,`FINISHED`,`GROSS_WEIGHT`,`NET_WEIGHT`,`SIZE_LENGTH`,`SIZE_WIDTH`,`SIZE_HEIGHT`,`PRODUCT_REQUEST`,`FACTORY`,`PRICE`,`AMOUNT`,`CUNIT`,`BOX_NUM`,`EX_PRICE`,`EX_UNIT`,`NO_TAX`,`TAX`,`COST_PRICE`,`COST_TAX`,`ACCESSORIES`,`ORDER_NO`) values ('4028817a384511ae0138464db620000c','4028817a371562cf0137174770aa0029','4028817a384511ae0138464c953f000b','2','4028817a371562cf01371747709a0022','12JK1061',NULL,'JK1050317/12006','','全明料糖缸配明料盖子，糖缸刻交叉麦穗花\r\n尺寸：10.5X14CM高\r\n1只/五层内盒         12只/大箱\r\n大箱尺寸：59.5X40X21.5CM 如果实际的大箱尺寸超过我司提供的尺寸请提前通知我司。否则产生的后果由贵司承担','1/12','PCS',180,0,'\0','9.00','7.00','44.50','30.00','38.50',NULL,NULL,NULL,'374.40',NULL,15,'2.08',NULL,NULL,'11.00',NULL,NULL,'\0',7),('4028817a384511ae0138464db620000d','4028817a371562cf0137174770aa0028','4028817a384511ae0138464c953f000b','4028817a33d4f8b40133d99621cb0023','4028817a371562cf01371747709a0022','12JK1061',NULL,'JK1050195DECAL B/12859','496f37a8-9804-49fc-b09b-8573d054e8df.jpg','全明料香槟杯		\r\n距口部1.5CM烤蒙砂白花纸	\r\n尺寸：8X21CM高		\r\n4只/五层内盒       16只/大箱	\r\n花纸我司供\r\n大箱尺寸：43.5X42.5X27CM  如果实际的大箱尺寸超过我司提供的尺寸请提前通知我司。否则产生的后果由贵司承担','4/16','PCS',400,0,'\0','6.00','4.00','38.00','38.00','25.00',NULL,NULL,NULL,'480.00',NULL,25,'1.20',NULL,NULL,'6.00',NULL,NULL,'\0',6),('4028817a384511ae0138464db630000e','4028817a371562cf0137174770aa0024','4028817a384511ae0138464c953f000b','2','4028817a371562cf01371747709a0022','12JK1061',NULL,'JK1050201/12078','a92aa87c-c719-4c40-a59a-449a135f764b.jpg','全明料蛋糕罩配盘子,罩子上烤蒙砂白花纸		\r\n盘子尺寸：16X13CM高		\r\n罩子尺寸：15X11.5CM高		\r\n全高：22CM  花纸我司供	\r\n1套/上下保利龙垫/五层内盒	\r\n6套/大箱  保利龙垫工厂供\r\n大箱尺寸：如果实际的大箱尺寸超过我司提供的尺寸请提前通知我司。否则产生的后果由贵司承担','1/6','SETS',600,0,'\0','7.00','5.00','63.00','43.00','25.00',NULL,NULL,NULL,'2244.00',NULL,100,'3.74',NULL,NULL,'18.00',NULL,NULL,'\0',2),('4028817a384511ae0138464db630000f','4028817a371562cf0137174770aa002d','4028817a384511ae0138464c953f000b','4028817a33d4f8b40133d99621cb0023','4028817a371562cf01371747709a0022','12JK1061',NULL,'JK1050198/12860','','全明料酒杯，烤蒙砂白花纸\r\n尺寸：11X19CM高\r\n4只/五层内盒        16只/大箱\r\n大箱尺寸：54X53X24.5CM   如果实际的大箱尺寸超过我司提供的尺寸请提前通知我司。否则产生的后果由贵司承担','4/16','PCS',304,0,'\0','6.00','4.00','49.00','25.00','45.00',NULL,NULL,NULL,'389.12',NULL,19,'1.28',NULL,NULL,'6.50',NULL,NULL,'\0',11),('4028817a384511ae0138464db6300010','4028817a371562cf01371747709a0023','4028817a384511ae0138464c953f000b','15','4028817a371562cf01371747709a0022','12JK1061',NULL,'JK0329001/13078','','全明料转棱酒杯\r\n尺寸：9.5X18.5CM高\r\n4只/内盒       16只/大箱\r\n大箱尺寸：45X44X23.5CM    如果实际的大箱尺寸超过我司提供的尺寸请提前通知我司。否则产生的后果由贵司承担','4/16','PCS',4001,0,'\0','4.00','2.00','43.00','23.00','42.00',NULL,NULL,NULL,'700.00',NULL,25,'1.75',NULL,NULL,'9.80',NULL,NULL,'\0',1),('4028817a384511ae0138464db6300011','4028817a371562cf0137174770aa0026','4028817a384511ae0138464c953f000b','2','4028817a371562cf01371747709a0022','12JK1061',NULL,'JK1050316/12005','','全明料糖缸配明料盖子，糖缸刻交叉麦穗花\r\n尺寸：15X15CM高\r\n1只/五层内盒      6只/大箱\r\n大箱尺寸：44.5X30X38.5CM  如果实际的大箱尺寸超过我司提供的尺寸请提前通知我司。否则产生的后果由贵司承担','1/6','PCS',150,0,'\0','9.50','7.50','59.50','40.00','21.50',NULL,NULL,NULL,'433.50',NULL,25,'2.89',NULL,NULL,'14.00',NULL,NULL,'\0',4),('4028817a384511ae0138464db6300012','4028817a371562cf0137174770aa002b','4028817a384511ae0138464c953f000b','15','4028817a371562cf01371747709a0022','12JK1061',NULL,'JK0329002/13268','','全明料竖棱香槟杯\r\n尺寸：6.5X24.5CM高\r\n4只/内盒       16只/大箱\r\n大箱尺寸：37X36X29.5CM   如果实际的大箱尺寸超过我司提供的尺寸请提前通知我司。否则产生的后果由贵司承担','4/16','PCS',256,0,'\0','4.00','2.00','37.00','37.00','28.00',NULL,NULL,NULL,'483.84',NULL,16,'1.89',NULL,NULL,'10.60',NULL,NULL,'\0',9),('4028817a384511ae0138464db6300013','4028817a371562cf0137174770aa002a','4028817a384511ae0138464c953f000b','2','4028817a371562cf01371747709a0022','12JK1061',NULL,'JK103233/11301','','全明料糖缸带盖子，刻钻石描亮油\r\n尺寸：11X30.5CM高\r\n1只/五层内盒         12只/大箱\r\n大箱尺寸：57.5X43X30CM  如果实际的大箱尺寸超过我司提供的尺寸请提前通知我司。否则产生的后果由贵司承担','1/12','PCS',168,0,'\0','10.00','8.00','61.00','46.00','30.00',NULL,NULL,NULL,'591.36',NULL,14,'3.52',NULL,NULL,'18.00',NULL,NULL,'\0',8),('4028817a384511ae0138464db6300014','4028817a371562cf0137174770aa002c','4028817a384511ae0138464c953f000b','4028817a33d4f8b40133d99621cb0023','4028817a371562cf01371747709a0022','12JK1061',NULL,'JK1060019/11990','','全明料密直棱低口杯，棱效果要明显\r\n尺寸：9X10.5CM  \r\n4只/五层内盒           24只/大箱\r\n大箱尺寸：如果实际的大箱尺寸超过我司提供的尺寸请提前通知我司。否则产生的后果由贵司承担','4/24','PCS',504,0,'\0','7.00','5.00','63.00','22.00','27.00',NULL,NULL,NULL,'504.00',NULL,21,'1.00',NULL,NULL,'5.00',NULL,NULL,'\0',10),('4028817a384511ae0138464db6300015','4028817a371562cf0137174770aa0027','4028817a384511ae0138464c953f000b','4028817a33d4f8b40133d99621cb0023','4028817a371562cf01371747709a0022','12JK1061',NULL,'JK103136/11988','2c293f64-0310-4cfa-b607-81fd28cfe359.jpg','明料密直棱酒杯，底厚要求5MM	\r\n尺寸：9X17.5CM高		\r\n4只/五层内盒     16只/五层大箱	\r\n直棱要强，棱的宽带要尽量保持一致\r\n大箱尺寸：49X48X23.5CM   如果实际的大箱尺寸超过我司提供的尺寸请提前通知我司。否则产生的后果由贵司承担','4/16','PCS',304,0,'\0','6.00','4.00','42.00','21.00','41.00',NULL,NULL,NULL,'358.72',NULL,19,'1.18',NULL,NULL,'6.30',NULL,NULL,'\0',5),('4028817a384511ae0138464db6300016','4028817a371562cf0137174770aa0025','4028817a384511ae0138464c953f000b','15','4028817a371562cf01371747709a0022','12JK1061',NULL,'JK0329003/13269','','全明料竖棱低口杯\r\n尺寸：9X8.5CM高\r\n4只/内盒           48只/大箱\r\n大箱尺寸：64X43X25CM   如果实际的大箱尺寸超过我司提供的尺寸请提前通知我司。否则产生的后果由贵司承担','4/48','PCS',480,0,'\0','3.50','1.50','41.00','21.00','22.00',NULL,NULL,NULL,'480.00',NULL,30,'1.00',NULL,NULL,'5.60',NULL,NULL,'\0',3),('4028817a384511ae0138464db6300017','4028817a371562cf0137174770aa002e','4028817a384511ae0138464c953f000b','15','4028817a371562cf01371747709a0022','12JK1061',NULL,'JK1040158/12068','','明料灯宫细转棱蜡台\r\n尺寸：6X26CM高\r\n4只/内盒          16只/大箱\r\n大箱尺寸：48X48X31CM   如果实际的大箱尺寸超过我司提供的尺寸请提前通知我司。否则产生的后果由贵司承担','4/16','PCS',160,0,'\0','4.00','2.00','45.00','45.00','29.00',NULL,NULL,NULL,'291.20',NULL,10,'1.82',NULL,NULL,'9.70',NULL,NULL,'\0',12),('4028817a387362980138738e5ddb0002','4028817a371a8d7f01372a6e237b0061','4028817a387362980138738ab18c0001','7','4028817a371a8d7f01372a6e236b0059','12JK1039',NULL,'JK3600010/JK010','','全明料上翻裙边蛋糕盘粘底座\r\n尺寸：32X14.5CM高\r\n1只/白盒          2只/大箱\r\n大箱尺寸：37X36X36CM    大箱的实际尺寸和我司要求的不一致，请及时通知我司，否则产生的后果由贵厂承担。','1/2','PCS',600,0,'\0','5.00','3.00','35.00','34.00','33.00',NULL,NULL,NULL,'2250.00',NULL,300,'3.75',NULL,NULL,'14.00',NULL,NULL,'\0',13),('4028817a387362980138738e5dea0003','4028817a371a8d7f01372a6e237b0060','4028817a387362980138738ab18c0001','4','4028817a371a8d7f01372a6e236b0059','12JK1039',NULL,'JK103136/JK136','','套6明料明料密直棱白酒杯\r\n尺寸：9X17.5CM高\r\n1套/白盒           2套/大箱\r\n大箱尺寸：42X31X21.5CM    大箱的实际尺寸如果和我司要求的不一致，请及时通知我司，否则产生的后果由贵厂承担。','1/2','SETS',120,0,'\0','4.50','2.50','41.00','31.00','21.00',NULL,NULL,NULL,'786.00',NULL,60,'6.55',NULL,NULL,'30.00',NULL,NULL,'\0',7),('4028817a387362980138738e5dea0004','4028817a371a8d7f01372a6e237b0063','4028817a387362980138738ab18c0001','4','4028817a371a8d7f01372a6e236b0059','12JK1039',NULL,'JK1050930/JK930','','套6密直棱高口杯，棱要明显\r\n尺寸：8.5X13CM高\r\n1套/白盒            4套/大箱\r\n大箱尺寸：40X29X32CM     大箱的实际尺寸如果和我司要求的不一致，请及时通知我司，否则产生的后果由贵厂承担。','1/4','SETS',180,0,'\0','7.00','5.00','40.00','30.00','33.00',NULL,NULL,NULL,'946.80',NULL,45,'5.26',NULL,NULL,'27.00',NULL,NULL,'\0',6),('4028817a387362980138738e5dfa0005','4028817a371a8d7f01372a6e237b005b','4028817a387362980138738ab18c0001','4','4028817a371a8d7f01372a6e236b0059','12JK1039',NULL,'JK1040042/JK042','','套6高口杯，口杯刻麦穗花\r\n尺寸：8X12CM高\r\n1套/白盒          8套/大箱\r\n大箱尺寸;55X37X30CM   大箱的实际尺寸和我司要求的不一致，请及时通知我司，否则产生的后果由贵厂承担。','1/8','SETS',184,0,'\0','11.50','9.50','55.00','37.00','30.00',NULL,NULL,NULL,'1072.72',NULL,23,'5.83',NULL,NULL,'28.80',NULL,NULL,'\0',4),('4028817a387362980138738e5dfa0006','4028817a371a8d7f01372a6e237b0064','4028817a387362980138738ab18c0001','7','4028817a371a8d7f01372a6e236b0059','12JK1039',NULL,'JK3600009/JK009','','全明料上翻裙边蛋糕盘粘底座\r\n尺寸：22X13CM高\r\n1只/白盒          4只/大箱\r\n大箱尺寸：49X26X33CM   大箱的实际尺寸和我司要求的不一致，请及时通知我司，否则产生的后果由贵厂承担。','1/4','PCS',600,0,'\0','6.00','4.00','50.00','26.00','30.00',NULL,NULL,NULL,'1500.00',NULL,150,'2.50',NULL,NULL,'10.00',NULL,NULL,'\0',12),('4028817a387362980138738e5dfa0007','4028817a371a8d7f01372a6e237b0065','4028817a387362980138738ab18c0001','2','4028817a371a8d7f01372a6e236b0059','12JK1039',NULL,'JK1050317/JK317C','','全明料糖缸带明料盖子，糖缸刻交叉麦穗花\r\n尺寸：10.5X14CM 高\r\n1只/白盒              12只/大箱\r\n大箱尺寸：42X28X35CM ,大箱的实际尺寸和我司要求的不一致，请提前通知我司，否则产生的后果由贵厂承担。','1/12','PCS',600,0,'\0','13.00','11.00','42.00','28.00','35.00',NULL,NULL,NULL,'1350.00',NULL,50,'2.25',NULL,NULL,'10.80',NULL,NULL,'\0',2),('4028817a387362980138738e5e0a0008','4028817a371a8d7f01372a6e237b0066','4028817a387362980138738ab18c0001','7','4028817a371a8d7f01372a6e236b0059','12JK1039',NULL,'JK103956-P/JK956/1','','全明料长方形钻石盘\r\n尺寸：33X13.5X1.5CM\r\n4只/白盒              24只/大箱\r\n大箱尺寸：37X31X28CM   大箱的实际尺寸和我司要求的不一样，请及时通知我司，否则产生的后果由贵厂承担。','4/24','PCS',720,0,'\0','21.00','19.00','31.00','23.00','37.00',NULL,NULL,NULL,'1576.80',NULL,30,'2.19',NULL,NULL,'9.00',NULL,NULL,'\0',3),('4028817a387362980138738e5e0a0009','4028817a371a8d7f01372a6e237b005c','4028817a387362980138738ab18c0001','4','4028817a371a8d7f01372a6e236b0059','12JK1039',NULL,'JK4110029/JK029','','套6海蓝色竖棱低口杯\r\n尺寸：9X9.5CM\r\n1套/白盒           4套/大箱','1/4','SETS',300,0,'\0','6.00','4.00','42.00','32.00','24.00',NULL,NULL,NULL,'1680.00',NULL,75,'5.60',NULL,NULL,'27.00',NULL,NULL,'\0',9),('4028817a387362980138738e5e19000a','4028817a371a8d7f01372a6e237b0067','4028817a387362980138738ab18c0001','4','4028817a371a8d7f01372a6e236b0059','12JK1039',NULL,'JK4100007/JK007','','全明料水升，口部刻麦穗花\r\n尺寸：13X22CM高\r\n1只/白盒           6只/大箱\r\n大箱尺寸：51X35X27CM   大箱的实际尺寸和我司要求的不一致，请及时通知我司，否则产生的后果由贵厂承担。','1/6','PCS',480,0,'\0','4.00','2.00','50.00','35.00','27.00',NULL,NULL,NULL,'1728.00',NULL,80,'3.60',NULL,NULL,'16.50',NULL,NULL,'\0',11),('4028817a387362980138738e5e19000b','4028817a371a8d7f01372a6e237b005f','4028817a387362980138738ab18c0001','2','4028817a371a8d7f01372a6e236b0059','12JK1039',NULL,'JK1050316/JK316C','','全明料糖缸带明料盖子，糖缸刻交叉麦穗花\r\n尺寸：15X15CM高\r\n1只/白盒              6只/大箱\r\n大箱尺寸：57X38X20CM  大箱的实际尺寸和我司要求的不一致，请提前通知我司，否则产生的后果由贵厂承担。','1/6','PCS',600,0,'\0','12.00','10.00','57.00','38.00','20.00',NULL,NULL,NULL,'1830.00',NULL,100,'3.05',NULL,NULL,'13.80',NULL,NULL,'\0',1),('4028817a387362980138738e5e29000c','4028817a371a8d7f01372a6e237b005e','4028817a387362980138738ab18c0001','4','4028817a371a8d7f01372a6e236b0059','12JK1039',NULL,'JK4410026/JK026','','海蓝色宽竖棱死模水升\r\n尺寸：11X23CM高\r\n1只/白盒          4只/大箱\r\n大箱尺寸：44X43X28CM    大箱的实际尺寸和我司要求的不一致，请及时通知我司。','1/4','PCS',480,0,'\0','4.00','2.00','42.00','42.00','27.00',NULL,NULL,NULL,'1800.00',NULL,120,'3.75',NULL,NULL,'17.00',NULL,NULL,'\0',8),('4028817a387362980138738e5e29000d','4028817a371a8d7f01372a762df40069','4028817a387362980138738ab18c0001','4028817a371a8d7f01372a74451f0068','4028817a371a8d7f01372a6e236b0059','12JK1039',NULL,'JK103209/JK209K','','电镀铁架\r\n配2层打孔钻石盘','1/12','PCS',600,0,'\0',NULL,NULL,NULL,NULL,NULL,NULL,NULL,NULL,'3120.00',NULL,50,NULL,NULL,NULL,'5.20',NULL,NULL,'\0',15),('4028817a387362980138738e5e29000e','4028817a371a8d7f01372a6e237b005d','4028817a387362980138738ab18c0001','9','4028817a371a8d7f01372a6e236b0059','12JK1039',NULL,'JK103209/JK209K','','全明料2层蛋糕盘，打孔配铁架\r\n尺寸：21/14CMX2.5CM\r\n1套/内盒           12套/大箱\r\n大箱尺寸：46.5X32X25CM   大箱的实际尺寸和我司要求的不一致，请及时通知我司，否则产生的后果由贵厂承担。','1/12','SETS',600,0,'\0','10.00','8.00','40.00','25.00','48.00',NULL,NULL,NULL,'1530.00',NULL,50,'2.55',NULL,NULL,'8.00',NULL,NULL,'\0',14),('4028817a387362980138738e5e29000f','4028817a371a8d7f01372a6e236b005a','4028817a387362980138738ab18c0001','4','4028817a371a8d7f01372a6e236b0059','12JK1039',NULL,'JK4110096/JK096','','套6海蓝色死模疙瘩高口杯\r\n尺寸：8.5X14.5CM高\r\n1套/白盒          4套/大箱\r\n大箱尺寸：60X41X19.5CM高    大箱的实际尺寸和我司要求的不一致，请及时通知我司，否则产生的后果由贵厂承担。','1/4','SETS',240,0,'\0','7.00','5.00','40.00','30.00','33.00',NULL,NULL,NULL,'1428.00',NULL,60,'5.95',NULL,NULL,'28.80',NULL,NULL,'\0',10),('4028817a387362980138738e5e290010','4028817a371a8d7f01372a6e237b0062','4028817a387362980138738ab18c0001','7','4028817a371a8d7f01372a6e236b0059','12JK1039',NULL,'JK956-1 FOOTED/JK956R','','全明料长方形钻石盘粘方底座\r\n尺寸：33X13.5X10.5CM高\r\n1只/五层内盒       8只/大箱\r\n大箱尺寸：69X30X25CM   大箱的实际尺寸和我司要求的不一致，请及时通知我司，否则产生的后果由贵厂承担。','1/8','PCS',720,0,'\0','9.50','7.50','64.00','37.00','27.00',NULL,NULL,NULL,'2088.00',NULL,90,'2.90',NULL,NULL,'15.00',NULL,NULL,'\0',5),('4028817a387db33d01387fad4d1c0014','4028817a3790d06f013792b094da0023','4028817a387db33d01387faba0180013','4028817a33d4f8b40133d9989f5e0024','4028817a3790d06f013792b094da001b','C/1655/12',NULL,'6556','ba19d9b4-cea1-496a-9f48-3726ecdbd84c.jpg','全明料冰花风灯，内镀花银外喷紫色渐变色\r\n尺寸：15.3X19.5CM高\r\n1只/内盒               6只/大箱','1/6','PCS',210,0,'\0','11.00','9.00','51.00','34.00','24.00',NULL,NULL,NULL,'493.50',NULL,35,'2.35',NULL,NULL,'12.50',NULL,NULL,'\0',2),('4028817a387db33d01387fad4d2c0015','4028817a3790d06f013792b7b8ea0029','4028817a387db33d01387faba0180013','4028817a37583d45013758d152450038','4028817a3790d06f013792b094da001b','C/1655/12',NULL,'6672','0a9e4746-6f74-4613-aeb5-691929f1f590.jpg','全明料麻花挺风灯，杯碗电镀喷钴蓝色\r\n电镀我司安排\r\n尺寸：35CM高\r\n1只/五层内盒       6只/大箱','1/6','PCS',252,0,'\0','7.00','5.00','53.00','35.00','44.50',NULL,NULL,NULL,'768.60',NULL,42,'3.05',NULL,NULL,'13.80',NULL,NULL,'\0',15),('4028817a387db33d01387fad4d2c0016','4028817a3790d06f013792b7b8ea002a','4028817a387db33d01387faba0180013','4028817a37583d45013758d152450038','4028817a3790d06f013792b094da001b','C/1655/12',NULL,'6664','96f82312-e5ed-4367-807c-5a5a118f2a04.jpg','全明料麻花挺风灯，杯碗电镀喷紫色\r\n电镀喷色我司安排\r\n尺寸：35CM高\r\n1只/五层内盒         6只/大箱','1/6','PCS',252,0,'\0','7.00','5.00','53.00','35.00','44.50',NULL,NULL,NULL,'768.60',NULL,42,'3.05',NULL,NULL,'13.80',NULL,NULL,'\0',14),('4028817a387db33d01387fad4d3b0017','4028817a3790d06f013792b094da0021','4028817a387db33d01387faba0180013','4028817a37583d45013758d152450038','4028817a3790d06f013792b094da001b','C/1655/12',NULL,'6648','0377f1fa-f92c-44b5-bea2-8c17095641a2.jpg','全明料菱形块图案风灯，麻花挺，杯碗电镀喷琥珀色\r\n电镀我司安排\r\n尺寸：14X35CM高\r\n1只/五层内盒          6只/大箱','1/6','PCS',252,0,'\0','7.00','5.00','56.00','37.00','44.50',NULL,NULL,NULL,'768.60',NULL,42,'3.05',NULL,NULL,'13.80',NULL,NULL,'\0',10),('4028817a387db33d01387fad4d3b0018','4028817a3790d06f013792b094da001e','4028817a387db33d01387faba0180013','4028817a37583d45013758d152450038','4028817a3790d06f013792b094da001b','C/1655/12',NULL,'6650','a1488e51-c8c5-410f-a7b3-842d4b6f660c.jpg','全明料菱形块图案风灯，麻花挺，杯碗电镀喷紫色\r\n电镀喷色我司安排\r\n尺寸：14X35CM高\r\n1只/五层内盒       6只/大箱','1/6','PCS',252,0,'\0','7.00','5.00','56.00','37.00','44.50',NULL,NULL,NULL,'768.60',NULL,42,'3.05',NULL,NULL,'13.80',NULL,NULL,'\0',11),('4028817a387db33d01387fad4d4b0019','4028817a3790d06f013792b094da0026','4028817a387db33d01387faba0180013','4028817a37583d45013758d152450038','4028817a3790d06f013792b094da001b','C/1655/12',NULL,'6652','7cee6feb-0f65-465b-b39e-f1bd6c9a1e66.jpg','全明料菱形块图案风灯，麻花挺，杯碗电镀喷钴蓝色\r\n电镀喷色我司安排\r\n尺寸：14X35CM高\r\n1只/内盒           6只/大箱','1/6','PCS',252,0,'\0','7.00','5.00','56.00','37.00','44.50',NULL,NULL,NULL,'768.60',NULL,42,'3.05',NULL,NULL,'13.80',NULL,NULL,'\0',12),('4028817a387db33d01387fad4d4b001a','4028817a3790d06f013792b094da0027','4028817a387db33d01387faba0180013','4028817a37583d45013758d152450038','4028817a3790d06f013792b094da001b','C/1655/12',NULL,'6655','156a71be-3726-4c1f-acc7-32d6eae35bf2.jpg','全明料麻花挺风灯，杯碗电镀喷琥珀色\r\n电镀喷色我司安排\r\n尺寸：35CM高\r\n1只/五层内盒         6只/大箱','1/6','PCS',252,0,'\0','7.00','5.00','53.00','35.00','44.50',NULL,NULL,NULL,'768.60',NULL,42,'3.05',NULL,NULL,'13.80',NULL,NULL,'\0',13),('4028817a387db33d01387fad4d4b001b','4028817a3790d06f013792b094da0024','4028817a387db33d01387faba0180013','4028817a33d4f8b40133d9989f5e0024','4028817a3790d06f013792b094da001b','C/1655/12',NULL,'6559','7c49c542-6ac7-4e02-8bca-8fa36e00732e.jpg','全明料冰花风灯，内镀花银外喷钴蓝色渐变色\r\n尺寸：15.3X19.5CM高\r\n1只/内盒               6只/大箱','1/6','PCS',210,0,'\0','11.00','9.00','51.00','34.00','24.00',NULL,NULL,NULL,'493.50',NULL,35,'2.35',NULL,NULL,'12.50',NULL,NULL,'\0',3),('4028817a387db33d01387fad4d4b001c','4028817a3790d06f013792b094da0022','4028817a387db33d01387faba0180013','4028817a33d4f8b40133d9989f5e0024','4028817a3790d06f013792b094da001b','C/1655/12',NULL,'6644','bd9fde02-a7c4-41a7-b909-4f4ad1132366.jpg','全明料半冰花糖缸配盖子，内镀花银外喷紫色渐变色\r\n尺寸：9.5X29CM高\r\n1只/内盒           6只/大箱','1/6','PCS',210,0,'\0','8.00','6.00','40.00','27.00','30.00',NULL,NULL,NULL,'619.50',NULL,35,'2.95',NULL,NULL,'16.50',NULL,NULL,'\0',8),('4028817a387db33d01387fad4d4b001d','4028817a3790d06f013792b094da0020','4028817a387db33d01387faba0180013','4028817a33d4f8b40133d9989f5e0024','4028817a3790d06f013792b094da001b','C/1655/12',NULL,'6600','252586f6-c12d-4702-af8b-1ecd256ae946.jpg','全明料半冰花糖缸配盖子，内镀花银外喷琥珀渐变色\r\n尺寸：8.3X24CM高\r\n1只/内盒               6只/大箱','1/6','PCS',210,0,'\0','7.00','5.00','45.00','30.00','24.00',NULL,NULL,NULL,'546.00',NULL,35,'2.60',NULL,NULL,'14.50',NULL,NULL,'\0',4),('4028817a387db33d01387fad4d4b001e','4028817a3790d06f013792b094da0028','4028817a387db33d01387faba0180013','4028817a33d4f8b40133d9989f5e0024','4028817a3790d06f013792b094da001b','C/1655/12',NULL,'6641','5d10824f-617d-485c-b844-98a1af93b295.jpg','全明料半冰花糖缸配盖子，内镀花银外喷钴蓝色渐变色\r\n尺寸：8.3X24CM高\r\n1只/内盒           6只/大箱','1/6','PCS',210,0,'\0','7.00','5.00','45.00','30.00','24.00',NULL,NULL,NULL,'546.00',NULL,35,'2.60',NULL,NULL,'14.50',NULL,NULL,'\0',6),('4028817a387db33d01387fad4d4b001f','4028817a3790d06f013792b094da001f','4028817a387db33d01387faba0180013','4028817a33d4f8b40133d9989f5e0024','4028817a3790d06f013792b094da001b','C/1655/12',NULL,'6555','dba477fd-59af-4466-8af1-1dcbb0131253.jpg','全明料冰花风灯，内镀花银外喷琥珀渐变色\r\n尺寸：15.3X19.5CM高\r\n1只/内盒           6只/大箱','1/6','PCS',210,0,'\0','11.00','9.00','51.00','34.00','24.00',NULL,NULL,NULL,'493.50',NULL,35,'2.35',NULL,NULL,'12.50',NULL,NULL,'\0',1),('4028817a387db33d01387fad4d4b0020','4028817a3790d06f013792b094da001d','4028817a387db33d01387faba0180013','4028817a33d4f8b40133d9989f5e0024','4028817a3790d06f013792b094da001b','C/1655/12',NULL,'6609','ada340dc-4089-4803-8561-f31f2a14e8d2.jpg','全明料半冰花糖缸喷盖子，内镀花银外喷紫色渐变色\r\n尺寸：8.3X24CM高\r\n1只/内盒                6只/大箱','1/6','PCS',210,0,'\0','7.00','5.00','45.00','30.00','24.00',NULL,NULL,NULL,'546.00',NULL,35,'2.60',NULL,NULL,'14.50',NULL,NULL,'\0',5),('4028817a387db33d01387fad4d4b0021','4028817a3790d06f013792b094da001c','4028817a387db33d01387faba0180013','4028817a33d4f8b40133d9989f5e0024','4028817a3790d06f013792b094da001b','C/1655/12',NULL,'6643','e419e4ab-a271-4b87-9fb5-ef97bf42cc72.jpg','全明料半冰花糖缸配盖子，内镀花银外喷琥珀渐变色\r\n尺寸：9.5X29CM高\r\n1只/内盒           6只/大箱','1/6','PCS',210,0,'\0','8.00','6.00','40.00','27.00','30.00',NULL,NULL,NULL,'619.50',NULL,35,'2.95',NULL,NULL,'16.50',NULL,NULL,'\0',7),('4028817a387db33d01387fad4d4b0022','4028817a3790d06f013792b094da0025','4028817a387db33d01387faba0180013','4028817a33d4f8b40133d9989f5e0024','4028817a3790d06f013792b094da001b','C/1655/12',NULL,'6646','f154ae39-907d-4782-9f02-86ad19905673.jpg','全明料半冰花糖缸配盖子，内镀花银外喷钴蓝色渐变色\r\n尺寸：9.5X29CM高\r\n1只/内盒           6只/大箱','1/6','PCS',210,0,'\0','8.00','6.00','40.00','27.00','30.00',NULL,NULL,NULL,'619.50',NULL,35,'2.95',NULL,NULL,'16.50',NULL,NULL,'\0',9),('4028817a38fe72b00139003062bf000f','4028817a371562cf0137174b533b0036','4028817a38fe72b00139002e9811000e','2','4028817a371562cf0137174b533b002f','12JK1062',NULL,'JK1050316/12005','undefined','全明料糖缸配盖子，糖缸刻交叉麦穗花\r\n尺寸：15X15CM高\r\n1只/五层内盒        6只/大箱\r\n大箱尺寸：44.5X30X38.5CM    如果实际的大箱尺寸超过我司提供的尺寸请提前通知我司。否则产生的后果由贵司承担','1/6','PCS',216,0,'\0','9.50','7.50','57.00','40.00','21.50',NULL,NULL,NULL,'624.24',NULL,36,'2.89',NULL,NULL,'12.50',NULL,NULL,'\0',2),('4028817a38fe72b00139003064460010','4028817a371562cf0137174b533b0033','4028817a38fe72b00139002e9811000e','4','4028817a371562cf0137174b533b002f','12JK1062',NULL,'JK1070040/12786','','全明料低口杯，烤蒙砂白花纸\r\n尺寸：9X10.5CM高\r\n4只/五层内盒          24只/大箱\r\n大箱尺寸：64X22X29CM    如果实际的大箱尺寸超过我司提供的尺寸请提前通知我司。否则产生的后果由贵司承担','4/24','PCS',600,0,'\0','7.50','5.50','64.50','22.00','29.00',NULL,NULL,NULL,'618.00',NULL,25,'1.03',NULL,NULL,'4.30',NULL,NULL,'\0',10),('4028817a38fe72b00139003064460011','4028817a371562cf0137174b533b0037','4028817a38fe72b00139002e9811000e','4028817a33d4f8b40133d99621cb0023','4028817a371562cf0137174b533b002f','12JK1062',NULL,'JK1050198/12860','','全明料酒杯，烤蒙砂白花纸\r\n尺寸：11X19CM高\r\n4只/五层内盒        16只/大箱\r\n大箱尺寸：54X53X24.5CM   如果实际的大箱尺寸超过我司提供的尺寸请提前通知我司。否则产生的后果由贵司承担','4/16','PCS',240,0,'\0','6.00','4.00','49.00','25.00','45.00',NULL,NULL,NULL,'307.20',NULL,15,'1.28',NULL,NULL,'6.50',NULL,NULL,'\0',9),('4028817a38fe72b00139003064460012','4028817a371562cf0137174b533b0030','4028817a38fe72b00139002e9811000e','4028817a33d4f8b40133d99621cb0023','4028817a371562cf0137174b533b002f','12JK1062',NULL,'JK103822/11999','','全明料粗实挺底气泡白酒杯\r\n尺寸：8.5X20CM高\r\n4只/五层内盒     24只/大箱\r\n大箱尺寸：64X42X25CM    如果实际的大箱尺寸超过我司提供的尺寸请提前通知我司。否则产生的后果由贵司承担','4/24','PCS',456,0,'\0','8.00','6.00','58.00','39.00','24.00',NULL,NULL,NULL,'715.92',NULL,19,'1.57',NULL,NULL,'8.50',NULL,NULL,'\0',4),('4028817a38fe72b00139003064460013','4028817a371562cf0137174b533b0035','4028817a38fe72b00139002e9811000e','2','4028817a371562cf0137174b533b002f','12JK1062',NULL,'JK1060185/12062','','全明料斜口壶，口部磨口抛光\r\n尺寸：7.5X25.5CM高\r\n1只/五层内盒        4只/大箱\r\n大箱尺寸：48.5X47.5X31CM   如果实际的大箱尺寸超过我司提供的尺寸请提前通知我司。否则产生的后果由贵司承担','1/4','PCS',612,0,'\0','6.00','4.00','47.00','46.00','30.50',NULL,NULL,NULL,'1566.72',NULL,153,'2.56',NULL,NULL,'12.30',NULL,NULL,'\0',7),('4028817a38fe72b00139003064460014','4028817a371562cf0137174b533b0038','4028817a38fe72b00139002e9811000e','15','4028817a371562cf0137174b533b002f','12JK1062',NULL,'JK1040158/12068','','明料灯宫细转棱蜡台\r\n尺寸：6X26CM高\r\n4只/内盒          16只/大箱\r\n大箱尺寸：48X48X31CM   如果实际的大箱尺寸超过我司提供的尺寸请提前通知我司。否则产生的后果由贵司承担','4/16','PCS',336,0,'\0','4.00','2.00','45.00','45.00','29.00',NULL,NULL,NULL,'611.52',NULL,21,'1.82',NULL,NULL,'9.70',NULL,NULL,'\0',8),('4028817a38fe72b00139003064460015','4028817a371562cf0137174b533b0032','4028817a38fe72b00139002e9811000e','1','4028817a371562cf0137174b533b002f','12JK1062',NULL,'JK1050154/11308','','全明料香槟杯\r\n尺寸：5X29CM高\r\n4只/五层内盒         16只/大箱\r\n大箱尺寸：38X37X33CM  如果实际的大箱尺寸超过我司提供的尺寸请提前通知我司。否则产生的后果由贵司承担','4/16','PCS',736,0,'\0','5.00','3.00','36.00','35.00','34.00',NULL,NULL,NULL,'1104.00',NULL,46,'1.50',NULL,NULL,'8.00',NULL,NULL,'\0',5),('4028817a38fe72b00139003064460016','4028817a371562cf0137174b533b0034','4028817a38fe72b00139002e9811000e','2','4028817a371562cf0137174b533b002f','12JK1062',NULL,'JK1050317/12006','','全明料糖缸配明料盖子，糖缸刻交叉麦穗花\r\n尺寸：10.5X14CM高\r\n1只/五层内盒         12只/大箱\r\n大箱尺寸：59.5X40X21.5CM 如果实际的大箱尺寸超过我司提供的尺寸请提前通知我司。否则产生的后果由贵司承担','1/12','PCS',300,0,'\0','9.00','7.00','44.50','30.00','38.50',NULL,NULL,NULL,'624.00',NULL,25,'2.08',NULL,NULL,'11.00',NULL,NULL,'\0',3),('4028817a38fe72b00139003064460017','4028817a371562cf0137174b533b003a','4028817a38fe72b00139002e9811000e','2','4028817a371562cf0137174b533b002f','12JK1062',NULL,'JK103233/11301','','全明料糖缸带盖子，刻钻石描亮油\r\n尺寸：11X30.5CM高\r\n1只/五层内盒         12只/大箱\r\n大箱尺寸：57.5X43X30CM  如果实际的大箱尺寸超过我司提供的尺寸请提前通知我司。否则产生的后果由贵司承担','1/12','PCS',168,0,'\0','10.00','8.00','61.00','46.00','30.00',NULL,NULL,NULL,'591.36',NULL,14,'3.52',NULL,NULL,'18.00',NULL,NULL,'\0',1),('4028817a38fe72b00139003064460018','4028817a371562cf0137174b533b003b','4028817a38fe72b00139002e9811000e','4028817a33d4f8b40133d99621cb0023','4028817a371562cf0137174b533b002f','12JK1062',NULL,'JK1060019/11990','','全明料密直棱低口杯，棱效果要明显\r\n尺寸：9X10.5CM  \r\n4只/五层内盒           24只/大箱\r\n大箱尺寸：如果实际的大箱尺寸超过我司提供的尺寸请提前通知我司。否则产生的后果由贵司承担','4/24','PCS',624,0,'\0','7.00','5.00','63.00','22.00','27.00',NULL,NULL,NULL,'624.00',NULL,26,'1.00',NULL,NULL,'5.00',NULL,NULL,'\0',12),('4028817a38fe72b00139003064460019','4028817a371562cf0137174b533b0039','4028817a38fe72b00139002e9811000e','4028817a33d4f8b40133d99621cb0023','4028817a371562cf0137174b533b002f','12JK1062',NULL,'JK103136/11988','','全明料密直棱酒杯，直棱效果要明显，棱的宽带要保持一致\r\n尺寸：9X17.5CM高\r\n4只/五层内盒          16只/大箱\r\n大箱尺寸：49X48X23.5CM高    如果实际的大箱尺寸超过我司提供的尺寸请提前通知我司。否则产生的后果由贵司承担','4/16','PCS',112,0,'\0','6.00','4.00','42.00','21.00','41.00',NULL,NULL,NULL,'132.16',NULL,7,'1.18',NULL,NULL,'6.30',NULL,NULL,'\0',11),('4028817a38fe72b0013900306446001a','4028817a371562cf0137174b533b0031','4028817a38fe72b00139002e9811000e','1','4028817a371562cf0137174b533b002f','12JK1062',NULL,'JK1050068/11314','','全明料马丁尼，口部描1CM白金边\r\n尺寸：12X19CM高\r\n4只/五层内盒      16只/大箱\r\n大箱尺寸：54X53X25CM  如果实际的大箱尺寸超过我司提供的尺寸请提前通知我司。否则产生的后果由贵司承担','4/16','PCS',736,0,'\0','4.50','2.50','52.00','51.00','25.00',NULL,NULL,NULL,'1619.20',NULL,46,'2.20',NULL,NULL,'12.00',NULL,NULL,'\0',6),('4028817a399492a2013995235f480003','4028817a37aa9d700137aae55503000b','4028817a399492a20139951fbe440002','2','4028817a37aa9d700137aae555030006','C/1743/12',NULL,'1125','8181ab2b-40f6-4940-a95f-d00499526439.jpg','全明料糖缸，刻麦穗花和竖道\r\n尺寸：8X18\"高\r\n1只/上中下保丽龙垫/内盒    2只/大箱\r\n保丽龙垫工厂供','1/2','PCS',1200,0,'\0','6.00','4.00','55.00','27.50','49.50',NULL,NULL,NULL,'7320.00',NULL,600,'6.10',NULL,NULL,'30.00',NULL,NULL,'\0',1),('4028817a399492a2013995235f580004','4028817a37aa9d700137aae55503000d','4028817a399492a20139951fbe440002','1','4028817a37aa9d700137aae555030006','C/1743/12',NULL,'7297','f07d275d-7933-4951-9bca-f0366841e7e9.jpg','全明料麻花挺风灯，杯碗电镀喷红色\r\n电镀喷色我司安排\r\n尺寸：35CM高\r\n1只/内盒           6只/大箱','1/6','PCS',1200,0,'\0','6.50','4.50','60.00','39.00','39.00',NULL,NULL,NULL,'3660.00',NULL,200,'3.05',NULL,NULL,'14.00',NULL,NULL,'\0',7),('4028817a399492a2013995235f580005','4028817a37aa9d700137aae55503000f','4028817a399492a20139951fbe440002','1','4028817a37aa9d700137aae555030006','C/1743/12',NULL,'7298','176df9c7-7fe4-4ba1-a7c9-8fc2b28629bd.jpg','全明料麻花挺风灯，杯碗电镀\r\n电镀我司安排\r\n尺寸：35CM高\r\n1只/内盒         6只/大箱','1/6','PCS',1800,0,'\0','6.50','4.50','60.00','39.00','39.00',NULL,NULL,NULL,'5490.00',NULL,300,'3.05',NULL,NULL,'14.00',NULL,NULL,'\0',8),('4028817a399492a2013995235f580006','4028817a37aa9d700137aae55503000c','4028817a399492a20139951fbe440002','1','4028817a37aa9d700137aae555030006','C/1743/12',NULL,'7299','1357ae56-32e5-421d-b008-b0cc77847f58.jpg','全明料麻花挺风灯，杯碗电镀喷红色\r\n电镀我司安排\r\n尺寸：35CM高\r\n1只/内盒          6只/大箱','1/6','PCS',1200,0,'\0','7.50','5.50','57.00','38.00','39.00',NULL,NULL,NULL,'3660.00',NULL,200,'3.05',NULL,NULL,'14.00',NULL,NULL,'\0',9),('4028817a399492a2013995235f670007','4028817a37aa9d700137aae555030007','4028817a399492a20139951fbe440002','1','4028817a37aa9d700137aae555030006','C/1743/12',NULL,'7373','923e19c8-fc2b-4b24-bf12-04932ceeda22.jpg','全明料麻花挺风灯，杯碗电镀\r\n电镀我司安排\r\n尺寸：35CM高\r\n1只/内盒          6只/大箱','1/6','PCS',1800,0,'\0','7.50','5.50','57.00','38.00','39.00',NULL,NULL,NULL,'5490.00',NULL,300,'3.05',NULL,NULL,'14.00',NULL,NULL,'\0',10),('4028817a399492a2013995235f670008','4028817a37aa9d700137aae55503000e','4028817a399492a20139951fbe440002','7','4028817a37aa9d700137aae555030006','C/1743/12',NULL,'7048','e37aef04-fa0a-453f-8a01-3264aa0dd50a.jpg','全明料带底座蛋糕盘，喷珠光喷金色\r\n尺寸：32X13.3CM\r\n1只/五层内盒        4只/大箱','1/4','PCS',900,0,'\0','7.00','5.00','69.00','35.00','32.00',NULL,NULL,NULL,'3465.00',NULL,225,'3.85',NULL,NULL,'20.00',NULL,NULL,'\0',6),('4028817a399492a2013995235f670009','4028817a37aa9d700137aae55503000a','4028817a399492a20139951fbe440002','7','4028817a37aa9d700137aae555030006','C/1743/12',NULL,'7038','2770a193-10b1-46f8-aa8b-c45f2a2f759c.jpg','全明料带底座蛋糕盘，喷珠光喷金色喷漆\r\n尺寸：30.5X10CM高\r\n1只/五层内盒        4只/大箱','1/4','PCS',900,0,'\0','6.00','4.00','67.00','34.00','26.00',NULL,NULL,NULL,'3465.00',NULL,225,'3.85',NULL,NULL,'20.00',NULL,NULL,'\0',3),('4028817a399492a2013995235f67000a','4028817a37aa9d700137aae555030009','4028817a399492a20139951fbe440002','7','4028817a37aa9d700137aae555030006','C/1743/12',NULL,'7041','f1bcee01-dd80-4a7e-8e1c-6c6d774bbb44.jpg','全明料带底座珠珠盘，喷珠光喷银色喷漆\r\n尺寸：32.5X11.5CM高\r\n1只/五层内盒        4只/大箱','1/4','PCS',900,0,'\0','7.00','5.00','71.00','37.00','30.00',NULL,NULL,NULL,'3690.00',NULL,225,'4.10',NULL,NULL,'20.00',NULL,NULL,'\0',4),('4028817a399492a2013995235f67000b','4028817a37aa9d700137aae555030008','4028817a399492a20139951fbe440002','7','4028817a37aa9d700137aae555030006','C/1743/12',NULL,'7044','edc620da-39bc-42e9-9873-573c818bef04.jpg','全明料带底座珠珠盘，喷珠光喷红色喷漆\r\n尺寸：32.5X11.5CM高\r\n1只/五层内盒         4只/大箱','1/4','PCS',900,0,'\0','7.00','5.00','71.00','37.00','30.00',NULL,NULL,NULL,'3690.00',NULL,225,'4.10',NULL,NULL,'20.00',NULL,NULL,'\0',5),('4028817a399492a2013995235f67000c','4028817a37aa9d700137aae555030010','4028817a399492a20139951fbe440002','2','4028817a37aa9d700137aae555030006','C/1743/12',NULL,'1126','b8f49fa6-4c9b-48d9-96a7-44a77bf5d092.jpg','全明料糖缸，刻麦穗花和竖道\r\n尺寸：9-3/4\"X19.25\"高\r\n1只/上中下保丽龙垫/内盒    2只/大箱\r\n保丽龙垫工厂供','1/2','PCS',1200,0,'\0','4.00','2.00','49.00','24.50','53.50',NULL,NULL,NULL,'4980.00',NULL,600,'4.15',NULL,NULL,'20.00',NULL,NULL,'\0',2),('4028817a399492a2013995acf1ba001e','4028817a387362980138751919fa0059','4028817a399492a2013995aaef23001d','4','4028817a387362980138751919fa0057','018273',NULL,'04587','ce3db5e3-031f-4ded-8053-37baa6970793.jpg','湖绿色碗明料挺底水杯\r\n尺寸：11X18CM高\r\n重量不低于230G\r\n4只/内盒         12只/大箱','4/12','PCS',2196,0,'\0','4.50','2.50','65.00','24.00','20.00',NULL,NULL,NULL,'2086.20',NULL,183,'0.95',NULL,NULL,'5.00',NULL,NULL,'\0',8),('4028817a399492a2013995acf1c9001f','4028817a387362980138751919fa0058','4028817a399492a2013995aaef23001d','4','4028817a387362980138751919fa0057','018273',NULL,'04585','d3c5169e-6367-4561-a8ae-23d9103a6a60.jpg','琥珀色碗明料挺底疙瘩水杯\r\n尺寸：11X18CM高\r\n重量不低于230G\r\n4只/内盒         12只/大箱','4/12','PCS',2196,0,'\0','4.50','2.50','65.00','24.00','20.00',NULL,NULL,NULL,'2086.20',NULL,183,'0.95',NULL,NULL,'5.00',NULL,NULL,'\0',6),('4028817a399492a2013995acf1c90020','4028817a387362980138751919fa005f','4028817a399492a2013995aaef23001d','4','4028817a387362980138751919fa0057','018273',NULL,'04590','49de792a-1936-4603-8d0e-d3d43726ca76.jpg','橄榄绿色碗明料挺底疙瘩冰淇淋碗\r\n尺寸：10.5X10CM高\r\n重量不低于190G\r\n4只/内盒        12只/大箱','4/12','PCS',996,0,'\0','4.00','2.00','24.00','23.00','37.00',NULL,NULL,NULL,'946.20',NULL,83,'0.95',NULL,NULL,'5.00',NULL,NULL,'\0',11),('4028817a399492a2013995acf1c90021','4028817a387362980138751919fa005b','4028817a399492a2013995aaef23001d','4','4028817a387362980138751919fa0057','018273',NULL,'04582','b3c1122e-dade-43eb-b3e4-6b6443f89c45.jpg','橄榄绿碗明料挺底疙瘩酒杯\r\n尺寸：11X20CM高\r\n重量不低于240G\r\n4只/内盒         12只/大箱','4/12','PCS',2196,0,'\0','5.00','3.00','64.00','24.00','24.00',NULL,NULL,NULL,'2086.20',NULL,183,'0.95',NULL,NULL,'5.00',NULL,NULL,'\0',3),('4028817a399492a2013995acf1c90022','4028817a387362980138751919fa005c','4028817a399492a2013995aaef23001d','4','4028817a387362980138751919fa0057','018273',NULL,'04586','80a4519e-4828-46e5-962e-e765c7293548.jpg','橄榄绿碗明料挺底疙瘩水杯\r\n尺寸：11X18CM高\r\n重量不低于230G\r\n4只/内盒         12只/大箱','4/12','PCS',2196,0,'\0','4.50','2.50','65.00','24.00','20.00',NULL,NULL,NULL,'2086.20',NULL,183,'0.95',NULL,NULL,'5.00',NULL,NULL,'\0',7),('4028817a399492a2013995acf1c90023','4028817a387362980138751919fa0063','4028817a399492a2013995aaef23001d','4','4028817a387362980138751919fa0057','018273',NULL,'04583','3c3d3f51-93c9-4eb3-a72a-d673222fb651.jpg','湖绿色碗明料挺底疙瘩酒杯\r\n尺寸：11X20CM高\r\n重量不低于240G\r\n4只/内盒         12只/大箱','4/12','PCS',2196,0,'\0','5.00','3.00','64.00','24.00','24.00',NULL,NULL,NULL,'2086.20',NULL,183,'0.95',NULL,NULL,'5.00',NULL,NULL,'\0',4),('4028817a399492a2013995acf1c90024','4028817a387362980138751919fa0060','4028817a399492a2013995aaef23001d','4','4028817a387362980138751919fa0057','018273',NULL,'04581','1abd670e-b2ac-4837-b6d8-a410d112128e.jpg','琥珀色碗明料挺底疙瘩酒杯\r\n尺寸;11X20CM高\r\n重量不低于240G\r\n4只/内盒         12只/大箱','4/12','PCS',2196,0,'\0','5.00','3.00','64.00','24.00','24.00',NULL,NULL,NULL,'2086.20',NULL,183,'0.95',NULL,NULL,'5.00',NULL,NULL,'\0',2),('4028817a399492a2013995acf1c90025','4028817a387362980138751919fa005e','4028817a399492a2013995aaef23001d','4','4028817a387362980138751919fa0057','018273',NULL,'04584','ac5babda-c440-4ac2-a2a1-b7079b9c3e32.jpg','紫罗兰色碗明料挺底疙瘩水杯\r\n尺寸：11X18CM高\r\n重量不低于230G\r\n4只/内盒         12只/大箱','4/12','PCS',2196,0,'\0','4.50','2.50','65.00','24.00','20.00',NULL,NULL,NULL,'2086.20',NULL,183,'0.95',NULL,NULL,'5.00',NULL,NULL,'\0',5),('4028817a399492a2013995acf1c90026','4028817a387362980138751919fa005d','4028817a399492a2013995aaef23001d','4','4028817a387362980138751919fa0057','018273',NULL,'04591','dac6f79f-2852-4c30-ac7d-49c9e5fc36e1.jpg','湖绿色碗明料挺底疙瘩冰淇淋碗\r\n尺寸：10.5X10CM高\r\n重量不低于190G\r\n4只/内盒        12只/大箱','4/12','PCS',996,0,'\0','4.00','2.00','24.00','23.00','37.00',NULL,NULL,NULL,'946.20',NULL,83,'0.95',NULL,NULL,'5.00',NULL,NULL,'\0',12),('4028817a399492a2013995acf1c90027','4028817a387362980138751919fa005a','4028817a399492a2013995aaef23001d','4','4028817a387362980138751919fa0057','018273',NULL,'04588','7db40280-13de-483b-a359-49ea0bc4e8a0.jpg','紫罗兰色碗明料挺底疙瘩冰淇淋碗\r\n尺寸：10.5X10CM高\r\n重量不低于190G\r\n4只/内盒           12只/大箱','4/12','PCS',996,0,'\0','4.00','2.00','24.00','23.00','37.00',NULL,NULL,NULL,'946.20',NULL,83,'0.95',NULL,NULL,'5.00',NULL,NULL,'\0',9),('4028817a399492a2013995acf1c90028','4028817a387362980138751919fa0061','4028817a399492a2013995aaef23001d','4','4028817a387362980138751919fa0057','018273',NULL,'04580','50f03ac8-b1bc-475d-8d98-51ad347fb87c.jpg','紫色碗明料挺底疙瘩酒杯\r\n尺寸：11X20CM高\r\n重量不低于240G\r\n4只/内盒            12只/大箱','4/12','PCS',2196,0,'\0','5.00','3.00','64.00','24.00','24.00',NULL,NULL,NULL,'2086.20',NULL,183,'0.95',NULL,NULL,'5.00',NULL,NULL,'\0',1),('4028817a399492a2013995acf1c90029','4028817a387362980138751919fa0062','4028817a399492a2013995aaef23001d','4','4028817a387362980138751919fa0057','018273',NULL,'04589','c2e4f6aa-7905-44b1-8d49-cfc5e3ef0b31.jpg','琥珀色碗明料挺底疙瘩冰淇淋碗\r\n尺寸：10.5X10CM高\r\n重量不低于190G\r\n4只/内盒        12只/大箱','4/12','PCS',996,0,'\0','4.00','2.00','24.00','23.00','37.00',NULL,NULL,NULL,'946.20',NULL,83,'0.95',NULL,NULL,'5.00',NULL,NULL,'\0',10),('4028817a3a714bbf013a77d7cebc002d','4028817a39ad8b950139af09b42f000f','4028817a3a714bbf013a77d70ea8002c','ff808081301885760130189e47ca0013','4028817a39ad8b950139af09b42f000e','C/2192/12',NULL,'22298','2d52bc3d-0a52-4fe9-be73-31a92f3098f1.jpg','全明料方缸，打眼配水龙头	\r\n盖子尺寸：18X18X4CM高 	\r\n重量650G，正负10%		\r\n身子尺寸：18X18X32CM高	\r\n重量：2400G，正负10%		\r\n底座尺寸：18X18X15CM高	\r\n重量：1800G，正负10%','1/2','PCS',648,0,'\0','12.00','10.00','49.50','45.00','41.50',NULL,NULL,NULL,'11100.24',NULL,324,'17.13',NULL,NULL,'78.00',NULL,NULL,'\0',1),('4028817a3add7a3b013ade92bf0d000c','4028817a39bcfe9f0139be8f8ac2001b','4028817a3add7a3b013ade8e067e000b','1','4028817a39bcfe9f0139be8f8ac2000c','12JK1081',NULL,'JK1050150/11307','7c1062a5-0894-466f-b859-feaed6f54640.jpg','全明料低口杯   口部描1CM宽白金边\r\n直径9X10.5CM高\r\n4只/五层内盒   24只/大箱\r\n产品白纸,瓦楞纸，汽泡纸包裹入内盒，\r\n内盒， 大箱用胶带纸工字封口\r\n大箱尺码：63X22X29CM  如有不符请提前通知','4/24','PCS',408,0,'\0','8.00','6.00','67.00','23.00','30.00',NULL,NULL,NULL,'693.60',NULL,17,'1.70',NULL,NULL,'9.50',NULL,NULL,'\0',2),('4028817a3add7a3b013ade92bf0d000d','4028817a39bcfe9f0139be8f8ac2000f','4028817a3add7a3b013ade8e067e000b','1','4028817a39bcfe9f0139be8f8ac2000c','12JK1081',NULL,'JK169340/13076','8ac9f0a9-9463-46ae-a997-cbe474e3c26a.jpg','全明料蛋糕盘配罩子  罩子上烤蒙砂白花纸\r\n直径24X25CM高    花纸我司提供\r\n1套/上下泡沫盖/五层内盒\r\n2套/大箱   上下泡沫盖工厂提供\r\n大箱尺码：60X30X27CM 如有不符请提前通知','1/2','SETS',58,0,'\0','6.50','4.50','62.00','31.00','29.00',NULL,NULL,NULL,'490.10',NULL,29,'8.45',NULL,NULL,'42.00',NULL,NULL,'\0',15),('4028817a3add7a3b013ade92bf1c000e','4028817a39bcfe9f0139be8f8ac20019','4028817a3add7a3b013ade8e067e000b','4028817a33d4f8b40133d99621cb0023','4028817a39bcfe9f0139be8f8ac2000c','12JK1081',NULL,'JK1050198 DECAL/12860','9ea6dde1-81ab-4e4c-af9b-fc4f3e171702.jpg','全明料酒杯  \r\n距口部1.5CM烤蒙砂白花纸\r\n直径11 X 19CM高\r\n4只/五层内盒    16只/大箱\r\n产品白纸,瓦楞纸，汽泡纸包裹入内盒，\r\n内盒， 大箱用胶带纸工字封口\r\n大箱尺码：49X25X45CM  如有不符请提前通知','4/16','PCS',160,0,'\0','6.00','4.00','49.00','25.00','45.00',NULL,NULL,NULL,'228.80',NULL,10,'1.43',NULL,NULL,'7.00',NULL,NULL,'\0',11),('4028817a3add7a3b013ade92bf3b000f','4028817a39bcfe9f0139be8f8ac20010','4028817a3add7a3b013ade8e067e000b','4028817a33d4f8b40133d99621cb0023','4028817a39bcfe9f0139be8f8ac2000c','12JK1081',NULL,'JK1050195 DECAL/12859','91e4ce81-ffa9-4da9-a7de-75fd304212a8.jpg','全明料香槟杯  \r\n距口部1.5CM烤蒙砂白花纸\r\n直径8 X 21CM高\r\n4只/五层内盒    16只/大箱\r\n产品白纸,瓦楞纸，汽泡纸包裹入内盒，\r\n内盒， 大箱用胶带纸工字封口\r\n大箱尺码：38X38X25CM  如有不符请提前通知','4/16','PCS',400,0,'\0','6.00','4.00','38.00','38.00','25.00',NULL,NULL,NULL,'532.00',NULL,25,'1.33',NULL,NULL,'6.50',NULL,NULL,'\0',10),('4028817a3add7a3b013ade92bf5b0010','4028817a39bcfe9f0139be8f8ac20013','4028817a3add7a3b013ade8e067e000b','1','4028817a39bcfe9f0139be8f8ac2000c','12JK1081',NULL,'JK1050201/12078','e2e71fa5-340e-46ea-a6fc-1968ef31a8db.jpg','全明料蛋糕盘配罩子  罩子上烤蒙砂白花纸\r\n盘子尺寸：16X13CM高\r\n罩子尺寸：15X11.5CM高\r\n总高22CM    花纸我司提供\r\n1套/上下泡沫盖/五层内盒\r\n6套/大箱   上下泡沫盖工厂提供\r\n大箱尺码：63X43X25CM 如有不符请提前通知','1/6','SETS',96,0,'\0','7.50','5.50','69.00','49.00','28.00',NULL,NULL,NULL,'379.20',NULL,16,'3.95',NULL,NULL,'20.00',NULL,NULL,'\0',9),('4028817a3add7a3b013ade92bf5b0011','4028817a39bcfe9f0139be8f8ac20016','4028817a3add7a3b013ade8e067e000b','4028817a33d4f8b40133d99621cb0023','4028817a39bcfe9f0139be8f8ac2000c','12JK1081',NULL,'JK103136/11988','624e38c0-d839-4150-817b-ee87f1d55a9c.jpg','全明料密直棱酒杯   底厚要求5MM\r\n直径9X17.5CM 高\r\n4只/五层内盒    16只/大箱\r\n产品白纸,瓦楞纸，汽泡纸包裹入内盒，\r\n内盒， 大箱用胶带纸工字封口\r\n大箱尺码：42X21X41CM  如有不符请提前通知','4/16','PCS',320,0,'\0','6.00','4.00','42.00','41.00','41.00',NULL,NULL,NULL,'396.80',NULL,20,'1.24',NULL,NULL,'6.50',NULL,NULL,'\0',12),('4028817a3add7a3b013ade92bf5b0012','4028817a39bcfe9f0139be8f8ac2000e','4028817a3add7a3b013ade8e067e000b','1','4028817a39bcfe9f0139be8f8ac2000c','12JK1081',NULL,'JK1050152/11306','205dad0d-9d11-4028-8bd3-8669aae23ed6.jpg','全明料红酒杯   口部描1CM宽白金边\r\n直径7X26CM高\r\n4只/五层内盒   16只/大箱\r\n产品白纸,瓦楞纸，汽泡纸包裹入内盒，\r\n内盒， 大箱用胶带纸工字封口\r\n大箱尺码：44X44X30CM  如有不符请提前通知','4/16','PCS',352,0,'\0','5.00','3.00','48.00','47.00','31.00',NULL,NULL,NULL,'651.20',NULL,22,'1.85',NULL,NULL,'10.00',NULL,NULL,'\0',1),('4028817a3add7a3b013ade92bf5b0013','4028817a39bcfe9f0139be8f8ac20018','4028817a3add7a3b013ade8e067e000b','1','4028817a39bcfe9f0139be8f8ac2000c','12JK1081',NULL,'JK1050154/11308','4ef4085f-6825-40bc-a4b3-9f96a627dd0e.jpg','全明料香槟杯   口部描1CM宽白金边\r\n直径5X29CM高\r\n4只/五层内盒   16只/大箱\r\n产品白纸,瓦楞纸，汽泡纸包裹入内盒，\r\n内盒， 大箱用胶带纸工字封口\r\n大箱尺码：36X35X34CM  如有不符请提前通知','4/16','PCS',400,0,'\0','5.00','3.00','38.00','37.00','33.00',NULL,NULL,NULL,'628.00',NULL,25,'1.57',NULL,NULL,'8.50',NULL,NULL,'\0',3),('4028817a3add7a3b013ade92bf5b0014','4028817a39bcfe9f0139be8f8ac2001c','4028817a3add7a3b013ade8e067e000b','4028817a33d4f8b40133d99621cb0023','4028817a39bcfe9f0139be8f8ac2000c','12JK1081',NULL,'JK103134/11989','34e4dfe7-f814-4249-a90e-4f9c3f2ef2e1.jpg','全明料密直棱香槟杯   底厚要求5MM\r\n直径9X21CM 高\r\n4只/五层内盒    16只/大箱\r\n产品白纸,瓦楞纸，汽泡纸包裹入内盒，\r\n内盒， 大箱用胶带纸工字封口\r\n大箱尺码：46X22X52CM  如有不符请提前通知','4/16','PCS',400,0,'\0','6.00','4.00','39.00','39.00','25.00',NULL,NULL,NULL,'464.00',NULL,25,'1.16',NULL,NULL,'6.00',NULL,NULL,'\0',13),('4028817a3add7a3b013ade92bf5b0015','4028817a39bcfe9f0139be8f8ac20011','4028817a3add7a3b013ade8e067e000b','4028817a33d4f8b40133d99621cb0023','4028817a39bcfe9f0139be8f8ac2000c','12JK1081',NULL,'JK103822/11999','778c9efc-aaec-47d9-a29c-afd12cbc3c40.jpg','全明料酒杯   杯碗底气泡\r\n直径8.5 X 20CM 高\r\n4只/五层内盒    24只/大箱\r\n产品白纸,瓦楞纸，汽泡纸包裹入内盒，\r\n内盒， 大箱用胶带纸工字封口\r\n大箱尺码：58X39X24CM  如有不符请提前通知','4/24','PCS',408,0,'\0','8.00','6.00','58.00','39.00','24.00',NULL,NULL,NULL,'705.84',NULL,17,'1.73',NULL,NULL,'9.50',NULL,NULL,'\0',5),('4028817a3add7a3b013ade92bf5b0016','4028817a39bcfe9f0139be8f8ac20017','4028817a3add7a3b013ade8e067e000b','2','4028817a39bcfe9f0139be8f8ac2000c','12JK1081',NULL,'JK1050316/12005','cc94584e-e2ef-448f-b984-0c9fa32a7c81.jpg','全明料糖缸 带盖子\r\n糖缸身上刻交叉麦穗花\r\n直径15 X 15CM 高\r\n1只/五层内盒    6只/大箱\r\n产品白纸,瓦楞纸，汽泡纸包裹入内盒，\r\n内盒， 大箱用胶带纸工字封口\r\n大箱尺码：59.5X40X21.5CM  如有不符请提前通知','1/6','PCS',210,0,'\0','12.00','10.00','59.50','40.00','21.50',NULL,NULL,NULL,'636.30',NULL,35,'3.03',NULL,NULL,'16.00',NULL,NULL,'\0',7),('4028817a3add7a3b013ade92bf5b0017','4028817a39bcfe9f0139be8f8ac2000d','4028817a3add7a3b013ade8e067e000b','2','4028817a39bcfe9f0139be8f8ac2000c','12JK1081',NULL,'JK1400016/00263030','fdd8941a-0a83-4e11-ad7e-22e8cc41f1d6.jpg','全明料酒壶   配塞子\r\n直径6.5 X 28.5CM高\r\n1只/五层内盒    6只/大箱\r\n产品白纸,瓦楞纸，汽泡纸包裹入内盒，\r\n内盒， 大箱用胶带纸工字封口\r\n大箱尺码：54X36X28CM  如有不符请提前通知','1/6','PCS',162,0,'\0','9.00','7.00','55.50','37.50','28.50',NULL,NULL,NULL,'631.80',NULL,27,'3.90',NULL,NULL,'21.00',NULL,NULL,'\0',16),('4028817a3add7a3b013ade92bf5b0018','4028817a39bcfe9f0139be8f8ac2001d','4028817a3add7a3b013ade8e067e000b','2','4028817a39bcfe9f0139be8f8ac2000c','12JK1081',NULL,'JK1060185/12062','cb749c13-492d-4afd-8007-de5727dac039.jpg','全明料斜口壶\r\n直径7.5 X 25.5CM 高\r\n1只/五层内盒    4只/大箱\r\n产品白纸,瓦楞纸，汽泡纸包裹入内盒，\r\n内盒， 大箱用胶带纸工字封口\r\n大箱尺码：47X46X30.5CM  如有不符请提前通知','1/4','PCS',96,0,'\0','6.00','4.00','47.00','46.00','30.50',NULL,NULL,NULL,'278.40',NULL,24,'2.90',NULL,NULL,'13.50',NULL,NULL,'\0',8),('4028817a3add7a3b013ade92bf5b0019','4028817a39bcfe9f0139be8f8ac2001a','4028817a3add7a3b013ade8e067e000b','4028817a33d4f8b40133d99621cb0023','4028817a39bcfe9f0139be8f8ac2000c','12JK1081',NULL,'JK1110085/00263023','33202c73-b522-45e8-91c7-e944cec2c229.jpg','钢蓝色酒杯\r\n直径 10 X 17.5CM高\r\n4只/五层内盒    16只/大箱\r\n产品白纸,瓦楞纸，汽泡纸包裹入内盒，\r\n内盒， 大箱用胶带纸工字封口\r\n大箱尺码：47X46X22.5CM  如有不符请提前通知','4/16','PCS',512,0,'\0','6.00','4.00','45.00','23.00','41.00',NULL,NULL,NULL,'742.40',NULL,32,'1.45',NULL,NULL,'8.00',NULL,NULL,'\0',17),('4028817a3add7a3b013ade92bf5b001a','4028817a39bcfe9f0139be8f8ac20012','4028817a3add7a3b013ade8e067e000b','1','4028817a39bcfe9f0139be8f8ac2000c','12JK1081',NULL,'JK1050068/11314','d451f801-07da-43f2-9619-a921b03f1032.jpg','全明料马丁尼杯   口部描1CM宽白金边\r\n直径12X19CM高\r\n4只/五层内盒   16只/大箱\r\n产品白纸,瓦楞纸，汽泡纸包裹入内盒，\r\n内盒， 大箱用胶带纸工字封口\r\n大箱尺码：52X51X25CM  如有不符请提前通知','4/16','PCS',352,0,'\0','4.50','2.50','54.00','53.00','25.00',NULL,NULL,NULL,'844.80',NULL,22,'2.40',NULL,NULL,'13.00',NULL,NULL,'\0',4),('4028817a3add7a3b013ade92bf5b001b','4028817a39bcfe9f0139be8f8ac20014','4028817a3add7a3b013ade8e067e000b','4028817a33d4f8b40133d99621cb0023','4028817a39bcfe9f0139be8f8ac2000c','12JK1081',NULL,'JK1060019/11990','5e65ac30-1d1b-4998-8cdd-e196977a4a56.jpg','全明料密直棱低口杯  \r\n直径9X10.5CM 高\r\n4只/五层内盒    24只/大箱\r\n产品白纸,瓦楞纸，汽泡纸包裹入内盒，\r\n内盒， 大箱用胶带纸工字封口\r\n大箱尺码：63X22X27CM  如有不符请提前通知','4/24','PCS',240,0,'\0','7.00','5.00','63.00','22.00','27.00',NULL,NULL,NULL,'240.00',NULL,10,'1.00',NULL,NULL,'5.00',NULL,NULL,'\0',14),('4028817a3add7a3b013ade92bf5b001c','4028817a39bcfe9f0139be8f8ac20015','4028817a3add7a3b013ade8e067e000b','4028817a33d4f8b40133d99621cb0023','4028817a39bcfe9f0139be8f8ac2000c','12JK1081',NULL,'JK103819/12002','b86018c7-b69e-4738-9050-e2b47170a084.jpg','全明料香槟杯   杯碗底气泡\r\n直径7.3 X 23CM 高\r\n4只/五层内盒    24只/大箱\r\n产品白纸,瓦楞纸，汽泡纸包裹入内盒，\r\n内盒， 大箱用胶带纸工字封口\r\n大箱尺码：60X39X29CM  如有不符请提前通知','4/24','PCS',432,0,'\0','8.00','6.00','54.00','36.00','27.00',NULL,NULL,NULL,'712.80',NULL,18,'1.65',NULL,NULL,'9.00',NULL,NULL,'\0',6),('4028817a3af21635013af29efe08003c','4028817a39dbdfca0139dc98f59b0014','4028817a3af21635013af27be5b80001','4','4028817a39dbdfca0139dc98f58c000a','101204',NULL,'7102-0022','b2ec3ba0-9084-439b-8a6e-fa3277427053.jpg','琥珀色高口杯，烤金花纸\r\n尺寸：8.3X14CM高\r\n4只/内盒        24只/大箱\r\n金花纸我司安排','4/24','PCS',1752,1752,'\0','7.00','5.00','60.00','20.50','35.00',NULL,NULL,NULL,'2540.40',NULL,73,'1.45',NULL,NULL,'4.80',NULL,NULL,'\0',16),('4028817a3af21635013af29efe18003d','4028817a39dbdfca0139dc98f59b0017','4028817a3af21635013af27be5b80001','4','4028817a39dbdfca0139dc98f58c000a','101204',NULL,'7102-0033','89341508-1b3d-4eba-b0ee-83619af4be56.jpg','紫色高口杯，烤金花纸\r\n尺寸：8.3X14CM高\r\n4只/内盒        24只/大箱\r\n花纸我司安排','4/24','PCS',1512,1512,'\0','7.00','5.00','60.00','20.50','35.00',NULL,NULL,NULL,'2192.40',NULL,63,'1.45',NULL,NULL,'4.80',NULL,NULL,'\0',17),('4028817a3af21635013af29efe370042','4028817a39dbdfca0139dc98f59b0015','4028817a3af21635013af27be5b80001','4','4028817a39dbdfca0139dc98f58c000a','101204',NULL,'7102-0001','96d42e42-c55c-4d3a-bb1d-364793bb7576.jpg','海蓝色口杯，烤金花纸\r\n尺寸：7.8X10CM高\r\n4只/内盒        48只/大箱\r\n花纸我司安排','4/48','PCS',2016,2016,'\0','11.00','9.00','56.00','38.00','27.00',NULL,NULL,NULL,'2479.68',NULL,42,'1.23',NULL,NULL,'4.50',NULL,NULL,'\0',13),('4028817a3af21635013af29efe370043','4028817a39dbdfca0139dc98f59b0012','4028817a3af21635013af27be5b80001','4','4028817a39dbdfca0139dc98f58c000a','101204',NULL,'7102-0002','247674aa-f96e-4acc-b8a0-76c6da9f2371.jpg','琥珀色口杯，烤金花纸\r\n尺寸：7.8X10CM高\r\n4只/内盒        48只/大箱\r\n花纸我司安排','4/48','PCS',2016,2016,'\0','11.00','9.00','56.00','38.00','27.00',NULL,NULL,NULL,'2479.68',NULL,42,'1.23',NULL,NULL,'4.50',NULL,NULL,'\0',14),('4028817a3af21635013af29efe370044','4028817a39dbdfca0139dc98f58c000c','4028817a3af21635013af27be5b80001','4','4028817a39dbdfca0139dc98f58c000a','101204',NULL,'7102-0011','39f3bb4a-5938-45a4-ad62-86a33b18f2aa.jpg','海蓝色高口杯，烤金花纸\r\n尺寸：8.3X14CM高\r\n4只/内盒        24只/大箱\r\n金花纸我司安排','4/24','PCS',2016,2016,'\0','7.00','5.00','60.00','20.50','35.00',NULL,NULL,NULL,'2923.20',NULL,84,'1.45',NULL,NULL,'4.80',NULL,NULL,'\0',15),('4028817a3af21635013af29efe370046','4028817a39227b17013924437cb70014','4028817a3af21635013af27be5b80001','3','4028817a39227b17013924437cb7000a','101204',NULL,'7109-3013','1d3d673d-96f7-41c2-9ffd-3969c093f48f.jpg','全明料机压皇冠图案酒杯\r\n9.5X15 CM H\r\n4只/内盒    16只/大箱','4/16','PCS',1008,1008,'\0','8.00','6.00','45.00','22.50','37.00',NULL,NULL,NULL,'1108.80',NULL,63,'1.10',NULL,NULL,'5.50',NULL,NULL,'\0',2),('4028817a3af21635013af29efe470047','4028817a39227b17013924437cb70011','4028817a3af21635013af27be5b80001','3','4028817a39227b17013924437cb7000a','101204',NULL,'7109-3041','fd2b60db-29db-4576-a2a0-d628709f13f9.jpg','紫罗兰色机压皇冠图案低口杯\r\n7.3X10.5 CM H\r\n4只/内盒    24只/大箱','4/24','PCS',2016,2016,'\0','8.50','6.50','54.50','18.50','29.00',NULL,NULL,NULL,'1612.80',NULL,84,'0.80',NULL,NULL,'3.30',NULL,NULL,'\0',9),('4028817a3af21635013af29efe470048','4028817a39227b17013924437cb7000c','4028817a3af21635013af27be5b80001','3','4028817a39227b17013924437cb7000a','101204',NULL,'7109-3022','4805e5d2-fec4-4c9e-ab72-9021e5c9835b.jpg','烟灰色机压皇冠图案高口杯\r\n8X12 CM H\r\n4只/内盒    16只/大箱','4/16','PCS',1504,1504,'\0','9.00','7.00','39.00','38.00','17.00',NULL,NULL,NULL,'1473.92',NULL,94,'0.98',NULL,NULL,'4.80',NULL,NULL,'\0',4),('4028817a3af21635013af29efe470049','4028817a39dbdfca0139dc98f59b000f','4028817a3af21635013af27be5b80001','3','4028817a39dbdfca0139dc98f58c000a','101204',NULL,'7101-3002','873d1d30-a49c-48f9-b95d-335f2963d404.jpg','全明料酒杯\r\n尺寸：7.5X14.5CM高\r\n4只/内盒        24只/大箱','4/24','PCS',2016,2016,'\0','6.00','4.00','61.00','41.00','20.00',NULL,NULL,NULL,'2257.92',NULL,84,'1.12',NULL,NULL,'6.00',NULL,NULL,'\0',12),('4028817a3af21635013af29efe47004a','4028817a39227b17013924437cb7000b','4028817a3af21635013af27be5b80001','3','4028817a39227b17013924437cb7000a','101204',NULL,'7109-3031','8ef3e8d5-901c-454c-997d-6ac6058ae0f0.jpg','海蓝色机压皇冠图案低口杯\r\n7.3X10.5 CM H\r\n4只/内盒    24只/大箱','4/24','PCS',2016,2016,'\0','8.50','6.50','54.50','18.50','29.00',NULL,NULL,NULL,'1612.80',NULL,84,'0.80',NULL,NULL,'3.30',NULL,NULL,'\0',6),('4028817a3af21635013af29efe47004c','4028817a39227b17013924437cb7000f','4028817a3af21635013af27be5b80001','3','4028817a39227b17013924437cb7000a','101204',NULL,'7109-3043','3fa2c05f-a008-458c-a198-4448c01c3c8a.jpg','紫罗兰色机压皇冠图案酒杯\r\n9.5X15 CM H\r\n4只/内盒    16只/大箱','4/16','PCS',2000,2000,'\0','8.00','6.00','45.00','22.50','37.00',NULL,NULL,NULL,'2200.00',NULL,125,'1.10',NULL,NULL,'5.50',NULL,NULL,'\0',11),('4028817a3af21635013af29efe47004d','4028817a39227b17013924437cb70010','4028817a3af21635013af27be5b80001','3','4028817a39227b17013924437cb7000a','101204',NULL,'7109-3042','1bfc4a07-b573-4516-98b2-9d12b33513a2.jpg','紫罗兰色机压皇冠图案高口杯\r\n8X12 CM H\r\n4只/内盒    16只/大箱','4/16','PCS',2000,2000,'\0','9.00','7.00','39.00','38.00','17.00',NULL,NULL,NULL,'1960.00',NULL,125,'0.98',NULL,NULL,'4.80',NULL,NULL,'\0',10),('4028817a3af21635013af29efe47004e','4028817a39227b17013924437cb70015','4028817a3af21635013af27be5b80001','3','4028817a39227b17013924437cb7000a','101204',NULL,'7109-3033','38809139-91b4-4714-a906-c4fd0b3fdcc3.jpg','海蓝色机压皇冠图案酒杯\r\n9.5X15 CM H\r\n4只/内盒    16只/大箱','4/16','PCS',1504,1504,'\0','8.00','6.00','45.00','22.50','37.00',NULL,NULL,NULL,'1654.40',NULL,94,'1.10',NULL,NULL,'5.50',NULL,NULL,'\0',8),('4028817a3af21635013af29efe47004f','4028817a39227b17013924437cb70013','4028817a3af21635013af27be5b80001','3','4028817a39227b17013924437cb7000a','101204',NULL,'7109-3032','d3118bab-bc53-4a03-a039-aa972dc8be1d.jpg','海蓝色机压皇冠图案高口杯\r\n8X12 CM H\r\n4只/内盒    16只/大箱','4/16','PCS',1008,1008,'\0','9.00','7.00','39.00','38.00','17.00',NULL,NULL,NULL,'987.84',NULL,63,'0.98',NULL,NULL,'4.80',NULL,NULL,'\0',7),('4028817a3af21635013af29efe470050','4028817a39227b17013924437cb70012','4028817a3af21635013af27be5b80001','3','4028817a39227b17013924437cb7000a','101204',NULL,'7109-3012','9f6f3331-f0c7-4c49-9105-47c323bf384b.jpg','全明料机压皇冠图案高口杯\r\n8X12 CM H\r\n4只/内盒    16只/大箱','4/16','PCS',1008,1008,'\0','9.00','7.00','39.00','38.00','17.00',NULL,NULL,NULL,'987.84',NULL,63,'0.98',NULL,NULL,'4.80',NULL,NULL,'\0',1),('4028817a3af21635013af29efe470052','4028817a39227b17013924437cb7000d','4028817a3af21635013af27be5b80001','3','4028817a39227b17013924437cb7000a','101204',NULL,'7109-3023','026be5f4-950a-4a9e-b93c-4071dac49427.jpg','烟灰色机压皇冠图案酒杯\r\n9.5X15 CM H\r\n4只/内盒    16只/大箱','4/16','PCS',1504,1504,'\0','8.00','6.00','45.00','22.50','37.00',NULL,NULL,NULL,'1654.40',NULL,94,'1.10',NULL,NULL,'5.50',NULL,NULL,'\0',5),('4028817a3af21635013af29efe470053','4028817a39227b17013924437cb7000e','4028817a3af21635013af27be5b80001','3','4028817a39227b17013924437cb7000a','101204',NULL,'7109-3021','1b6cdb41-1903-4cd3-8057-0d43cbf2454e.jpg','烟灰色机压皇冠图案低口杯\r\n7.3X10.5 CM H\r\n4只/内盒    24只/大箱','4/24','PCS',1512,1512,'\0','8.50','6.50','54.50','18.50','29.00',NULL,NULL,NULL,'1209.60',NULL,63,'0.80',NULL,NULL,'3.30',NULL,NULL,'\0',3),('4028817a3afc5d3d013afcc16fee0018','4028817a39dbdfca0139dc98f59b0019','4028817a3af21635013af27be5b80001','1','4028817a39dbdfca0139dc98f58c000a','101204',NULL,'7103-4000','00feca77-c9c4-4290-b816-f791ce10af55.jpg','全明料一壶一杯，壶身上烤字母花纸H2O\r\n壶尺寸：4.5X24CM高\r\n杯尺寸：7X9.8CM高\r\n1只/内盒          12只/大箱\r\n花纸我司提供','1/12','PCS',804,396,'\0','11.00','9.00','50.00','37.00','31.00',NULL,NULL,NULL,'1889.40',NULL,67,'2.35',NULL,NULL,'10.50',NULL,NULL,'\0',18),('4028817a3b06ac0c013b06c6fe8b0002','4028817a39facfc90139fb6f6c160003','4028817a3b06ac0c013b06c618710001','2','4028817a39facfc90139fb6f6c160001','12JK1089',NULL,'S81157S','858cf076-452c-42da-9b5c-9f6a0bf56e51.jpg','全明料蛋糕盘配罩子\r\n罩子尺寸：9.5X11.5CM高\r\n盘子尺寸：11X11CM    全高：21CM\r\n罩子上的珠子尺寸：3.5X3.5CM\r\n1套/五层内盒      12套/大箱\r\n内盒中加1CM厚的保丽龙垫','1/12','SETS',600,0,'\0','8.00','6.00','55.00','41.00','32.50',NULL,NULL,NULL,'1740.00',NULL,50,'2.90',NULL,NULL,'15.00',NULL,NULL,'\0',1),('4028817a3b06ac0c013b06c6fe9b0003','4028817a39facfc90139fb6f6c160002','4028817a3b06ac0c013b06c618710001','2','4028817a39facfc90139fb6f6c160001','12JK1089',NULL,'S81157M','6cd87ee1-d2ac-40b5-9e2e-1212af22762c.jpg','全明料蛋糕盘配罩子\r\n盘子尺寸：13.5X12.5CM\r\n罩子尺寸：12X12.5CM\r\n罩子上的珠子尺寸：3.5X3.5CM\r\n1套/五层内盒       6套/大箱\r\n内盒中加1CM的保丽龙垫','1/6','SETS',600,0,'\0','7.00','5.00','50.00','33.00','33.00',NULL,NULL,NULL,'2220.00',NULL,100,'3.70',NULL,NULL,'19.00',NULL,NULL,'\0',2),('4028817a3b06ac0c013b06c6fe9b0004','4028817a39facfc90139fb6f6c160004','4028817a3b06ac0c013b06c618710001','2','4028817a39facfc90139fb6f6c160001','12JK1089',NULL,'S81157L','cb1d296a-61aa-43d5-b3b9-28202f130364.jpg','全明料蛋糕盘配罩子\r\n盘子尺寸：13.5X12.5CM\r\n罩子尺寸：12X12.5CM  全高：23CM\r\n罩子上的珠子尺寸：3.5X3.5CM\r\n1套/五层内盒       6套/大箱\r\n内盒中加1CM厚的保丽龙垫','1/6','SETS',600,0,'\0','8.50','6.50','59.00','39.00','33.00',NULL,NULL,NULL,'2550.00',NULL,100,'4.25',NULL,NULL,'22.00',NULL,NULL,'\0',3),('4028817a3b1b4a71013b1bb051000003','4028817a387362980138741de87f0015','4028817a3b1b4a71013b1bafd5580002','ff808081301885760130189e47ca0013','4028817a387362980138741de87f0014','C/1995/12',NULL,'2727','0603106a-9e56-4363-814d-577097b6ef72.jpg','全明料麻坑点方形罐子（打眼）	\r\n带盖子，配铸铁底座和矛头	\r\n盖子尺寸：20X6.3CM高		\r\n罐子尺寸：20X28CM高		\r\n待用安全包装运至西安方圆工贸','1/1','SETS',600,0,'\0',NULL,NULL,NULL,NULL,NULL,NULL,NULL,NULL,'31800.00',NULL,600,NULL,NULL,NULL,'53.00',NULL,NULL,'\0',1),('4028817a3b1b4a71013b1bb063500004','4028817a387362980138741de87f0016','4028817a3b1b4a71013b1bafd5580002','4028817a35e0895e0135ec7a4dbe0087','4028817a387362980138741de87f0014','C/1995/12',NULL,'2727','8f285ad4-19d3-4bcc-9db4-6668930bfd85.jpg','铸铁底座和矛头		\r\n配方形罐子	\r\n1套/内盒/双层五层大箱	\r\n方形罐子于11月10日送到贵司\r\n#2727G用蜂窝纸板包装后入内盒，再入双层大箱；大箱外单面牛皮纸保护;\r\n双层大箱中间垫1公分保利龙垫，大箱上不可打钉，不可打内盒包带','1/1','SETS',600,0,'\0','8.00','6.00','37.00','34.00','55.00',NULL,NULL,NULL,'13200.00',NULL,600,'22.00',NULL,NULL,'62.00',NULL,NULL,'\0',2),('4028817a3b3a59cd013b3b5e6dfe001b','4028817a3aa9f950013aab27e2010017','4028817a3b3a59cd013b3b5bbd94001a','1','4028817a3aa9f950013aab27e2010010','671112',NULL,'JK0025/JK1102331-D','a756712e-cd07-4896-b534-3e3737f65d2c.jpg','套6全明料烤蒙砂花纸酒杯，口部描3MM白金，圆珠子描白金，花纸我司供\r\n尺寸：10.5X22 CM H\r\n1套/五层内盒   3套/大箱\r\n产品用白纸、瓦纸、汽泡纸包裹入内盒，然后入大箱，大箱用透明胶带工字封口。\r\n大箱尺寸72X37X27 CM,如果实际尺寸相差较大请及时通知我司。','1/3','SETS',21,180,'\0','5.50','3.50','73.50','35.50','27.00',NULL,NULL,NULL,'224.91',NULL,7,'10.71',NULL,NULL,'54.00',NULL,NULL,'\0',19),('4028817a3b3a59cd013b3b5e6e0e001c','4028817a3aa9f950013aab27e2010013','4028817a3b3a59cd013b3b5bbd94001a','1','4028817a3aa9f950013aab27e2010010','671112',NULL,'JK0024/JK1104003-D','5de54629-05a2-4716-a05d-fc2f819dfbd5.jpg','套6全明料烤蒙砂花纸香槟杯，口部描3MM白金，圆珠子描白金，花纸我司供\r\n尺寸：6.3X27  CM H\r\n1套/五层内盒   4套/大箱\r\n产品用白纸、瓦纸、汽泡纸包裹入内盒，然后入大箱，大箱用透明胶带工字封口。\r\n大箱尺寸46.5X32X32 CM,如果实际尺寸相差较大请及时通知我司。','1/4','SETS',20,180,'\0','6.50','4.50','54.00','37.00','32.00',NULL,NULL,NULL,'189.60',NULL,5,'9.48',NULL,NULL,'51.00',NULL,NULL,'\0',18),('4028817a3b3a59cd013b3b5e6e0e001d','4028817a3aa9f950013aab27e2010014','4028817a3b3a59cd013b3b5bbd94001a','1','4028817a3aa9f950013aab27e2010010','671112',NULL,'JK0026/JK1102332-D','7b20bb90-6f89-4e23-bb63-3798929f9729.jpg','套6全明料烤蒙砂花纸酒杯，口部描3MM白金，圆珠子描白金，花纸我司供\r\n尺寸：9X19.5 CM H\r\n1套/五层内盒   3套/大箱\r\n产品用白纸、瓦纸、汽泡纸包裹入内盒，然后入大箱，大箱用透明胶带工字封口。\r\n大箱尺寸63X32.5X24.5 CM,如果实际尺寸相差较大请及时通知我司。','1/3','SETS',21,180,'\0','5.50','3.50','64.50','31.00','24.50',NULL,NULL,NULL,'211.89',NULL,7,'10.09',NULL,NULL,'52.80',NULL,NULL,'\0',20),('4028817a3b3a59cd013b3b5e6e0e001e','4028817a3aa9f950013aab27e2010016','4028817a3b3a59cd013b3b5bbd94001a','1','4028817a3aa9f950013aab27e2010010','671112',NULL,'JK0012/JK1102292-G','8db5bacc-9a49-45cd-b441-1c86aba83214.jpg','套6全明料刻花香槟杯，描亮油，口部描3MM黄金\r\n尺寸：6X25.5 CM H\r\n1套/五层内盒   4套/大箱\r\n产品用白纸、瓦纸、汽泡纸包裹入内盒，然后入大箱，大箱用透明胶带工字封口。\r\n大箱尺寸45X30.5X30.5CM ,如果实际尺寸相差较大请及时通知我司。','1/4','SETS',20,180,'\0','5.50','3.50','49.50','33.00','30.50',NULL,NULL,NULL,'202.00',NULL,5,'10.10',NULL,NULL,'57.00',NULL,NULL,'\0',6),('4028817a3b3a59cd013b3b5e6e0e001f','4028817a3aa9f950013aab27e2010020','4028817a3b3a59cd013b3b5bbd94001a','1','4028817a3aa9f950013aab27e2010010','671112',NULL,'JK0014/JK1102290','a7c889de-fded-4ec7-963e-04e18c582fb6.jpg','套6全明料刻花酒杯，描亮油，口部描3MM白金\r\n尺寸：8X23.5 CM H\r\n1套/五层内盒   3套/大箱\r\n产品用白纸、瓦纸、汽泡纸包裹入内盒，然后入大箱，大箱用透明胶带工字封口。\r\n大箱尺寸57X30X28.5CM ,如果实际尺寸相差较大请及时通知我司。','1/3','SETS',21,180,'\0','5.50','3.50','58.50','28.00','28.50',NULL,NULL,NULL,'237.72',NULL,7,'11.32',NULL,NULL,'61.20',NULL,NULL,'\0',8),('4028817a3b3a59cd013b3b5e6e1d0020','4028817a3aa9f950013aab27e2010023','4028817a3b3a59cd013b3b5bbd94001a','1','4028817a3aa9f950013aab27e2010010','671112',NULL,'JK0018/JK1102314','daf104c4-493d-4483-a1a8-3f4815eb6109.jpg','套6全明料刻花酒杯，描亮油，口部描3MM黄金，圆珠子描黄金\r\n尺寸：8.5X22.5 CM H\r\n1套/五层内盒   3套/大箱\r\n产品用白纸、瓦纸、汽泡纸包裹入内盒，然后入大箱，大箱用透明胶带工字封口。\r\n大箱尺寸60X31.5X27.5 CM,如果实际尺寸相差较大请及时通知我司。','1/3','SETS',21,180,'\0','6.50','4.50','61.50','30.50','27.50',NULL,NULL,NULL,'257.04',NULL,7,'12.24',NULL,NULL,'69.00',NULL,NULL,'\0',12),('4028817a3b3a59cd013b3b5e6e1d0021','4028817a3aa9f950013aab27e2010011','4028817a3b3a59cd013b3b5bbd94001a','1','4028817a3aa9f950013aab27e2010010','671112',NULL,'JK0019/JK1102315','0a3c80e0-0be6-4e4e-b69b-2eadc27a603e.jpg','套6全明料刻花酒杯，描亮油，口部描3MM黄金，圆珠子描黄金\r\n尺寸：9.5X23.5 CM H\r\n1套/五层内盒   3套/大箱\r\n产品用白纸、瓦纸、汽泡纸包裹入内盒，然后入大箱，大箱用透明胶带工字封口。\r\n大箱尺寸66X34X28.5 CM,如果实际尺寸相差较大请及时通知我司。','1/3','SETS',21,180,'\0','7.50','5.50','67.00','32.50','28.50',NULL,NULL,NULL,'276.15',NULL,7,'13.15',NULL,NULL,'72.00',NULL,NULL,'\0',13),('4028817a3b3a59cd013b3b5e6e1d0022','4028817a3aa9f950013aab27e2010025','4028817a3b3a59cd013b3b5bbd94001a','1','4028817a3aa9f950013aab27e2010010','671112',NULL,'JK0016/JK1102292','031edc74-5f75-4e44-a0a3-e2fa77ea8344.jpg','套6全明料刻花香槟杯，描亮油，口部描3MM白金\r\n尺寸：6X25.5 CM H\r\n1套/五层内盒   4套/大箱\r\n产品用白纸、瓦纸、汽泡纸包裹入内盒，然后入大箱，大箱用透明胶带工字封口。\r\n大箱尺寸45X30.5X30.5CM ,如果实际尺寸相差较大请及时通知我司。','1/4','SETS',20,180,'\0','5.50','3.50','49.00','33.00','30.50',NULL,NULL,NULL,'202.00',NULL,5,'10.10',NULL,NULL,'57.00',NULL,NULL,'\0',10),('4028817a3b3a59cd013b3b5e6e1d0023','4028817a3aa9f950013aab27e2010018','4028817a3b3a59cd013b3b5bbd94001a','1','4028817a3aa9f950013aab27e2010010','671112',NULL,'JK0028/JK1102331','70f71a48-e175-45eb-933d-69380c7c8d47.jpg','套6全明料刻花酒杯，描亮油，口部描3MM白金，圆珠子描白金\r\n尺寸：10.5X22  CM H\r\n1套/五层内盒   3套/大箱\r\n产品用白纸、瓦纸、汽泡纸包裹入内盒，然后入大箱，大箱用透明胶带工字封口。\r\n大箱尺寸72X37X27CM,如果实际尺寸相差较大请及时通知我司。','1/3','SETS',21,180,'\0','5.50','3.50','73.50','35.50','27.00',NULL,NULL,NULL,'246.75',NULL,7,'11.75',NULL,NULL,'60.00',NULL,NULL,'\0',22),('4028817a3b3a59cd013b3b5e6e1d0024','4028817a3aa9f950013aab27e2010019','4028817a3b3a59cd013b3b5bbd94001a','1','4028817a3aa9f950013aab27e2010010','671112',NULL,'JK0011/JK1102291-G','15c81f0d-3594-4411-9a1e-c214a8b849ca.jpg','套6全明料刻花酒杯，描亮油，口部描3MM黄金\r\n尺寸：7.5X21.5 CM H\r\n1套/五层内盒   3套/大箱\r\n产品用白纸、瓦纸、汽泡纸包裹入内盒，然后入大箱，大箱用透明胶带工字封口。\r\n大箱尺寸54X28X26.5CM ,如果实际尺寸相差较大请及时通知我司。','1/3','SETS',21,180,'\0','5.00','3.00','58.50','28.00','26.50',NULL,NULL,NULL,'224.91',NULL,7,'10.71',NULL,NULL,'60.00',NULL,NULL,'\0',5),('4028817a3b3a59cd013b3b5e6e1d0025','4028817a3aa9f950013aab27e201001a','4028817a3b3a59cd013b3b5bbd94001a','1','4028817a3aa9f950013aab27e2010010','671112',NULL,'JK0017/JK1102295','4f411504-e8bf-4fa0-99e7-2164c132fab6.jpg','套6全明料刻花低口杯，描亮油，口部描3MM白金\r\n尺寸：8X9.5 CM H\r\n1套/五层内盒   4套/大箱\r\n产品用白纸、瓦纸、汽泡纸包裹入内盒，然后入大箱，大箱用透明胶带工字封口。\r\n大箱尺寸57X20.5X25CM ,如果实际尺寸相差较大请及时通知我司。','1/4','SETS',20,180,'\0','7.00','5.00','46.00','32.50','27.50',NULL,NULL,NULL,'202.00',NULL,5,'10.10',NULL,NULL,'57.00',NULL,NULL,'\0',11),('4028817a3b3a59cd013b3b5e6e1d0026','4028817a3aa9f950013aab27e201001d','4028817a3b3a59cd013b3b5bbd94001a','1','4028817a3aa9f950013aab27e2010010','671112',NULL,'JK0008/JK1101026','883938f8-9c1a-407d-a017-6b395b86b919.jpg','套6全明料刻网格酒杯，网格描亮油\r\n尺寸：7.7X23.5 CM H\r\n1套/五层内盒   3套/大箱\r\n产品用白纸、瓦纸、汽泡纸包裹入内盒，然后入大箱，大箱用透明胶带工字封口。\r\n大箱尺寸55X29X28.5 CM ,如果实际尺寸相差较大请及时通知我司。','1/3','SETS',21,180,'\0','5.50','3.50','56.50','27.50','28.50',NULL,NULL,NULL,'227.43',NULL,7,'10.83',NULL,NULL,'60.00',NULL,NULL,'\0',2),('4028817a3b3a59cd013b3b5e6e1d0027','4028817a3aa9f950013aab27e201001e','4028817a3b3a59cd013b3b5bbd94001a','1','4028817a3aa9f950013aab27e2010010','671112',NULL,'JK0013/JK1102295-G','7f231a16-a93e-439c-b261-cb1458c2a857.jpg','套6全明料刻花低口杯，描亮油，口部描3MM黄金\r\n尺寸：8X9.5 CM H\r\n1套/五层内盒   4套/大箱\r\n产品用白纸、瓦纸、汽泡纸包裹入内盒，然后入大箱，大箱用透明胶带工字封口。\r\n大箱尺寸57X20.5X25CM ,如果实际尺寸相差较大请及时通知我司。','1/4','SETS',20,180,'\0','7.00','5.00','46.00','32.50','27.50',NULL,NULL,NULL,'202.00',NULL,5,'10.10',NULL,NULL,'57.00',NULL,NULL,'\0',7),('4028817a3b3a59cd013b3b5e6e1d0028','4028817a3aa9f950013aab27e201001f','4028817a3b3a59cd013b3b5bbd94001a','1','4028817a3aa9f950013aab27e2010010','671112',NULL,'JK0021/JK1102314-S','831679a9-44e1-4f2b-b343-b185fe519894.jpg','套6全明料刻花酒杯，描亮油，口部描3MM白金，圆珠子描白金\r\n尺寸：8.5X22.5 CM H\r\n1套/五层内盒   3套/大箱\r\n产品用白纸、瓦纸、汽泡纸包裹入内盒，然后入大箱，大箱用透明胶带工字封口。\r\n大箱尺寸60X31.5X27.5 CM,如果实际尺寸相差较大请及时通知我司。','1/3','SETS',21,180,'\0','6.50','4.50','61.50','30.50','27.50',NULL,NULL,NULL,'257.04',NULL,7,'12.24',NULL,NULL,'69.00',NULL,NULL,'\0',15),('4028817a3b3a59cd013b3b5e6e1d0029','4028817a3aa9f950013aab27e2010012','4028817a3b3a59cd013b3b5bbd94001a','1','4028817a3aa9f950013aab27e2010010','671112',NULL,'JK0009/JK1101027','948f3d34-8cd3-4883-b905-6a8d5e97bb2f.jpg','套6全明料刻网格香槟杯，网格描亮油\r\n尺寸：5.8X27 CM H\r\n1套/五层内盒   3套/大箱\r\n产品用白纸、瓦纸、汽泡纸包裹入内盒，然后入大箱，大箱用透明胶带工字封口。\r\n大箱尺寸44X23.5X32CM ,如果实际尺寸相差较大请及时通知我司。','1/3','SETS',21,180,'\0','5.00','3.00','55.50','26.50','32.00',NULL,NULL,NULL,'227.43',NULL,7,'10.83',NULL,NULL,'57.00',NULL,NULL,'\0',3),('4028817a3b3a59cd013b3b5e6e1d002a','4028817a3aa9f950013aab27e2100026','4028817a3b3a59cd013b3b5bbd94001a','1','4028817a3aa9f950013aab27e2010010','671112',NULL,'JK0029/JK1102332','be7f2343-5cfc-4dd0-8374-89240af19cca.jpg','套6全明料刻花酒杯，描亮油，口部描3MM白金，圆珠子描白金\r\n尺寸：9X19.5 CM H\r\n1套/五层内盒   3套/大箱\r\n产品用白纸、瓦纸、汽泡纸包裹入内盒，然后入大箱，大箱用透明胶带工字封口。\r\n大箱尺寸63X32.5X24.5 CM,如果实际尺寸相差较大请及时通知我司。','1/3','SETS',21,180,'\0','5.50','3.50','64.50','31.00','24.50',NULL,NULL,NULL,'233.73',NULL,7,'11.13',NULL,NULL,'57.00',NULL,NULL,'\0',23),('4028817a3b3a59cd013b3b5e6e1d002b','4028817a3aa9f950013aab27e2010024','4028817a3b3a59cd013b3b5bbd94001a','1','4028817a3aa9f950013aab27e2010010','671112',NULL,'JK0023/JK1102136-S','fd7f404e-bdf0-4f19-9139-0e14a66df32b.jpg','套6全明料刻花香槟杯，描亮油，口部描3MM白金，圆珠子描白金\r\n尺寸：5.5X28  CM H\r\n1套/五层内盒   4套/大箱\r\n产品用白纸、瓦纸、汽泡纸包裹入内盒，然后入大箱，大箱用透明胶带工字封口。\r\n大箱尺寸42X28.5X33 CM,如果实际尺寸相差较大请及时通知我司。','1/4','SETS',20,180,'\0','6.50','4.50','54.00','37.00','33.00',NULL,NULL,NULL,'238.60',NULL,5,'11.93',NULL,NULL,'66.00',NULL,NULL,'\0',17),('4028817a3b3a59cd013b3b5e6e1d002c','4028817a3aa9f950013aab27e2010022','4028817a3b3a59cd013b3b5bbd94001a','1','4028817a3aa9f950013aab27e2010010','671112',NULL,'JK0020/JK1102136','2bd5940f-1e8e-4caa-889b-db7e6722c8eb.jpg','套6全明料刻花香槟杯，描亮油，口部描3MM黄金，圆珠子描黄金\r\n尺寸：5.5X28  CM H\r\n1套/五层内盒   4套/大箱\r\n产品用白纸、瓦纸、汽泡纸包裹入内盒，然后入大箱，大箱用透明胶带工字封口。\r\n大箱尺寸42X28.5X33 CM,如果实际尺寸相差较大请及时通知我司。','1/4','SETS',20,180,'\0','6.50','4.50','54.00','37.00','33.00',NULL,NULL,NULL,'238.60',NULL,5,'11.93',NULL,NULL,'66.00',NULL,NULL,'\0',14),('4028817a3b3a59cd013b3b5e6e1d002d','4028817a3aa9f950013aab27e201001c','4028817a3b3a59cd013b3b5bbd94001a','1','4028817a3aa9f950013aab27e2010010','671112',NULL,'JK0007/JK1101025','c480978b-62e3-4efd-a38d-cbb20899ef68.jpg','套6全明料刻网格酒杯，网格描亮油\r\n尺寸：8.5X25 CM H\r\n1套/五层内盒   3套/大箱\r\n产品用白纸、瓦纸、汽泡纸包裹入内盒，然后入大箱，大箱用透明胶带工字封口。\r\n大箱尺寸60X31X30CM ,如果实际尺寸相差较大请及时通知我司。','1/3','SETS',21,180,'\0','5.50','3.50','61.50','30.50','30.50',NULL,NULL,NULL,'243.18',NULL,7,'11.58',NULL,NULL,'63.00',NULL,NULL,'\0',1),('4028817a3b3a59cd013b3b5e6e1d002e','4028817a3aa9f950013aab27e2010021','4028817a3b3a59cd013b3b5bbd94001a','1','4028817a3aa9f950013aab27e2010010','671112',NULL,'JK0027/JK1104003','ffac3ac8-6354-4869-856e-28cfd29f6a02.jpg','套6全明料刻花香槟杯，描亮油，口部描3MM白金，圆珠子描白金\r\n尺寸：6.3X27  CM H\r\n1套/五层内盒   4套/大箱\r\n产品用白纸、瓦纸、汽泡纸包裹入内盒，然后入大箱，大箱用透明胶带工字封口。\r\n大箱尺寸46.5X32X32 CM,如果实际尺寸相差较大请及时通知我司。','1/4','SETS',20,180,'\0','6.50','4.50','54.00','37.00','32.00',NULL,NULL,NULL,'210.40',NULL,5,'10.52',NULL,NULL,'57.00',NULL,NULL,'\0',21),('4028817a3b3a59cd013b3b5e6e1d002f','4028817a3aa9f950013aab27e2100027','4028817a3b3a59cd013b3b5bbd94001a','1','4028817a3aa9f950013aab27e2010010','671112',NULL,'JK0015/JK1102291','2639a0d1-79a7-426b-ab1d-3cd4ce6dcc25.jpg','套6全明料刻花酒杯，描亮油，口部描3MM白金\r\n尺寸：7.5X21.5 CM H\r\n1套/五层内盒   3套/大箱\r\n产品用白纸、瓦纸、汽泡纸包裹入内盒，然后入大箱，大箱用透明胶带工字封口。\r\n大箱尺寸54X28X26.5CM ,如果实际尺寸相差较大请及时通知我司。','1/3','SETS',21,180,'\0','5.00','3.00','58.50','28.00','26.50',NULL,NULL,NULL,'224.91',NULL,7,'10.71',NULL,NULL,'60.00',NULL,NULL,'\0',9),('4028817a3b3a59cd013b3b5e6e1d0030','4028817a3aa9f950013aab27e2010015','4028817a3b3a59cd013b3b5bbd94001a','1','4028817a3aa9f950013aab27e2010010','671112',NULL,'JK0010/JK1102290-G','24f52aff-2177-4aae-89a8-c3fb801b09a2.jpg','套6全明料刻花酒杯，描亮油，口部描3MM黄金\r\n尺寸：8X23.5 CM H\r\n1套/五层内盒   3套/大箱\r\n产品用白纸、瓦纸、汽泡纸包裹入内盒，然后入大箱，大箱用透明胶带工字封口。\r\n大箱尺寸57X30X28.5CM ,如果实际尺寸相差较大请及时通知我司。','1/3','SETS',21,180,'\0','5.50','3.50','58.50','28.00','28.50',NULL,NULL,NULL,'237.72',NULL,7,'11.32',NULL,NULL,'61.20',NULL,NULL,'\0',4),('4028817a3b3a59cd013b3b5e6e1d0031','4028817a3aa9f950013aab27e201001b','4028817a3b3a59cd013b3b5bbd94001a','1','4028817a3aa9f950013aab27e2010010','671112',NULL,'JK0022/JK1102315-S','4c6a3d70-7243-4e35-9632-9527890dd902.jpg','套6全明料刻花酒杯，描亮油，口部描3MM白金，圆珠子描白金\r\n尺寸：9.5X23.5 CM H\r\n1套/五层内盒   3套/大箱\r\n产品用白纸、瓦纸、汽泡纸包裹入内盒，然后入大箱，大箱用透明胶带工字封口。\r\n大箱尺寸66X34X28.5 CM,如果实际尺寸相差较大请及时通知我司。','1/3','SETS',21,180,'\0','7.50','5.50','67.00','32.50','28.50',NULL,NULL,NULL,'276.15',NULL,7,'13.15',NULL,NULL,'72.00',NULL,NULL,'\0',16),('4028817a3b3a59cd013b3b96f4830034','4028817a3a670a6f013a68766d46000a','4028817a3b3a59cd013b3b96187b0033','9','4028817a3a670a6f013a68766d460001','C/2256/12',NULL,'5377','5ddfd215-bdf0-4712-a185-c10126ac6c71.jpg','全明料大号蛋糕盘粘底座，电镀脏银\r\n尺寸：31.5X13.5CM高\r\n1只/五层内盒        4只/大箱','1/4','PCS',600,0,'\0','7.00','5.00','36.00','35.00','51.00',NULL,NULL,NULL,'1950.00',NULL,150,'3.25',NULL,NULL,'10.00',NULL,NULL,'\0',6),('4028817a3b3a59cd013b3b96f4830035','4028817a3a670a6f013a68766d56000f','4028817a3b3a59cd013b3b96187b0033','9','4028817a3a670a6f013a68766d460001','C/2256/12',NULL,'5369','3a14be04-c725-4956-9702-c1c3e7613a5d.jpg','全明料粘底座小号钻石蛋糕盘，电镀脏银\r\n电镀我司安排\r\n尺寸：21X9.5CM高\r\n1只/五层内盒       4只/大箱','1/4','PCS',600,0,'\0','4.50','2.50','24.00','24.00','50.00',NULL,NULL,NULL,'1248.00',NULL,150,'2.08',NULL,NULL,'6.80',NULL,NULL,'\0',1),('4028817a3b3a59cd013b3b96f4830036','4028817a3a670a6f013a68766d460007','4028817a3b3a59cd013b3b96187b0033','9','4028817a3a670a6f013a68766d460001','C/2256/12',NULL,'5370','3c553b14-cfb3-49cb-9469-cfc0baac9218.jpg','全明料粘底座中号钻石蛋糕盘，电镀脏银\r\n电镀我司安排\r\n尺寸：25.4X9.5CM高\r\n1只/五层内盒        4只/大箱','1/4','PCS',600,0,'\0','5.50','3.50','30.00','30.00','51.00',NULL,NULL,NULL,'1554.00',NULL,150,'2.59',NULL,NULL,'8.30',NULL,NULL,'\0',2),('4028817a3b3a59cd013b3b96f4930037','4028817a3a670a6f013a68766d46000c','4028817a3b3a59cd013b3b96187b0033','9','4028817a3a670a6f013a68766d460001','C/2256/12',NULL,'5371','204466d8-ac1f-45c5-850f-81fe0244e0f3.jpg','全明料粘底座大号钻石蛋糕盘，电镀脏银\r\n尺寸：30.5CMX10CM高\r\n1只/五层内盒       4只/大箱','1/4','PCS',600,0,'\0','7.00','5.00','34.00','34.00','48.00',NULL,NULL,NULL,'1950.00',NULL,150,'3.25',NULL,NULL,'10.00',NULL,NULL,'\0',3),('4028817a3b3a59cd013b3b96f4930038','4028817a3a670a6f013a68766d460002','4028817a3b3a59cd013b3b96187b0033','9','4028817a3a670a6f013a68766d460001','C/2256/12',NULL,'5375','0e2ff414-f511-4580-b451-081b9619001c.jpg','全明料小号蛋糕盘粘底座，电镀脏银\r\n电镀我司安排\r\n尺寸：20X12CM高\r\n1只/五层内盒      4只/大箱','1/4','PCS',600,0,'\0','4.50','2.50','23.00','23.00','50.00',NULL,NULL,NULL,'1248.00',NULL,150,'2.08',NULL,NULL,'6.80',NULL,NULL,'\0',4),('4028817a3b3a59cd013b3b96f4930039','4028817a3a670a6f013a68766d460004','4028817a3b3a59cd013b3b96187b0033','9','4028817a3a670a6f013a68766d460001','C/2256/12',NULL,'5376','7160f232-cda2-4cb2-8d06-fe1f1bf33b34.jpg','全明料中号蛋糕盘粘底座，电镀脏银\r\n电镀我司安排\r\n尺寸：25.5X12.7CM高\r\n1只/五层内盒        4只/大箱','1/4','PCS',600,0,'\0','5.50','3.50','29.00','29.00','52.00',NULL,NULL,NULL,'1554.00',NULL,150,'2.59',NULL,NULL,'8.30',NULL,NULL,'\0',5),('4028817a3b3a59cd013b3ba18c4e003b','4028817a39991fae01399ad24e5a0028','4028817a3b3a59cd013b3ba084c1003a','3','4028817a39991fae01399ad24e5a0027','404058',NULL,'18008437/JK1700010','354bf203-15cd-4f02-8979-2c866710b453.jpg','全明料圆形黄油缸 \r\n直径6X9CM 高 \r\n6/五层内盒    24只/大箱 \r\n内盒中五层十字隔板， \r\n大箱要求5层双面牛皮纸印刷 \r\n封箱胶带由我司提供，  \r\n包装方式： 工字封口','6/24','PCS',2400,0,'\0','9.50','7.50','45.00','33.50','30.50',NULL,NULL,NULL,'2160.00',NULL,100,'0.90',NULL,NULL,'5.00',NULL,NULL,'\0',1),('402881e63d9b1903013d9b4bc72c000c','4028817a3357462e01336d3a0be10016','402881e63d9b1903013d9b4bc72c000b','1','4028817a3357462e01336d3a0be10014','11JK1078',NULL,'JK1014001','a2ffd39f-18d5-4a6b-89a2-bc91df4926f5.png','全明料大碗，烤鱼白花纸\r\n尺寸：23X11CM高\r\n1只/五层内盒                4只/大箱\r\n花纸我司提供','1/4','PCS',1000,0,'\0',NULL,NULL,NULL,NULL,NULL,NULL,NULL,NULL,'16500.00',NULL,250,NULL,NULL,NULL,'16.50',NULL,NULL,'\0',7),('402881e63d9b1903013d9b4bc74b000d','4028817a3357462e01336d3a0be10015','402881e63d9b1903013d9b4bc72c000b','7','4028817a3357462e01336d3a0be10014','11JK1078',NULL,'JK1014003','699176d9-c242-42d2-8661-9ce712bba97a.png','全明料盘子，烤鱼白花纸\r\n盘子直径：27CM\r\n2只/五层内盒        16只/大箱\r\n花纸我司提供','2/16','PCS',1200,0,'\0',NULL,NULL,NULL,NULL,NULL,NULL,NULL,NULL,'9000.00',NULL,75,NULL,NULL,NULL,'7.50',NULL,NULL,'\0',6),('402881e63d9b1903013d9b4bc75a000e','4028817a3357462e0133591b86ec0004','402881e63d9b1903013d9b4bc72c000b','2','4028817a3357462e0133591b86ec0002','C/3817/11',NULL,'2964','ad25929a-27f5-4065-bb9f-6d4788d395ee.png','全明料糖缸带盖子\r\n尺寸：19X48CM高  底径：13.5CM\r\n重量不低于1600克/只\r\n1只/上下保利龙盖/彩盒    4只/大箱','1/4','PCS',144,0,'\0',NULL,NULL,NULL,NULL,NULL,NULL,NULL,NULL,'3456.00',NULL,36,NULL,NULL,NULL,'24.00',NULL,NULL,'\0',2),('402881e63d9b1903013d9b4bc75a000f','4028817a3357462e0133592355750006','402881e63d9b1903013d9b4bc72c000b','2','4028817a3357462e0133591b86ec0002','C/3817/11',NULL,'2976','af417c8a-e44f-406e-b226-194d8a61df75.png','全明料糖缸带盖子\r\n尺寸：17.5X41CM高   底径：13CM\r\n重量不低于1800克/只\r\n1只/上下保利龙盖/彩盒     4只/大箱','1/4','PCS',144,0,'\0',NULL,NULL,NULL,NULL,NULL,NULL,NULL,NULL,'2448.00',NULL,36,NULL,NULL,NULL,'17.00',NULL,NULL,'\0',4),('402881e63d9b1903013d9b4bc75a0010','4028817a3357462e01336d3a0be10018','402881e63d9b1903013d9b4bc72c000b','1','4028817a3357462e01336d3a0be10014','11JK1078',NULL,'JK1014005','9ed4ab1e-d425-4b8d-beb3-1fa6dc63d1df.png','全明料低口杯，烤鱼白花纸\r\n尺寸：7.3X10.5CM高\r\n4只/五层内盒       24只/大箱\r\n花纸我司提供','4/24','PCS',1800,0,'\0',NULL,NULL,NULL,NULL,NULL,NULL,NULL,NULL,'9540.00',NULL,75,NULL,NULL,NULL,'5.30',NULL,NULL,'\0',9),('402881e63d9b1903013d9b4bc75a0011','4028817a3357462e01336d3a0be10017','402881e63d9b1903013d9b4bc72c000b','1','4028817a3357462e01336d3a0be10014','11JK1078',NULL,'JK1014006','edc6f494-cc9f-41f2-a04c-edff659df1af.png','全明料低口杯，烤6种白花纸\r\n尺寸：7.3X10.5CM高\r\n6只/五层内盒         24只/大箱\r\n6种花纸内盒中混装，白花纸我司供','6/24','PCS',1800,0,'\0',NULL,NULL,NULL,NULL,NULL,NULL,NULL,NULL,'9540.00',NULL,75,NULL,NULL,NULL,'5.30',NULL,NULL,'\0',8),('402881e63d9b1903013d9b4bc75a0012','4028817a3357462e0133591b86ec0003','402881e63d9b1903013d9b4bc72c000b','2','4028817a3357462e0133591b86ec0002','C/3817/11',NULL,'2965','2ba24918-4c3c-4632-8d8a-9d475d5e4d2d.png','全明料糖缸带盖子\r\n尺寸：16X40CM高  底径：11CM\r\n重量不低于1500克/只\r\n1只/上下保利龙盖/彩盒   6只/大箱','1/6','PCS',144,0,'\0',NULL,NULL,NULL,NULL,NULL,NULL,NULL,NULL,'2448.00',NULL,24,NULL,NULL,NULL,'17.00',NULL,NULL,'\0',1),('402881e63d9b1903013d9b4bc75a0013','4028817a3357462e01336d3a0be10019','402881e63d9b1903013d9b4bc72c000b','1','4028817a3357462e01336d3a0be10014','11JK1078',NULL,'JK1080766-3','21b5e24a-a58a-4a58-a705-1595faeec581.png','全明料低口杯，烤3种不同的白花纸\r\n尺寸：7.3X10.5CM \r\n3只/五层内盒            24只/大箱\r\n每种花纸600只，3种花纸混装\r\n花纸我司提供','3/24','PCS',1800,0,'\0',NULL,NULL,NULL,NULL,NULL,NULL,NULL,NULL,'9540.00',NULL,75,NULL,NULL,NULL,'5.30',NULL,NULL,'\0',10),('402881e63d9b1903013d9b4bc75a0014','4028817a3357462e01336cc0879b0011','402881e63d9b1903013d9b4bc72c000b','3','4028817a3357462e01336cc0877b0010','11JK1080',NULL,'JK1700011','05702b8f-6bda-4bca-9c4d-f15c18f279eb.png','全明料方形黄油缸\r\n尺寸：罩子：7.3X8CM高   盘：6X5CM\r\n1只/内盒       6只/中盒       24只/大箱','24','SETS',504,0,'\0',NULL,NULL,NULL,NULL,NULL,NULL,NULL,NULL,'2318.40',NULL,21,NULL,NULL,NULL,'4.60',NULL,NULL,'\0',5),('402881e63d9b1903013d9b4bc75a0015','4028817a3357462e0133592355750005','402881e63d9b1903013d9b4bc72c000b','2','4028817a3357462e0133591b86ec0002','C/3817/11',NULL,'2977','b5480a29-da8c-41e1-b91c-54a9fdb15834.png','全明料圆肚糖缸带盖子\r\n尺寸：16X36CM高    底径：12CM\r\n最大径：22CM    重量不低于1200克/只\r\n1只/上下保利龙盖/彩盒     2只/大箱','1/2','PCS',144,0,'\0',NULL,NULL,NULL,NULL,NULL,NULL,NULL,NULL,'2448.00',NULL,72,NULL,NULL,NULL,'17.00',NULL,NULL,'\0',3);

/*Table structure for table `ext_cproduct_c` */

DROP TABLE IF EXISTS `ext_cproduct_c`;

CREATE TABLE `ext_cproduct_c` (
  `EXT_CPRODUCT_ID` varchar(40) NOT NULL,
  `FACTORY_ID` varchar(40) default NULL,
  `CONTRACT_PRODUCT_ID` varchar(40) default NULL,
  `CTYPE` int(11) default NULL COMMENT 'SYS_CODE=0104',
  `PRODUCT_NAME` varchar(200) default NULL,
  `PRODUCT_NO` varchar(50) default NULL,
  `PRODUCT_IMAGE` varchar(200) default NULL,
  `PRODUCT_DESC` varchar(600) default NULL,
  `LOADING_RATE` varchar(30) default NULL COMMENT 'x/y',
  `PACKING_UNIT` varchar(10) default NULL COMMENT 'PCS/SETS',
  `CNUMBER` int(11) default NULL,
  `OUT_NUMBER` int(11) default NULL,
  `FINISHED` bit(1) default NULL,
  `GROSS_WEIGHT` decimal(10,2) default NULL,
  `NET_WEIGHT` decimal(10,2) default NULL,
  `SIZE_LENGTH` decimal(10,2) default NULL,
  `SIZE_WIDTH` decimal(10,2) default NULL,
  `SIZE_HEIGHT` decimal(10,2) default NULL,
  `PRODUCT_REQUEST` varchar(2000) default NULL,
  `FACTORY` varchar(200) default NULL,
  `PRICE` decimal(10,2) default NULL,
  `AMOUNT` decimal(10,2) default NULL COMMENT '自动计算: 数量x单价',
  `CUNIT` varchar(10) default NULL,
  `BOX_NUM` int(11) default NULL,
  `EX_PRICE` decimal(10,2) default NULL,
  `EX_UNIT` varchar(10) default NULL COMMENT '$/￥',
  `NO_TAX` decimal(10,2) default NULL COMMENT '收购单价',
  `TAX` decimal(10,2) default NULL COMMENT '收购单价',
  `COST_PRICE` decimal(10,2) default NULL COMMENT '自动计算=数量x含税/1.17标准值',
  `COST_TAX` decimal(10,2) default NULL COMMENT '自动计算=数量x含税-收购成本金额',
  `ACCESSORIES` bit(1) default NULL,
  `ORDER_NO` int(11) default NULL,
  PRIMARY KEY  (`EXT_CPRODUCT_ID`)
) ENGINE=InnoDB DEFAULT CHARSET=utf8;

/*Data for the table `ext_cproduct_c` */

insert  into `ext_cproduct_c`(`EXT_CPRODUCT_ID`,`FACTORY_ID`,`CONTRACT_PRODUCT_ID`,`CTYPE`,`PRODUCT_NAME`,`PRODUCT_NO`,`PRODUCT_IMAGE`,`PRODUCT_DESC`,`LOADING_RATE`,`PACKING_UNIT`,`CNUMBER`,`OUT_NUMBER`,`FINISHED`,`GROSS_WEIGHT`,`NET_WEIGHT`,`SIZE_LENGTH`,`SIZE_WIDTH`,`SIZE_HEIGHT`,`PRODUCT_REQUEST`,`FACTORY`,`PRICE`,`AMOUNT`,`CUNIT`,`BOX_NUM`,`EX_PRICE`,`EX_UNIT`,`NO_TAX`,`TAX`,`COST_PRICE`,`COST_TAX`,`ACCESSORIES`,`ORDER_NO`) values ('4028817a3357462e013359291f540007','4028817a37583d45013758d152450038','4028817a3357462e0133591b86ec0003',3,NULL,'2965','undefined','彩盒，新菲林\r\n配全明料糖缸带盖子\r\n彩盒尺寸：20X20X41CM',NULL,'PCS',144,NULL,'\0',NULL,NULL,NULL,NULL,NULL,'1.彩盒要求350克面纸；\r\n2.工厂待用安全包装，待我司运至工厂；\r\n3.工厂免费提供1%余量，以防划伤，破损；\r\n4.交期:2011年11月05日。',NULL,'3.20','460.80',NULL,NULL,NULL,NULL,NULL,NULL,NULL,NULL,'\0',2),('4028817a3357462e013359291f640008','4028817a34f93be50134f9df84470001','4028817a3357462e0133591b86ec0004',2,NULL,'2964','','彩盒，新菲林\r\n配全明料糖缸带盖子\r\n彩盒尺寸：22.5X22.5X48.5CM',NULL,'PCS',144,NULL,'\0',NULL,NULL,NULL,NULL,NULL,'1.彩盒要求350克面纸；\r\n2.工厂待用安全包装，待我司运至工厂；\r\n3.工厂免费提供1%余量，以防划伤，破损；\r\n4.交期:2011年11月05日。',NULL,'4.00','576.00',NULL,NULL,NULL,NULL,NULL,NULL,NULL,NULL,'\0',1),('4028817a3357462e013359291f640009','10','4028817a3357462e0133592355750006',5,NULL,'2976','undefined','彩盒，新菲林\r\n配明料糖缸带盖子\r\n彩盒尺寸：25.7X25.7X35.7CM',NULL,'PCS',144,NULL,'\0',NULL,NULL,NULL,NULL,NULL,'1.彩盒要求350克面纸；\r\n2.工厂待用安全包装，待我司运至工厂；\r\n3.工厂免费提供1%余量，以防划伤，破损；\r\n4.交期:2011年11月05日。',NULL,'3.90','561.60',NULL,NULL,NULL,NULL,NULL,NULL,NULL,NULL,'\0',4),('4028817a3357462e013359291f64000a','4028817a34f93be50134f9df84470001','4028817a3357462e0133592355750006',4,NULL,'2976','undefined','彩盒，新菲林\r\n配全明料糖缸带盖子\r\n彩盒尺寸：21.5X21.5X41CM',NULL,'PCS',144,NULL,'\0',NULL,NULL,NULL,NULL,NULL,'1.彩盒要求350克面纸；\r\n2.工厂待用安全包装，待我司运至工厂；\r\n3.工厂免费提供1%余量，以防划伤，破损；\r\n4.交期:2011年11月05日。',NULL,'3.30','475.20',NULL,NULL,NULL,NULL,NULL,NULL,NULL,NULL,'\0',3),('4028817a33812ffd0133820c0a460028','19','4028817a33812ffd013382048ff80027',2,NULL,'20-37-266/JK1050164','73be2c8a-b961-4ae9-899a-2d259ecd152b.png','蒙砂白花纸\r\n配全明料蛋糕罩\r\n\r\n送祁县宏艺厂',NULL,'PCS',1200,NULL,'\0',NULL,NULL,NULL,NULL,NULL,'1.产品的颜色、造型、尺寸、重量务必同我司封样一致；\r\n2.工厂免费提供2% 余量，以防损耗，代用包装送至指定工厂；请在外包装上注明相对应的合同号及货号；\r\n3.交期:2011年12月05日；',NULL,'0.40','480.00',NULL,NULL,NULL,NULL,NULL,NULL,NULL,NULL,'\0',3),('4028817a33812ffd0133820c0a460029','19','4028817a33812ffd013382048ff80026',2,NULL,'20-37-265/JK1050163','1af851ab-98ff-4227-ba39-1175dca33c6f.png','蒙砂白花纸\r\n配全明料蛋糕罩\r\n\r\n送祁县宏艺厂',NULL,'PCS',1200,NULL,'\0',NULL,NULL,NULL,NULL,NULL,'1.产品的颜色、造型、尺寸、重量务必同我司封样一致；\r\n2.工厂免费提供2% 余量，以防损耗，代用包装送至指定工厂；请在外包装上注明相对应的合同号及货号；\r\n3.交期:2011年12月05日；',NULL,'0.38','456.00',NULL,NULL,NULL,NULL,NULL,NULL,NULL,NULL,'\0',2),('4028817a33812ffd0133820c0a46002a','19','4028817a33812ffd013382048ff80025',2,NULL,'20-37-264/JK1051087','bdf6ff59-ab4c-4218-a554-361ec409a04f.png','蒙砂白花纸\r\n配全明料蛋糕罩\r\n\r\n送祁县宏艺厂',NULL,'PCS',1200,NULL,'\0',NULL,NULL,NULL,NULL,NULL,'1.产品的颜色、造型、尺寸、重量务必同我司封样一致；\r\n2.工厂免费提供2% 余量，以防损耗，代用包装送至指定工厂；请在外包装上注明相对应的合同号及货号；\r\n3.交期:2011年12月05日；',NULL,'0.35','420.00',NULL,NULL,NULL,NULL,NULL,NULL,NULL,NULL,'\0',1),('4028817a33d4f8b40133d994c45e0021','19','4028817a33d4f8b40133d9878e880014',2,NULL,'JK169340/13076','undefined','蒙砂白花纸\r\n烤在蛋糕罩上\r\n送祁县光华厂',NULL,'PCS',464,NULL,'\0',NULL,NULL,NULL,NULL,NULL,'1.产品的颜色、造型、尺寸、务必同我司提供样稿一致；\r\n2.工厂免费提供2% 余量，以防损耗，代用包装送至指定工厂；请在外包装上注明相对应的合同号及货号；\r\n3.交期:2011年11月20日。',NULL,'1.02','473.28',NULL,NULL,NULL,NULL,NULL,NULL,NULL,NULL,'\0',2),('4028817a33d4f8b40133d994c45e0022','19','4028817a33d4f8b40133d9878e880016',2,NULL,'JK1050201/12078','','蒙砂白花纸\r\n烤在蛋糕罩上\r\n送祁县光华厂',NULL,'PCS',204,NULL,'\0',NULL,NULL,NULL,NULL,NULL,'1.产品的颜色、造型、尺寸、务必同我司提供的样稿一致；\r\n2.工厂免费提供2% 余量，以防损耗，代用包装送至指定工厂；请在外包装上注明相对应的合同号及货号；\r\n3.交期:2011年11月20日送指定工厂。',NULL,'0.80','163.20',NULL,NULL,NULL,NULL,NULL,NULL,NULL,NULL,'\0',1),('4028817a33ecdbf70133edfc84d40001','19','4028817a3357462e01336d3a0be10018',2,NULL,'JK1014005','94d2d773-24b6-412e-b0e3-0fc9dddf0955.png','低温鱼花纸\r\n明料低口杯\r\n祁县宏艺厂',NULL,'PCS',1800,NULL,'\0',NULL,NULL,NULL,NULL,NULL,'1.产品的颜色、造型、尺寸、务必同提供的样品一致；\r\n2.工厂免费提供2% 余量，以防损耗，代用包装送至指定工厂；请在外包装上注明相对应的合同号及货号；\r\n3.交期:2011年12月10；',NULL,'1.20','2160.00',NULL,NULL,NULL,NULL,NULL,NULL,NULL,NULL,'\0',4),('4028817a33ecdbf70133edfc84e40002','19','4028817a3357462e01336d3a0be10019',2,NULL,'JK1080766-3','29bb909d-d527-475d-bfbe-e5e05a02349c.png','套3白花纸\r\n\r\n送祁县宏艺厂',NULL,'SETS',600,NULL,'\0',NULL,NULL,NULL,NULL,NULL,'1.产品的颜色、造型、尺寸、务必同提供的样品一致；\r\n2.工厂免费提供2% 余量，以防损耗，代用包装送至指定工厂；请在外包装上注明相对应的合同号及货号；\r\n3.交期:2011年12月10；',NULL,'0.60','360.00',NULL,NULL,NULL,NULL,NULL,NULL,NULL,NULL,'\0',1),('4028817a33ecdbf70133edfc84e40003','19','4028817a3357462e01336d3a0be10017',2,NULL,'JK1014006','7be85008-7652-4995-aaca-3ade8405eca9.png','套6彩色花纸\r\n明料低口杯\r\n祁县宏艺厂',NULL,'SETS',300,NULL,'\0',NULL,NULL,NULL,NULL,NULL,'1.产品的颜色、造型、尺寸、务必同提供的样品一致；\r\n2.工厂免费提供2% 余量，以防损耗，代用包装送至指定工厂；请在外包装上注明相对应的合同号及货号；\r\n3.交期:2011年12月10；',NULL,'9.00','2700.00',NULL,NULL,NULL,NULL,NULL,NULL,NULL,NULL,'\0',5),('4028817a33ecdbf70133edfc84e40004','19','4028817a3357462e01336d3a0be10016',2,NULL,'JK1014001','7a3d341f-f473-44ce-9bd4-c7f2b87343ca.png','低温鱼花纸\r\n明料大碗\r\n送祁县宏艺厂',NULL,'PCS',1000,NULL,'\0',NULL,NULL,NULL,NULL,NULL,'1.产品的颜色、造型、尺寸、务必同提供的样品一致；\r\n2.工厂免费提供2% 余量，以防损耗，代用包装送至指定工厂；请在外包装上注明相对应的合同号及货号；\r\n3.交期:2011年12月10；',NULL,'2.40','2400.00',NULL,NULL,NULL,NULL,NULL,NULL,NULL,NULL,'\0',2),('4028817a33ecdbf70133edfc84e40005','19','4028817a3357462e01336d3a0be10015',2,NULL,'JK1014003','73980c53-44f6-4232-8c04-9d08a66eeccb.png','低温鱼花纸\r\n明料盘子\r\n\r\n送祁县天顺厂',NULL,'PCS',1200,NULL,'\0',NULL,NULL,NULL,NULL,NULL,'1.产品的颜色、造型、尺寸、务必同提供的样品一致；\r\n2.工厂免费提供2% 余量，以防损耗，代用包装送至指定工厂；请在外包装上注明相对应的合同号及货号；\r\n3.交期:2011年12月10；',NULL,'3.80','4560.00',NULL,NULL,NULL,NULL,NULL,NULL,NULL,NULL,'\0',3),('4028817a33fc4e280133fcdff5490011','19','4028817a33fc4e280133fcdb13f40010',2,NULL,'JK046/JK1050201','undefined','蒙砂白花纸\r\n烤在蛋糕罩子上\r\n送祁县光华厂',NULL,'PCS',600,NULL,'\0',NULL,NULL,NULL,NULL,NULL,'1.产品的颜色、造型、尺寸、重量务必同我司封样一致；\r\n2.工厂免费提供2% 余量，以防损耗，代用包装送至指定工厂；请在外包装上注明相对应的合同号及货号；\r\n3.交期:2011年11月15日；',NULL,'0.80','480.00',NULL,NULL,NULL,NULL,NULL,NULL,NULL,NULL,'\0',3),('4028817a33fc4e280133fcdff5490012','20','4028817a33d4f8b40133d9bea39b0032',4,NULL,'JK1050807/JK033','undefined','套6全明料酒杯\r\n杯碗电镀渐变色，挺底电镀\r\n尺寸：8X24CM高',NULL,'SETS',300,NULL,'\0',NULL,NULL,NULL,NULL,NULL,'★   产品与封样无明显差异，唛头、标签及包装质量务必符合公司要求。 \r\n ★★  产品生产前期、中期、后期抽验率不得少于10%，质量和封样一致， \r\n       并将验货照片传回公司。 \r\n★★★ 重点客人的质量标准检验，产品抽验率不得少于50%，务必做到入箱前检查。 \r\n 交期：2011年12月15日/工厂。                          没有经过我司同意无故延期交货造成严重后果的，按照客人的相关要求处理。 \r\n 开票：出货后请将增值税发票、验货报告、合同复印件及出库单一并寄至我司，以便我司安排付款。',NULL,'21.00','6300.00',NULL,NULL,NULL,NULL,NULL,NULL,NULL,NULL,'\0',2),('4028817a33fc4e280133fcdff5490013','20','4028817a33d4f8b40133d9bea39b0030',4,NULL,'JK1050806/JK032','','套6全明料香槟杯\r\n杯碗电镀渐变色，挺底电镀\r\n尺寸：5.7X25CM高',NULL,'SETS',320,NULL,'\0',NULL,NULL,NULL,NULL,NULL,'★   产品与封样无明显差异，唛头、标签及包装质量务必符合公司要求。 \r\n ★★  产品生产前期、中期、后期抽验率不得少于10%，质量和封样一致， \r\n       并将验货照片传回公司。 \r\n★★★ 重点客人的质量标准检验，产品抽验率不得少于50%，务必做到入箱前检查。 \r\n 交期：2011年12月15日/工厂。                          没有经过我司同意无故延期交货造成严重后果的，按照客人的相关要求处理。 \r\n 开票：出货后请将增值税发票、验货报告、合同复印件及出库单一并寄至我司，以便我司安排付款。',NULL,'21.00','6720.00',NULL,NULL,NULL,NULL,NULL,NULL,NULL,NULL,'\0',1),('4028817a33fc4e280133fd906b0d0029','19','4028817a33fc4e280133fd81e7d70027',2,NULL,'JK1040009/141760','undefined','白色字母花纸 \r\n送祁县宏艺厂',NULL,'PCS',300,NULL,'\0',NULL,NULL,NULL,NULL,NULL,'1.产品的颜色、造型、尺寸、重量务必同我司封样一致；\r\n2.工厂免费提供2% 余量，以防损耗，代用包装送至指定工厂；请在外包装上注明相对应的合同号及货号；\r\n3.交期:2011年11月25日；',NULL,'0.90','270.00',NULL,NULL,NULL,NULL,NULL,NULL,NULL,NULL,'\0',3),('4028817a33fc4e280133fd906b0d002a','19','4028817a33fc4e280133fd81e7d7001f',2,NULL,'J859102682/113860','','白色字母花纸\r\nSTORAGE ONLY\r\n祁县宏艺厂',NULL,'PCS',300,NULL,'\0',NULL,NULL,NULL,NULL,NULL,'1.产品的颜色、造型、尺寸、重量务必同我司封样一致；\r\n2.工厂免费提供2% 余量，以防损耗，代用包装送至指定工厂；请在外包装上注明相对应的合同号及货号；\r\n3.交期:2011年11月25日；',NULL,'0.40','120.00',NULL,NULL,NULL,NULL,NULL,NULL,NULL,NULL,'\0',1),('4028817a33fc4e280133fd906b0d002b','19','4028817a33fc4e280133fd81e7d70026',2,NULL,'JK10501218/160380','undefined','白色字母花纸 \r\n送祁县宏艺厂',NULL,'PCS',600,NULL,'\0',NULL,NULL,NULL,NULL,NULL,'1.产品的颜色、造型、尺寸、重量务必同我司封样一致；\r\n2.工厂免费提供2% 余量，以防损耗，代用包装送至指定工厂；请在外包装上注明相对应的合同号及货号；\r\n3.交期:2011年11月25日；',NULL,'0.40','240.00',NULL,NULL,NULL,NULL,NULL,NULL,NULL,NULL,'\0',4),('4028817a33fc4e280133fd906b0d002c','19','4028817a33fc4e280133fd81e7d70021',2,NULL,'123540','undefined','白色字母花纸(HIGH TEA)\r\n字体：ENGLISH SCRIPT\r\n尺寸：18X5.5CM\r\n祁县光华厂',NULL,'PCS',100,NULL,'\0',NULL,NULL,NULL,NULL,NULL,'1.产品的颜色、造型、尺寸、重量务必同我司封样一致；\r\n2.工厂免费提供2% 余量，以防损耗，代用包装送至指定工厂；请在外包装上注明相对应的合同号及货号；\r\n3.交期:2011年11月25日；',NULL,'0.30','30.00',NULL,NULL,NULL,NULL,NULL,NULL,NULL,NULL,'\0',5),('4028817a33fc4e280133fd906b0d002d','19','4028817a33fc4e280133fd81e7d70022',2,NULL,'JK1052446/158080','undefined','白色字母花纸\r\n\r\n \r\n祁县会龙厂',NULL,'PCS',702,NULL,'\0',NULL,NULL,NULL,NULL,NULL,'1.产品的颜色、造型、尺寸、重量务必同我司封样一致；\r\n2.工厂免费提供2% 余量，以防损耗，代用包装送至指定工厂；请在外包装上注明相对应的合同号及货号；\r\n3.交期:2011年11月25日；',NULL,'0.25','175.50',NULL,NULL,NULL,NULL,NULL,NULL,NULL,NULL,'\0',2),('4028817a33fc4e280133fd906b0d002e','19','4028817a33fc4e280133fd81e7d7001e',2,NULL,'169280','undefined','白色字母花纸(HIGH TEA)\r\n字体：ENGLISH SCRIPT\r\n尺寸：18X5.5CM\r\n祁县光华厂',NULL,'PCS',100,NULL,'\0',NULL,NULL,NULL,NULL,NULL,'1.产品的颜色、造型、尺寸、重量务必同我司封样一致；\r\n2.工厂免费提供2% 余量，以防损耗，代用包装送至指定工厂；请在外包装上注明相对应的合同号及货号；\r\n3.交期:2011年11月25日；',NULL,'0.30','30.00',NULL,NULL,NULL,NULL,NULL,NULL,NULL,NULL,'\0',6),('4028817a33fc4e280133fded2e6d0040','19','4028817a33fc4e280133fde6504f0039',2,NULL,'JK169340/13076','undefined','蒙砂白花纸\r\n\"烤在蛋糕罩子上(25X26CM)\r\n\"\r\n祁县光华厂',NULL,'PCS',200,NULL,'\0',NULL,NULL,NULL,NULL,NULL,'1.产品的颜色、造型、尺寸、重量务必同我司封样一致；\r\n2.工厂免费提供2% 余量，以防损耗，代用包装送至指定工厂；请在外包装上注明相对应的合同号及货号；\r\n3.交期:2011年11月20日',NULL,'1.02','204.00',NULL,NULL,NULL,NULL,NULL,NULL,NULL,NULL,'\0',4),('4028817a33fc4e280133fded2e6d0041','19','4028817a33fc4e280133fde6504f0038',2,NULL,'JK1050198/12860','undefined','蒙砂白花纸\r\n烤在红酒杯（11X19CM)上\r\n送平遥鸿艺',NULL,'PCS',400,NULL,'\0',NULL,NULL,NULL,NULL,NULL,'1.产品的颜色、造型、尺寸、重量务必同我司封样一致；\r\n2.工厂免费提供2% 余量，以防损耗，代用包装送至指定工厂；请在外包装上注明相对应的合同号及货号；\r\n3.交期:2011年11月20日',NULL,'0.49','196.00',NULL,NULL,NULL,NULL,NULL,NULL,NULL,NULL,'\0',3),('4028817a33fc4e280133fded2e6d0042','19','4028817a33fc4e280133fde6504f003c',2,NULL,'JK1050195/12859','undefined','蒙砂白花纸\r\n烤在香槟杯(8X21CM)上\r\n送平遥鸿艺',NULL,'PCS',400,NULL,'\0',NULL,NULL,NULL,NULL,NULL,'1.产品的颜色、造型、尺寸、重量务必同我司封样一致；\r\n2.工厂免费提供2% 余量，以防损耗，代用包装送至指定工厂；请在外包装上注明相对应的合同号及货号；\r\n3.交期:2011年11月20日',NULL,'0.40','160.00',NULL,NULL,NULL,NULL,NULL,NULL,NULL,NULL,'\0',2),('4028817a33fc4e280133fded2e6d0043','19','4028817a33fc4e280133fde6504f0037',2,NULL,'JK1050201/12078','','蒙砂白花纸\r\n烤在蛋糕罩子上\r\n祁县光华厂',NULL,'PCS',402,NULL,'\0',NULL,NULL,NULL,NULL,NULL,'1.产品的颜色、造型、尺寸、重量务必同我司封样一致；\r\n2.工厂免费提供2% 余量，以防损耗，代用包装送至指定工厂；请在外包装上注明相对应的合同号及货号；\r\n3.交期:2011年11月20日；',NULL,'0.80','321.60',NULL,NULL,NULL,NULL,NULL,NULL,NULL,NULL,'\0',1),('4028817a343a5c9101343a6fd3200001','22','4028817a33812ffd0133816aacd40019',4,NULL,'4998','undefined','全明料死模风灯 ，电镀花银喷紫色\r\n尺寸：11.5X30.5CM',NULL,'PCS',300,NULL,'\0',NULL,NULL,NULL,NULL,NULL,'★   产品与封样无明显差异，唛头、标签及包装质量务必符合公司要求。 \r\n ★★  产品生产前期、中期、后期抽验率不得少于10%，质量和封样一致， \r\n       并将验货照片传回公司。 \r\n★★★ 重点客人的质量标准检验，产品抽验率不得少于50%，务必做到入箱前检查。 \r\n 交期：2012年1月10日/工厂。\r\n       没有经过我司同意无故延期交货造成严重后果的，按照客人的相关要求处理。 \r\n 开票：出货后请将增值税发票、验货报告、合同复印件及出库单一并寄至我司，以便我司安排付款。',NULL,'1.70','510.00',NULL,NULL,NULL,NULL,NULL,NULL,NULL,NULL,'\0',6),('4028817a343a5c9101343a6fd35f0002','19','4028817a33812ffd0133816aacd40017',2,NULL,'5117','undefined','白金字母花纸\r\nSWEETS\r\n送祁县光华厂',NULL,'PCS',300,NULL,'\0',NULL,NULL,NULL,NULL,NULL,'1.产品的颜色、造型、尺寸、重量务必同我司封样一致；\r\n2.工厂免费提供2% 余量，以防损耗，代用包装送至指定工厂；请在外包装上注明相对应的合同号及货号；\r\n3.交期:2011年11月30日；',NULL,'3.00','900.00',NULL,NULL,NULL,NULL,NULL,NULL,NULL,NULL,'\0',12),('4028817a343a5c9101343a6fd35f0003','22','4028817a33812ffd0133813f25a30002',4,NULL,'4993','','全明料死模风灯，电镀花银喷绿色\r\n尺寸：11.5X20.3CM\r\n毛坯1月25日送',NULL,'PCS',300,NULL,'\0',NULL,NULL,NULL,NULL,NULL,'★   产品与封样无明显差异，唛头、标签及包装质量务必符合公司要求。 \r\n ★★  产品生产前期、中期、后期抽验率不得少于10%，质量和封样一致， \r\n       并将验货照片传回公司。 \r\n★★★ 重点客人的质量标准检验，产品抽验率不得少于50%，务必做到入箱前检查。 \r\n 交期：2012年1月10日/工厂。\r\n       没有经过我司同意无故延期交货造成严重后果的，按照客人的相关要求处理。 \r\n 开票：出货后请将增值税发票、验货报告、合同复印件及出库单一并寄至我司，以便我司安排付款。',NULL,'1.70','510.00',NULL,NULL,NULL,NULL,NULL,NULL,NULL,NULL,'\0',1),('4028817a343a5c9101343a6fd35f0004','22','4028817a33812ffd0133816aacd40018',4,NULL,'5400','undefined','全明料死模风灯，电镀花银喷蓝色\r\n尺寸：17X23CM高',NULL,'PCS',300,NULL,'\0',NULL,NULL,NULL,NULL,NULL,'★   产品与封样无明显差异，唛头、标签及包装质量务必符合公司要求。 \r\n ★★  产品生产前期、中期、后期抽验率不得少于10%，质量和封样一致， \r\n       并将验货照片传回公司。 \r\n★★★ 重点客人的质量标准检验，产品抽验率不得少于50%，务必做到入箱前检查。 \r\n 交期：2012年1月10日/工厂。\r\n       没有经过我司同意无故延期交货造成严重后果的，按照客人的相关要求处理。 \r\n 开票：出货后请将增值税发票、验货报告、合同复印件及出库单一并寄至我司，以便我司安排付款。',NULL,'3.50','1050.00',NULL,NULL,NULL,NULL,NULL,NULL,NULL,NULL,'\0',10),('4028817a343a5c9101343a6fd35f0005','22','4028817a33812ffd0133816aacd4000d',4,NULL,'4996','undefined','全明料死模风灯，电镀花银喷绿色\r\n尺寸：11.5X30.5CM高',NULL,'PCS',300,NULL,'\0',NULL,NULL,NULL,NULL,NULL,'★   产品与封样无明显差异，唛头、标签及包装质量务必符合公司要求。 \r\n ★★  产品生产前期、中期、后期抽验率不得少于10%，质量和封样一致， \r\n       并将验货照片传回公司。 \r\n★★★ 重点客人的质量标准检验，产品抽验率不得少于50%，务必做到入箱前检查。 \r\n 交期：2012年1月10日/工厂。\r\n       没有经过我司同意无故延期交货造成严重后果的，按照客人的相关要求处理。 \r\n 开票：出货后请将增值税发票、验货报告、合同复印件及出库单一并寄至我司，以便我司安排付款。',NULL,'1.70','510.00',NULL,NULL,NULL,NULL,NULL,NULL,NULL,NULL,'\0',4),('4028817a343a5c9101343a6fd35f0006','22','4028817a33812ffd0133816aacd40014',4,NULL,'5336','undefined','全明料死模风灯，电镀花银喷绿色\r\n尺寸：14.5X20CM高',NULL,'PCS',300,NULL,'\0',NULL,NULL,NULL,NULL,NULL,'★   产品与封样无明显差异，唛头、标签及包装质量务必符合公司要求。 \r\n ★★  产品生产前期、中期、后期抽验率不得少于10%，质量和封样一致， \r\n       并将验货照片传回公司。 \r\n★★★ 重点客人的质量标准检验，产品抽验率不得少于50%，务必做到入箱前检查。 \r\n 交期：2012年1月10日/工厂。\r\n       没有经过我司同意无故延期交货造成严重后果的，按照客人的相关要求处理。 \r\n 开票：出货后请将增值税发票、验货报告、合同复印件及出库单一并寄至我司，以便我司安排付款。',NULL,'2.00','600.00',NULL,NULL,NULL,NULL,NULL,NULL,NULL,NULL,'\0',8),('4028817a343a5c9101343a6fd35f0007','22','4028817a33812ffd0133813f25a30003',4,NULL,'4994','undefined','全明料死模风灯，电镀花银喷蓝色\r\n尺寸：11.5X20.3CM高',NULL,'PCS',300,NULL,'\0',NULL,NULL,NULL,NULL,NULL,'★   产品与封样无明显差异，唛头、标签及包装质量务必符合公司要求。 \r\n ★★  产品生产前期、中期、后期抽验率不得少于10%，质量和封样一致， \r\n       并将验货照片传回公司。 \r\n★★★ 重点客人的质量标准检验，产品抽验率不得少于50%，务必做到入箱前检查。 \r\n 交期：2012年1月10日/工厂。\r\n       没有经过我司同意无故延期交货造成严重后果的，按照客人的相关要求处理。 \r\n 开票：出货后请将增值税发票、验货报告、合同复印件及出库单一并寄至我司，以便我司安排付款。',NULL,'1.70','510.00',NULL,NULL,NULL,NULL,NULL,NULL,NULL,NULL,'\0',2),('4028817a343a5c9101343a6fd35f0008','20','4028817a33812ffd0133816aacd40011',4,NULL,'6998','undefined','全明料蛋糕盘，盘沿电镀\r\n尺寸：6-1/2\"X12-1/2\"高',NULL,'PCS',300,NULL,'\0',NULL,NULL,NULL,NULL,NULL,'★   产品与封样无明显差异，唛头、标签及包装质量务必符合公司要求。 \r\n ★★  产品生产前期、中期、后期抽验率不得少于10%，质量和封样一致， \r\n       并将验货照片传回公司。 \r\n★★★ 重点客人的质量标准检验，产品抽验率不得少于50%，务必做到入箱前检查。 \r\n 交期：2012年1月10日/工厂。\r\n       没有经过我司同意无故延期交货造成严重后果的，按照客人的相关要求处理。 \r\n 开票：出货后请将增值税发票、验货报告、合同复印件及出库单一并寄至我司，以便我司安排付款。',NULL,'6.00','1800.00',NULL,NULL,NULL,NULL,NULL,NULL,NULL,NULL,'\0',11),('4028817a343a5c9101343a6fd35f0009','22','4028817a33812ffd0133816aacd4000c',4,NULL,'4997','undefined','全明料死模风灯，电镀花银喷蓝色\r\n尺寸：11.5X30.5CM高',NULL,'PCS',300,NULL,'\0',NULL,NULL,NULL,NULL,NULL,'★   产品与封样无明显差异，唛头、标签及包装质量务必符合公司要求。 \r\n ★★  产品生产前期、中期、后期抽验率不得少于10%，质量和封样一致， \r\n       并将验货照片传回公司。 \r\n★★★ 重点客人的质量标准检验，产品抽验率不得少于50%，务必做到入箱前检查。 \r\n 交期：2012年1月10日/工厂。\r\n       没有经过我司同意无故延期交货造成严重后果的，按照客人的相关要求处理。 \r\n 开票：出货后请将增值税发票、验货报告、合同复印件及出库单一并寄至我司，以便我司安排付款。',NULL,'1.70','510.00',NULL,NULL,NULL,NULL,NULL,NULL,NULL,NULL,'\0',5),('4028817a343a5c9101343a6fd35f000a','19','4028817a33812ffd0133816aacd40012',2,NULL,'5118','undefined','白金字母花纸\r\nSWEETS\r\n送祁县光华厂',NULL,'PCS',600,NULL,'\0',NULL,NULL,NULL,NULL,NULL,'1.产品的颜色、造型、尺寸、重量务必同我司封样一致；\r\n2.工厂免费提供2% 余量，以防损耗，代用包装送至指定工厂；请在外包装上注明相对应的合同号及货号；\r\n3.交期:2011年11月30日；',NULL,'3.00','1800.00',NULL,NULL,NULL,NULL,NULL,NULL,NULL,NULL,'\0',13),('4028817a343a5c9101343a6fd35f000b','22','4028817a33812ffd0133816aacd40015',4,NULL,'5337','undefined','全明料死模风灯，电镀花银喷蓝色\r\n尺寸：14.5X20CM高',NULL,'PCS',300,NULL,'\0',NULL,NULL,NULL,NULL,NULL,'★   产品与封样无明显差异，唛头、标签及包装质量务必符合公司要求。 \r\n ★★  产品生产前期、中期、后期抽验率不得少于10%，质量和封样一致， \r\n       并将验货照片传回公司。 \r\n★★★ 重点客人的质量标准检验，产品抽验率不得少于50%，务必做到入箱前检查。 \r\n 交期：2012年1月10日/工厂。\r\n       没有经过我司同意无故延期交货造成严重后果的，按照客人的相关要求处理。 \r\n 开票：出货后请将增值税发票、验货报告、合同复印件及出库单一并寄至我司，以便我司安排付款。',NULL,'2.00','600.00',NULL,NULL,NULL,NULL,NULL,NULL,NULL,NULL,'\0',9),('4028817a343a5c9101343a6fd35f000c','22','4028817a33812ffd0133816aacc40009',4,NULL,'5331','undefined','全明料死模风灯，电镀花银喷绿色\r\n尺寸：17X23CM高',NULL,'PCS',300,NULL,'\0',NULL,NULL,NULL,NULL,NULL,'★   产品与封样无明显差异，唛头、标签及包装质量务必符合公司要求。 \r\n ★★  产品生产前期、中期、后期抽验率不得少于10%，质量和封样一致， \r\n       并将验货照片传回公司。 \r\n★★★ 重点客人的质量标准检验，产品抽验率不得少于50%，务必做到入箱前检查。 \r\n 交期：2012年1月10日/工厂。\r\n       没有经过我司同意无故延期交货造成严重后果的，按照客人的相关要求处理。 \r\n 开票：出货后请将增值税发票、验货报告、合同复印件及出库单一并寄至我司，以便我司安排付款。',NULL,'3.50','1050.00',NULL,NULL,NULL,NULL,NULL,NULL,NULL,NULL,'\0',7),('4028817a343a5c9101343a6fd35f000d','22','4028817a33812ffd0133813f25a30004',4,NULL,'4995','undefined','全明料死模风灯，电镀花银喷紫色\r\n尺寸：11.5X20.3CM',NULL,'PCS',300,NULL,'\0',NULL,NULL,NULL,NULL,NULL,'★   产品与封样无明显差异，唛头、标签及包装质量务必符合公司要求。 \r\n ★★  产品生产前期、中期、后期抽验率不得少于10%，质量和封样一致， \r\n       并将验货照片传回公司。 \r\n★★★ 重点客人的质量标准检验，产品抽验率不得少于50%，务必做到入箱前检查。 \r\n 交期：2012年1月10日/工厂。\r\n       没有经过我司同意无故延期交货造成严重后果的，按照客人的相关要求处理。 \r\n 开票：出货后请将增值税发票、验货报告、合同复印件及出库单一并寄至我司，以便我司安排付款。',NULL,'1.70','510.00',NULL,NULL,NULL,NULL,NULL,NULL,NULL,NULL,'\0',3),('4028817a353b8d8e01353cad7b730023','19','4028817a3420e78a013421a693820007',2,NULL,'5117','undefined','白金字母花纸\r\nSWEETS\r\n送祁县光华厂',NULL,'PCS',300,NULL,'\0',NULL,NULL,NULL,NULL,NULL,'1.产品的颜色、造型、尺寸、重量务必同我司封样一致；\r\n2.工厂免费提供2% 余量，以防损耗，代用包装送至指定工厂；请在外包装上注明相对应的合同号及货号；\r\n3.交期:2012年1月15日。',NULL,'3.00','900.00',NULL,NULL,NULL,NULL,NULL,NULL,NULL,NULL,'\0',11),('4028817a353b8d8e01353cad7b730024','4028817a33ecdbf70133ee202e49000b','4028817a3420e78a013421e2e3c1001a',4,NULL,'5337','e877a4e2-2e48-4b06-91a8-3fb64f150a0f.jpg','全明料死模风灯，电镀花银喷蓝色			\r\n尺寸：14.5X20CM高			\r\n1只/五层内盒      12只/大箱			\r\n毛坯1月30日送',NULL,'PCS',300,NULL,'\0',NULL,NULL,NULL,NULL,NULL,'★   产品与封样无明显差异，唛头、标签及包装质量务必符合公司要求。 \r\n ★★  产品生产前期、中期、后期抽验率不得少于10%，质量和封样一致， \r\n       并将验货照片传回公司。 \r\n★★★ 重点客人的质量标准检验，产品抽验率不得少于50%，务必做到入箱前检查。 \r\n 交期：2012年2月15日/工厂。       没有经过我司同意无故延期交货造成严重后果的，按照客人的相关要求处理。 \r\n 开票：出货后请将增值税发票、验货报告、合同复印件及出库单一并寄至我司，以便我司安排付款。',NULL,'3.00','900.00',NULL,NULL,NULL,NULL,NULL,NULL,NULL,NULL,'\0',9),('4028817a353b8d8e01353cad7b730027','4028817a33ecdbf70133ee202e49000b','4028817a3420e78a013421a693820002',4,NULL,'4995','b232e729-a02f-48b2-987b-2c6311827816.jpg','全明料死模风灯，电镀花银喷浅紫色\r\n明料挺底			\r\n尺寸：11.5X20.3CM		\r\n1只/五层内盒     12只/大箱	\r\n毛坯1月30日送',NULL,'PCS',300,NULL,'\0',NULL,NULL,NULL,NULL,NULL,'★   产品与封样无明显差异，唛头、标签及包装质量务必符合公司要求。 \r\n ★★  产品生产前期、中期、后期抽验率不得少于10%，质量和封样一致， \r\n       并将验货照片传回公司。 \r\n★★★ 重点客人的质量标准检验，产品抽验率不得少于50%，务必做到入箱前检查。 \r\n 交期：2012年2月15日/工厂。毛坯送至祁县瑞成玻璃镀膜厂。 \r\n       没有经过我司同意无故延期交货造成严重后果的，按照客人的相关要求处理。 \r\n 开票：出货后请将增值税发票、验货报告、合同复印件及出库单一并寄至我司，以便我司安排付款。',NULL,'1.70','510.00',NULL,NULL,NULL,NULL,NULL,NULL,NULL,NULL,'\0',3),('4028817a353b8d8e01353cad7b730029','4028817a33ecdbf70133ee202e49000b','4028817a3420e78a013421a693820004',4,NULL,'4996','987692c0-6e47-4117-b6c8-3dbbeaca1b0c.jpg','全明料死模风灯，电镀花银喷浅绿色\r\n明料挺底			\r\n尺寸：11.5X30.5CM高		\r\n1只/五层内盒      6只/大箱	\r\n毛坯1月30日送',NULL,'PCS',300,NULL,'\0',NULL,NULL,NULL,NULL,NULL,'★   产品与封样无明显差异，唛头、标签及包装质量务必符合公司要求。 \r\n ★★  产品生产前期、中期、后期抽验率不得少于10%，质量和封样一致， \r\n       并将验货照片传回公司。 \r\n★★★ 重点客人的质量标准检验，产品抽验率不得少于50%，务必做到入箱前检查。 \r\n 交期：2012年2月15日/工厂。毛坯送至祁县瑞成玻璃镀膜厂。 \r\n       没有经过我司同意无故延期交货造成严重后果的，按照客人的相关要求处理。 \r\n 开票：出货后请将增值税发票、验货报告、合同复印件及出库单一并寄至我司，以便我司安排付款。',NULL,'1.70','510.00',NULL,NULL,NULL,NULL,NULL,NULL,NULL,NULL,'\0',4),('4028817a353b8d8e01353cad7b73002a','4028817a33ecdbf70133ee202e49000b','4028817a3420e78a013421a693820006',4,NULL,'4993','a803fa9e-dda1-476a-a822-a51b226aca39.jpg','全明料死模风灯，电镀花银喷浅绿色 \r\n明料挺底			\r\n尺寸：11.5X20.3CM		\r\n1只/五层内盒      12只/大箱	\r\n毛坯1月30日送',NULL,'PCS',300,NULL,'\0',NULL,NULL,NULL,NULL,NULL,'★   产品与封样无明显差异，唛头、标签及包装质量务必符合公司要求。 \r\n ★★  产品生产前期、中期、后期抽验率不得少于10%，质量和封样一致， \r\n       并将验货照片传回公司。 \r\n★★★ 重点客人的质量标准检验，产品抽验率不得少于50%，务必做到入箱前检查。 \r\n 交期：2012年2月15日/工厂。       没有经过我司同意无故延期交货造成严重后果的，按照客人的相关要求处理。 \r\n 开票：出货后请将增值税发票、验货报告、合同复印件及出库单一并寄至我司，以便我司安排付款。',NULL,'1.70','510.00',NULL,NULL,NULL,NULL,NULL,NULL,NULL,NULL,'\0',1),('4028817a353b8d8e01353cad7b73002b','4028817a33ecdbf70133ee202e49000b','4028817a3420e78a013421d2e3fe0014',4,NULL,'5331','51902cb9-1650-480b-8373-2da4c3f2338b.jpg','全明料死模风灯，电镀花银喷绿色			\r\n尺寸：17X23CM高			\r\n1只/五层内盒      6只/大箱			\r\n毛坯1月30日送',NULL,'PCS',300,NULL,'\0',NULL,NULL,NULL,NULL,NULL,'★   产品与封样无明显差异，唛头、标签及包装质量务必符合公司要求。 \r\n ★★  产品生产前期、中期、后期抽验率不得少于10%，质量和封样一致， \r\n       并将验货照片传回公司。 \r\n★★★ 重点客人的质量标准检验，产品抽验率不得少于50%，务必做到入箱前检查。 \r\n 交期：2012年2月15日/工厂。       没有经过我司同意无故延期交货造成严重后果的，按照客人的相关要求处理。 \r\n 开票：出货后请将增值税发票、验货报告、合同复印件及出库单一并寄至我司，以便我司安排付款。',NULL,'3.50','1050.00',NULL,NULL,NULL,NULL,NULL,NULL,NULL,NULL,'\0',7),('4028817a353b8d8e01353cad7b73002d','4028817a33ecdbf70133ee202e49000b','4028817a3420e78a013421a693820003',4,NULL,'4994','05b37ddc-8904-4df3-8167-b98129c600de.jpg','全明料死模风灯，电镀花银喷浅蓝色\r\n明料挺底			\r\n尺寸：11.5X20.3CM		\r\n1只/五层内盒     12只/大箱	\r\n毛坯1月30日送',NULL,'PCS',300,NULL,'\0',NULL,NULL,NULL,NULL,NULL,'★   产品与封样无明显差异，唛头、标签及包装质量务必符合公司要求。 \r\n ★★  产品生产前期、中期、后期抽验率不得少于10%，质量和封样一致， \r\n       并将验货照片传回公司。 \r\n★★★ 重点客人的质量标准检验，产品抽验率不得少于50%，务必做到入箱前检查。 \r\n 交期：2012年2月15日/工厂。毛坯送至祁县瑞成玻璃镀膜厂。 \r\n       没有经过我司同意无故延期交货造成严重后果的，按照客人的相关要求处理。 \r\n 开票：出货后请将增值税发票、验货报告、合同复印件及出库单一并寄至我司，以便我司安排付款。',NULL,'1.70','510.00',NULL,NULL,NULL,NULL,NULL,NULL,NULL,NULL,'\0',2),('4028817a353b8d8e01353cadeab80031','4028817a33ecdbf70133ee202e49000b','4028817a3420e78a013421a693920011',4,NULL,'4997','7dbc495e-a12c-4eec-9975-c93c1b3f4297.jpg','全明料死模风灯，电镀花银喷浅蓝色\r\n明料挺底			\r\n尺寸：11.5X30.5CM高		\r\n1只/五层内盒      6只/大箱	\r\n毛坯1月30日送',NULL,'PCS',300,NULL,'\0',NULL,NULL,NULL,NULL,NULL,'★   产品与封样无明显差异，唛头、标签及包装质量务必符合公司要求。 \r\n ★★  产品生产前期、中期、后期抽验率不得少于10%，质量和封样一致， \r\n       并将验货照片传回公司。 \r\n★★★ 重点客人的质量标准检验，产品抽验率不得少于50%，务必做到入箱前检查。 \r\n 交期：2012年2月15日/工厂。       没有经过我司同意无故延期交货造成严重后果的，按照客人的相关要求处理。 \r\n 开票：出货后请将增值税发票、验货报告、合同复印件及出库单一并寄至我司，以便我司安排付款。',NULL,'1.70','510.00',NULL,NULL,NULL,NULL,NULL,NULL,NULL,NULL,'\0',5),('4028817a353b8d8e01353cadeab80037','19','4028817a3420e78a013421a693820005',2,NULL,'5118','undefined','白金字母花纸\r\nSWEETS\r\n送祁县光华厂',NULL,'PCS',300,NULL,'\0',NULL,NULL,NULL,NULL,NULL,'1.产品的颜色、造型、尺寸、重量务必同我司封样一致；\r\n2.工厂免费提供2% 余量，以防损耗，代用包装送至指定工厂；请在外包装上注明相对应的合同号及货号；\r\n3.交期:2012年1月15日。',NULL,'3.00','900.00',NULL,NULL,NULL,NULL,NULL,NULL,NULL,NULL,'\0',12),('4028817a353b8d8e01353cadec6d003a','4028817a33ecdbf70133ee202e49000b','4028817a3420e78a013421d2e3fe0013',4,NULL,'5336','c8350cd2-47ae-4054-ad81-70004fe4eb44.jpg','全明料死模风灯，电镀花银喷绿色			\r\n 尺寸：14.5X20CM高			\r\n1只/五层内盒      12只/大箱			\r\n毛坯1月30日送',NULL,'PCS',300,NULL,'\0',NULL,NULL,NULL,NULL,NULL,'★   产品与封样无明显差异，唛头、标签及包装质量务必符合公司要求。 \r\n ★★  产品生产前期、中期、后期抽验率不得少于10%，质量和封样一致， \r\n       并将验货照片传回公司。 \r\n★★★ 重点客人的质量标准检验，产品抽验率不得少于50%，务必做到入箱前检查。 \r\n 交期：2012年2月15日/工厂。       没有经过我司同意无故延期交货造成严重后果的，按照客人的相关要求处理。 \r\n 开票：出货后请将增值税发票、验货报告、合同复印件及出库单一并寄至我司，以便我司安排付款。',NULL,'3.00','900.00',NULL,NULL,NULL,NULL,NULL,NULL,NULL,NULL,'\0',8),('4028817a353b8d8e01353cadec6d0042','4028817a33ecdbf70133ee202e49000b','4028817a3420e78a013421a69382000e',4,NULL,'4998','44fc2f77-af8a-42d3-8d9b-fa2bafa8f47a.jpg','全明料死模风灯，电镀花银喷浅紫色\r\n明料挺底			\r\n尺寸：11.5X30.5CM高		\r\n1只/五层内盒      6只/大箱	\r\n毛坯1月30日送',NULL,'PCS',300,NULL,'\0',NULL,NULL,NULL,NULL,NULL,'★   产品与封样无明显差异，唛头、标签及包装质量务必符合公司要求。 \r\n ★★  产品生产前期、中期、后期抽验率不得少于10%，质量和封样一致， \r\n       并将验货照片传回公司。 \r\n★★★ 重点客人的质量标准检验，产品抽验率不得少于50%，务必做到入箱前检查。 \r\n 交期：2012年2月15日/工厂。毛坯送至祁县瑞成玻璃镀膜厂。 \r\n       没有经过我司同意无故延期交货造成严重后果的，按照客人的相关要求处理。 \r\n 开票：出货后请将增值税发票、验货报告、合同复印件及出库单一并寄至我司，以便我司安排付款。',NULL,'1.70','510.00',NULL,NULL,NULL,NULL,NULL,NULL,NULL,NULL,'\0',6),('4028817a353b8d8e01353cadec6d0044','4028817a33ecdbf70133ee202e49000b','4028817a3420e78a013421e2e3c10016',4,NULL,'5400','601585a1-ba16-42bb-9ffb-d187b521be1f.jpg','全明料死模风灯，电镀花银喷蓝色			\r\n尺寸：17X23CM高			\r\n1只/五层内盒      6只/大箱			\r\n毛坯1月30日送',NULL,'PCS',300,NULL,'\0',NULL,NULL,NULL,NULL,NULL,'★   产品与封样无明显差异，唛头、标签及包装质量务必符合公司要求。 \r\n ★★  产品生产前期、中期、后期抽验率不得少于10%，质量和封样一致， \r\n       并将验货照片传回公司。 \r\n★★★ 重点客人的质量标准检验，产品抽验率不得少于50%，务必做到入箱前检查。 \r\n 交期：2012年2月15日/工厂。       没有经过我司同意无故延期交货造成严重后果的，按照客人的相关要求处理。 \r\n 开票：出货后请将增值税发票、验货报告、合同复印件及出库单一并寄至我司，以便我司安排付款。',NULL,'3.50','1050.00',NULL,NULL,NULL,NULL,NULL,NULL,NULL,NULL,'\0',10),('4028817a353b8d8e01353d39f06c005d','19','4028817a353b8d8e01353d32350d0051',2,NULL,'5117','aec0cd7f-795e-4c5f-b8c5-532b6479c4be.jpg','白金字母花纸\r\nSWEETS\r\n安全包装送祁县光华厂',NULL,'PCS',100,NULL,'\0',NULL,NULL,NULL,NULL,NULL,'1.产品的颜色、造型、尺寸、重量务必同我司封样一致；\r\n2.工厂免费提供2% 余量，以防损耗，代用包装送至指定工厂；请在外包装上注明相对应的合同号及货号；\r\n3.交期:2012年2月5日。',NULL,'3.00','300.00',NULL,NULL,NULL,NULL,NULL,NULL,NULL,NULL,'\0',1),('4028817a353b8d8e01353d39f06c005e','4028817a33ecdbf70133ee202e49000b','4028817a353b8d8e01353d32350d005b',4,NULL,'5336','4436f9d7-b0e2-4926-9cd4-f6c66333c290.jpg','全明料死模风灯，电镀花银喷绿色			\r\n 			\r\n尺寸：14.5X20CM高			\r\n1只/五层内盒      12只/大箱			\r\n毛坯1月30日送',NULL,'PCS',156,NULL,'\0',NULL,NULL,NULL,NULL,NULL,'★   产品与封样无明显差异，唛头、标签及包装质量务必符合公司要求。 \r\n ★★  产品生产前期、中期、后期抽验率不得少于10%，质量和封样一致， \r\n       并将验货照片传回公司。 \r\n★★★ 重点客人的质量标准检验，产品抽验率不得少于50%，务必做到入箱前检查。 \r\n 交期：2012年2月15日/工厂。       没有经过我司同意无故延期交货造成严重后果的，按照客人的相关要求处理。 \r\n 开票：出货后请将增值税发票、验货报告、合同复印件及出库单一并寄至我司，以便我司安排付款。',NULL,'3.00','468.00',NULL,NULL,NULL,NULL,NULL,NULL,NULL,NULL,'\0',4),('4028817a353b8d8e01353d39f06c005f','4028817a33ecdbf70133ee202e49000b','4028817a353b8d8e01353d32350d005a',4,NULL,'5330','be775015-234a-4504-ad52-af6af53d2a9c.jpg','全明料死模风灯，电镀花银喷紫色			\r\n			\r\n尺寸：14.5X20CM高			\r\n1只/五层内盒      12只/大箱			\r\n毛坯1月30日送',NULL,'PCS',156,NULL,'\0',NULL,NULL,NULL,NULL,NULL,'★   产品与封样无明显差异，唛头、标签及包装质量务必符合公司要求。 \r\n ★★  产品生产前期、中期、后期抽验率不得少于10%，质量和封样一致， \r\n       并将验货照片传回公司。 \r\n★★★ 重点客人的质量标准检验，产品抽验率不得少于50%，务必做到入箱前检查。 \r\n 交期：2012年2月15日/工厂。       没有经过我司同意无故延期交货造成严重后果的，按照客人的相关要求处理。 \r\n 开票：出货后请将增值税发票、验货报告、合同复印件及出库单一并寄至我司，以便我司安排付款。',NULL,'3.00','468.00',NULL,NULL,NULL,NULL,NULL,NULL,NULL,NULL,'\0',3),('4028817a353b8d8e01353d39f06c0060','19','4028817a353b8d8e01353d32350d0055',2,NULL,'5118','undefined','白金字母花纸\r\nSWEETS\r\n安全包装送祁县光华厂',NULL,'PCS',100,NULL,'\0',NULL,NULL,NULL,NULL,NULL,'1.产品的颜色、造型、尺寸、重量务必同我司封样一致；\r\n2.工厂免费提供2% 余量，以防损耗，代用包装送至指定工厂；请在外包装上注明相对应的合同号及货号；\r\n3.交期:2012年2月5日。',NULL,'3.00','300.00',NULL,NULL,NULL,NULL,NULL,NULL,NULL,NULL,'\0',2),('4028817a353b8d8e01353d39f06c0061','4028817a33ecdbf70133ee202e49000b','4028817a353b8d8e01353d32350d0057',4,NULL,'5337','673a4e11-3706-4beb-b958-ee1d7c564b3b.jpg','全明料死模风灯，电镀花银喷蓝色			\r\n 			\r\n尺寸：14.5X20CM高			\r\n1只/五层内盒      12只/大箱			\r\n毛坯1月30日送',NULL,'PCS',156,NULL,'\0',NULL,NULL,NULL,NULL,NULL,'★   产品与封样无明显差异，唛头、标签及包装质量务必符合公司要求。 \r\n ★★  产品生产前期、中期、后期抽验率不得少于10%，质量和封样一致， \r\n       并将验货照片传回公司。 \r\n★★★ 重点客人的质量标准检验，产品抽验率不得少于50%，务必做到入箱前检查。 \r\n 交期：2012年2月15日/工厂。       没有经过我司同意无故延期交货造成严重后果的，按照客人的相关要求处理。 \r\n 开票：出货后请将增值税发票、验货报告、合同复印件及出库单一并寄至我司，以便我司安排付款。',NULL,'3.00','468.00',NULL,NULL,NULL,NULL,NULL,NULL,NULL,NULL,'\0',5),('ff8080813b3fe45f013b4014fc7d0002','4028817a3632e86601363344d16d0001','TONY4028817a3a52668d013a54165fa50009',8,NULL,'56661-32','undefined','彩盒，覆膜\r\n尺寸：31.5X31.5X41.5 CM H\r\n大号风灯',NULL,'PCS',804,NULL,'\0',NULL,NULL,NULL,NULL,NULL,'1.彩盒要求350克面纸；',NULL,'4.00','3216.00',NULL,NULL,NULL,NULL,NULL,NULL,NULL,NULL,'\0',18),('ff8080813b3fe45f013b40166b6f0003','4028817a353b8d8e0135415bf0a90070','TONY4028817a3a52668d013a54165fa50009',8,NULL,'56661-32','undefined','123',NULL,'PCS',1,NULL,'\0',NULL,NULL,NULL,NULL,NULL,'1.彩盒要求350克面纸；\r\n2.工厂待用安全包装，待我司运至工厂；\r\n3.工厂免费提供1%余量，以防划伤，破损；\r\n4.交期:。',NULL,'1.00','1.00',NULL,NULL,NULL,NULL,NULL,NULL,NULL,NULL,'\0',18);

/*Table structure for table `ext_eproduct_c` */

DROP TABLE IF EXISTS `ext_eproduct_c`;

CREATE TABLE `ext_eproduct_c` (
  `EXT_EPRODUCT_ID` varchar(40) NOT NULL,
  `FACTORY_ID` varchar(40) default NULL,
  `EXPORT_PRODUCT_ID` varchar(40) default NULL,
  `CONTRACT_PRODUCT_ID` varchar(40) default NULL,
  `CTYPE` int(11) default NULL COMMENT 'SYS_CODE=0104',
  `PRODUCT_NAME` varchar(200) default NULL,
  `PRODUCT_NO` varchar(50) default NULL,
  `PRODUCT_IMAGE` varchar(200) default NULL,
  `PRODUCT_DESC` varchar(600) default NULL,
  `LOADING_RATE` varchar(30) default NULL COMMENT 'x/y',
  `PACKING_UNIT` varchar(10) default NULL COMMENT 'PCS/SETS',
  `CNUMBER` int(11) default NULL,
  `OUT_NUMBER` int(11) default NULL,
  `FINISHED` bit(1) default NULL,
  `GROSS_WEIGHT` decimal(10,2) default NULL,
  `NET_WEIGHT` decimal(10,2) default NULL,
  `SIZE_LENGTH` decimal(10,2) default NULL,
  `SIZE_WIDTH` decimal(10,2) default NULL,
  `SIZE_HEIGHT` decimal(10,2) default NULL,
  `PRODUCT_REQUEST` varchar(2000) default NULL,
  `FACTORY` varchar(200) default NULL,
  `PRICE` decimal(10,2) default NULL,
  `AMOUNT` decimal(10,2) default NULL COMMENT '自动计算: 数量x单价',
  `CUNIT` varchar(10) default NULL,
  `BOX_NUM` int(11) default NULL,
  `EX_PRICE` decimal(10,2) default NULL,
  `EX_UNIT` varchar(10) default NULL COMMENT '$/￥',
  `NO_TAX` decimal(10,2) default NULL COMMENT '收购单价',
  `TAX` decimal(10,2) default NULL COMMENT '收购单价',
  `COST_PRICE` decimal(10,2) default NULL COMMENT '自动计算=数量x含税/1.17标准值',
  `COST_TAX` decimal(10,2) default NULL COMMENT '自动计算=数量x含税-收购成本金额',
  `ACCESSORIES` bit(1) default NULL,
  `ORDER_NO` int(11) default NULL,
  PRIMARY KEY  (`EXT_EPRODUCT_ID`)
) ENGINE=InnoDB DEFAULT CHARSET=utf8;

/*Data for the table `ext_eproduct_c` */

insert  into `ext_eproduct_c`(`EXT_EPRODUCT_ID`,`FACTORY_ID`,`EXPORT_PRODUCT_ID`,`CONTRACT_PRODUCT_ID`,`CTYPE`,`PRODUCT_NAME`,`PRODUCT_NO`,`PRODUCT_IMAGE`,`PRODUCT_DESC`,`LOADING_RATE`,`PACKING_UNIT`,`CNUMBER`,`OUT_NUMBER`,`FINISHED`,`GROSS_WEIGHT`,`NET_WEIGHT`,`SIZE_LENGTH`,`SIZE_WIDTH`,`SIZE_HEIGHT`,`PRODUCT_REQUEST`,`FACTORY`,`PRICE`,`AMOUNT`,`CUNIT`,`BOX_NUM`,`EX_PRICE`,`EX_UNIT`,`NO_TAX`,`TAX`,`COST_PRICE`,`COST_TAX`,`ACCESSORIES`,`ORDER_NO`) values ('20120219160812000000','19','4028817a3629a68e013629ffd1a8000f',NULL,2,NULL,'JK1501002-D','226f0e40-6c03-431d-8741-7bdd7adce345.jpg','黄金花纸\r\n配全明料蛋糕罩\r\n罩子尺寸：19X19.8CM高\r\n安全包装送祁县宏艺厂',NULL,'PCS',700,NULL,'\0',NULL,NULL,NULL,NULL,NULL,'1.产品的颜色、造型、尺寸、重量务必同我司封样一致；\r\n2.工厂免费提供2% 余量，以防损耗，代用包装送至指定工厂；请在外包装上注明相对应的合同号及货号；\r\n3.交期:2012年3月20日。',NULL,'9.50','6650.00',NULL,NULL,NULL,NULL,NULL,NULL,NULL,NULL,'\0',1),('20120219160812000001','19','4028817a3629a68e013629ffd199000d',NULL,2,NULL,'LYJK10/JK1502002','acf6a860-666a-450e-ba00-dbcc10ecc4f9.jpg','黄金花纸\r\n配全明料蛋糕罩\r\n罩子尺寸：12.5*13CM高\r\n安全包装送祁县宏艺',NULL,'PCS',1200,NULL,'\0',NULL,NULL,NULL,NULL,NULL,'1.产品的颜色、造型、尺寸、重量务必同我司封样一致；\r\n2.工厂免费提供2% 余量，以防损耗，代用包装送至指定工厂；请在外包装上注明相对应的合同号及货号；\r\n3.交期:2012年3月20日。',NULL,'4.20','5040.00',NULL,NULL,NULL,NULL,NULL,NULL,NULL,NULL,'\0',2),('20120219160812000002','19','4028817a3629a68e013629ffd1a8000e',NULL,2,NULL,'LYJK11/JK1502004','a41cf35b-8226-4bc8-8c34-a99f2a8d9c5e.jpg','黄金花纸\r\n配全明料蛋糕罩\r\n罩子尺寸：15*15.5CM高\r\n安全包装送祁县宏艺',NULL,'PCS',1000,NULL,'\0',NULL,NULL,NULL,NULL,NULL,'1.产品的颜色、造型、尺寸、重量务必同我司封样一致；\r\n2.工厂免费提供2% 余量，以防损耗，代用包装送至指定工厂；请在外包装上注明相对应的合同号及货号；\r\n3.交期:2012年3月20日。',NULL,'4.70','4700.00',NULL,NULL,NULL,NULL,NULL,NULL,NULL,NULL,'\0',3),('20120221120552000000','19','4028817a3632e8660136336eabe70003',NULL,2,NULL,'LYJK11/JK1502004','a41cf35b-8226-4bc8-8c34-a99f2a8d9c5e.jpg','黄金花纸\r\n配全明料蛋糕罩\r\n罩子尺寸：15*15.5CM高\r\n安全包装送祁县宏艺',NULL,'PCS',1000,NULL,'\0',NULL,NULL,NULL,NULL,NULL,'1.产品的颜色、造型、尺寸、重量务必同我司封样一致；\r\n2.工厂免费提供2% 余量，以防损耗，代用包装送至指定工厂；请在外包装上注明相对应的合同号及货号；\r\n3.交期:2012年3月20日。',NULL,'4.70','4700.00',NULL,NULL,NULL,NULL,NULL,NULL,NULL,NULL,'\0',3),('20120221120552000001','19','4028817a3632e8660136336eac250004',NULL,2,NULL,'LYJK10/JK1502002','acf6a860-666a-450e-ba00-dbcc10ecc4f9.jpg','黄金花纸\r\n配全明料蛋糕罩\r\n罩子尺寸：12.5*13CM高\r\n安全包装送祁县宏艺',NULL,'PCS',1200,NULL,'\0',NULL,NULL,NULL,NULL,NULL,'1.产品的颜色、造型、尺寸、重量务必同我司封样一致；\r\n2.工厂免费提供2% 余量，以防损耗，代用包装送至指定工厂；请在外包装上注明相对应的合同号及货号；\r\n3.交期:2012年3月20日。',NULL,'4.20','5040.00',NULL,NULL,NULL,NULL,NULL,NULL,NULL,NULL,'\0',2),('20120221120552000002','19','4028817a3632e8660136336eac350005',NULL,2,NULL,'JK1501002-D','226f0e40-6c03-431d-8741-7bdd7adce345.jpg','黄金花纸\r\n配全明料蛋糕罩\r\n罩子尺寸：19X19.8CM高\r\n安全包装送祁县宏艺厂',NULL,'PCS',700,NULL,'\0',NULL,NULL,NULL,NULL,NULL,'1.产品的颜色、造型、尺寸、重量务必同我司封样一致；\r\n2.工厂免费提供2% 余量，以防损耗，代用包装送至指定工厂；请在外包装上注明相对应的合同号及货号；\r\n3.交期:2012年3月20日。',NULL,'9.50','6650.00',NULL,NULL,NULL,NULL,NULL,NULL,NULL,NULL,'\0',1),('20120221120712000000','19','4028817a3632e8660136336fe38c0006',NULL,2,NULL,'LYJK11/JK1502004','a41cf35b-8226-4bc8-8c34-a99f2a8d9c5e.jpg','黄金花纸\r\n配全明料蛋糕罩\r\n罩子尺寸：15*15.5CM高\r\n安全包装送祁县宏艺',NULL,'PCS',1000,NULL,'\0',NULL,NULL,NULL,NULL,NULL,'1.产品的颜色、造型、尺寸、重量务必同我司封样一致；\r\n2.工厂免费提供2% 余量，以防损耗，代用包装送至指定工厂；请在外包装上注明相对应的合同号及货号；\r\n3.交期:2012年3月20日。',NULL,'4.70','4700.00',NULL,NULL,NULL,NULL,NULL,NULL,NULL,NULL,'\0',3),('20120221120712000001','19','4028817a3632e8660136336fe3cb0007',NULL,2,NULL,'LYJK10/JK1502002','acf6a860-666a-450e-ba00-dbcc10ecc4f9.jpg','黄金花纸\r\n配全明料蛋糕罩\r\n罩子尺寸：12.5*13CM高\r\n安全包装送祁县宏艺',NULL,'PCS',1200,NULL,'\0',NULL,NULL,NULL,NULL,NULL,'1.产品的颜色、造型、尺寸、重量务必同我司封样一致；\r\n2.工厂免费提供2% 余量，以防损耗，代用包装送至指定工厂；请在外包装上注明相对应的合同号及货号；\r\n3.交期:2012年3月20日。',NULL,'4.20','5040.00',NULL,NULL,NULL,NULL,NULL,NULL,NULL,NULL,'\0',2),('20120221120712000002','19','4028817a3632e8660136336fe3cb0008',NULL,2,NULL,'JK1501002-D','226f0e40-6c03-431d-8741-7bdd7adce345.jpg','黄金花纸\r\n配全明料蛋糕罩\r\n罩子尺寸：19X19.8CM高\r\n安全包装送祁县宏艺厂',NULL,'PCS',700,NULL,'\0',NULL,NULL,NULL,NULL,NULL,'1.产品的颜色、造型、尺寸、重量务必同我司封样一致；\r\n2.工厂免费提供2% 余量，以防损耗，代用包装送至指定工厂；请在外包装上注明相对应的合同号及货号；\r\n3.交期:2012年3月20日。',NULL,'9.50','6650.00',NULL,NULL,NULL,NULL,NULL,NULL,NULL,NULL,'\0',1),('20120222163324000000','19','4028817a3632e86601363989f7a9001c',NULL,2,NULL,'JK1201002/375402085','f8732bdc-f658-4bb0-9e22-566dd60a1f14.jpg','蒙砂白花纸	\r\n尺寸：1X2CM	\r\n送祁县宏艺厂',NULL,'PCS',300,NULL,'\0',NULL,NULL,NULL,NULL,NULL,'1.产品的颜色、造型、尺寸、重量务必同我司封样一致；\r\n2.工厂免费提供2% 余量，以防损耗，代用包装送至指定工厂；请在外包装上注明相对应的合同号及货号；\r\n3.交期:2012年3月10日。',NULL,'0.02','6.00',NULL,NULL,NULL,NULL,NULL,NULL,NULL,NULL,'\0',1),('20120222163324000001','20','4028817a3632e86601363989f79a001b',NULL,4,NULL,'JK1203065/JK1203066','482da511-cdc7-4e1e-ae2e-fb85e5ed6e8f.jpg','全明料小号方底座电镀		\r\n毛坯于2012年3月10日送		\r\n安全包装送祁县光华厂',NULL,'PCS',1302,NULL,'\0',NULL,NULL,NULL,NULL,NULL,'★   产品与封样无明显差异，唛头、标签及包装质量务必符合公司要求。 \r\n ★★  产品生产前期、中期、后期抽验率不得少于10%，质量和封样一致， \r\n       并将验货照片传回公司。 \r\n★★★ 重点客人的质量标准检验，产品抽验率不得少于50%，务必做到入箱前检查。 \r\n 交期：2012年3月15日送祁县光华厂。       没有经过我司同意无故延期交货造成严重后果的，按照客人的相关要求处理。 \r\n 开票：出货后请将增值税发票、验货报告、合同复印件及出库单一并寄至我司，以便我司安排付款。',NULL,'3.00','3906.00',NULL,NULL,NULL,NULL,NULL,NULL,NULL,NULL,'\0',2),('20120430151100000000','19','4028817a379b2a9701379c9551cc0014',NULL,2,NULL,'JK1050198/12860','','蒙砂白花纸\r\n烤在酒杯上（11X19CM)上\r\n送平遥鸿艺厂',NULL,'PCS',160,NULL,'\0',NULL,NULL,NULL,NULL,NULL,'1.产品的颜色、造型、尺寸、重量务必同我司封样一致；\r\n2.工厂免费提供2% 余量，以防损耗，代用包装送至指定工厂；请在外包装上注明相对应的合同号及货号；\r\n3.交期:2012年5月20日送工厂；',NULL,'0.49','78.40',NULL,NULL,NULL,NULL,NULL,NULL,NULL,NULL,'\0',1),('20120430151100000001','19','4028817a379b2a9701379c9551cc0013',NULL,2,NULL,'JK1070040/12786','undefined','蒙砂白花纸\r\n烤在低口杯上（9X10.5CM)\r\n送祁县精艺厂',NULL,'PCS',600,NULL,'\0',NULL,NULL,NULL,NULL,NULL,'1.产品的颜色、造型、尺寸、重量务必同我司封样一致；\r\n2.工厂免费提供2% 余量，以防损耗，代用包装送至指定工厂；请在外包装上注明相对应的合同号及货号；\r\n3.交期:2012年5月20日送工厂；',NULL,'0.40','240.00',NULL,NULL,NULL,NULL,NULL,NULL,NULL,NULL,'\0',2),('20120430162218000000','19','4028817a379b2a9701379cd69a430067',NULL,2,NULL,'JK1050198/12860','','蒙砂白花纸\r\n烤在酒杯上（11X19CM)上\r\n送平遥鸿艺厂',NULL,'PCS',160,NULL,'\0',NULL,NULL,NULL,NULL,NULL,'1.产品的颜色、造型、尺寸、重量务必同我司封样一致；\r\n2.工厂免费提供2% 余量，以防损耗，代用包装送至指定工厂；请在外包装上注明相对应的合同号及货号；\r\n3.交期:2012年5月20日送工厂；',NULL,'0.49','78.40',NULL,NULL,NULL,NULL,NULL,NULL,NULL,NULL,'\0',1),('20120430162218000001','19','4028817a379b2a9701379cd69a430068',NULL,2,NULL,'JK1070040/12786','undefined','蒙砂白花纸\r\n烤在低口杯上（9X10.5CM)\r\n送祁县精艺厂',NULL,'PCS',600,NULL,'\0',NULL,NULL,NULL,NULL,NULL,'1.产品的颜色、造型、尺寸、重量务必同我司封样一致；\r\n2.工厂免费提供2% 余量，以防损耗，代用包装送至指定工厂；请在外包装上注明相对应的合同号及货号；\r\n3.交期:2012年5月20日送工厂；',NULL,'0.40','240.00',NULL,NULL,NULL,NULL,NULL,NULL,NULL,NULL,'\0',2),('20120602140814000000','19','4028817a384511ae0138464db630000e',NULL,2,NULL,'JK1050201/12078','a92aa87c-c719-4c40-a59a-449a135f764b.jpg','蒙砂白花纸\r\n烤在蛋糕罩上（16.5X22CM)\r\n送祁县光华厂',NULL,'PCS',600,NULL,'\0',NULL,NULL,NULL,NULL,NULL,'1.产品的颜色、造型、尺寸、重量务必同我司封样一致；\r\n2.工厂免费提供2% 余量，以防损耗，代用包装送至指定工厂；请在外包装上注明相对应的合同号及货号；\r\n3.交期:2012年6月20日；',NULL,'0.80','480.00',NULL,NULL,NULL,NULL,NULL,NULL,NULL,NULL,'\0',1),('20120602140814000001','19','4028817a384511ae0138464db620000d',NULL,2,NULL,'JK1050195DECAL B/12859','undefined','蒙砂白花纸\r\n烤在香槟杯上（8X21CM)\r\n送平遥鸿艺厂',NULL,'PCS',400,NULL,'\0',NULL,NULL,NULL,NULL,NULL,'1.产品的颜色、造型、尺寸、重量务必同我司封样一致；\r\n2.工厂免费提供2% 余量，以防损耗，代用包装送至指定工厂；请在外包装上注明相对应的合同号及货号；\r\n3.交期:2012年6月20日；',NULL,'0.40','160.00',NULL,NULL,NULL,NULL,NULL,NULL,NULL,NULL,'\0',2),('20120602140814000002','19','4028817a384511ae0138464db630000f',NULL,2,NULL,'JK1050198/12860','undefined','蒙砂白花纸\r\n烤在红酒杯上（11X19CM)\r\n送平遥鸿艺厂',NULL,'PCS',304,NULL,'\0',NULL,NULL,NULL,NULL,NULL,'1.产品的颜色、造型、尺寸、重量务必同我司封样一致；\r\n2.工厂免费提供2% 余量，以防损耗，代用包装送至指定工厂；请在外包装上注明相对应的合同号及货号；\r\n3.交期:2012年6月20日；',NULL,'0.49','148.96',NULL,NULL,NULL,NULL,NULL,NULL,NULL,NULL,'\0',3),('20120611090145000000','16','4028817a387362980138738e5e19000b',NULL,1,NULL,'JK1050316/JK316','','白盒，上UV\r\n大揭盖盒型\r\n尺寸：18X18X17CM（翻单）',NULL,'PCS',600,NULL,'\0',NULL,NULL,NULL,NULL,NULL,'1.白盒要求250克面纸；\r\n2.工厂待用安全包装，待我司运至工厂；\r\n3.工厂免费提供1%余量，以防划伤，破损；\r\n4.交期:2012年6月20日；',NULL,'1.70','1020.00',NULL,NULL,NULL,NULL,NULL,NULL,NULL,NULL,'\0',1),('20120611090145000001','16','4028817a387362980138738e5dfa0007',NULL,1,NULL,'JK1050317/JK317','undefined','白盒，上UV\r\n大揭盖盒型\r\n尺寸：13X13X16CM（翻单）',NULL,'PCS',600,NULL,'\0',NULL,NULL,NULL,NULL,NULL,'1.彩盒要求250克面纸；\r\n2.工厂待用安全包装，待我司运至工厂；\r\n3.工厂免费提供1%余量，以防划伤，破损；\r\n4.交期:2012年6月20日；',NULL,'1.10','660.00',NULL,NULL,NULL,NULL,NULL,NULL,NULL,NULL,'\0',2),('20120611090145000002','16','4028817a387362980138738e5e0a0008',NULL,1,NULL,'JK103956-P/JK956/1','undefined','白盒，上UV\r\n侧面一面开口\r\n尺寸：34.5X14.5X7CM\r\n此款等盒子试了合适后再安排印刷',NULL,'PCS',180,NULL,'\0',NULL,NULL,NULL,NULL,NULL,'1.白盒要求250克面纸；\r\n2.工厂待用安全包装，待我司运至工厂；\r\n3.工厂免费提供1%余量，以防划伤，破损；\r\n4.交期:2012年6月20日；',NULL,'2.40','432.00',NULL,NULL,NULL,NULL,NULL,NULL,NULL,NULL,'\0',3),('20120611090145000003','16','4028817a387362980138738e5dfa0005',NULL,1,NULL,'JK1040042/JK042','undefined','白盒，上UV\r\n八爪鱼盒型\r\n尺寸：26.4X17.5X13.5CM (翻单）',NULL,'PCS',184,NULL,'\0',NULL,NULL,NULL,NULL,NULL,'1.彩盒要求250克面纸；\r\n2.工厂待用安全包装，待我司运至工厂；\r\n3.工厂免费提供1%余量，以防划伤，破损；\r\n4.交期:2012年6月20日；',NULL,'1.80','331.20',NULL,NULL,NULL,NULL,NULL,NULL,NULL,NULL,'\0',4),('20120611090146000000','18','4028817a387362980138738e5dea0004',NULL,1,NULL,'JK1050930/JK930','undefined','白盒，上UV\r\n八爪鱼盒型\r\n尺寸：28.5X19X15.5CM(翻单）\r\n之前的高度是15，现在增加了0.5CM\r\n货送完后，到月底给我们直接开票就行了，不用再和我们核对。开票资料同以前。\r\n含JK4110096数量',NULL,'PCS',420,NULL,'\0',NULL,NULL,NULL,NULL,NULL,'1.白盒要求250克面纸；\r\n2.工厂待用安全包装，待我司运至工厂；\r\n3.工厂免费提供1%余量，以防划伤，破损；\r\n4.交期:2012年6月20日送祁县精艺厂；联系人：小颉，15364882625.',NULL,'2.40','1008.00',NULL,NULL,NULL,NULL,NULL,NULL,NULL,NULL,'\0',5),('20120611090146000001','16','4028817a387362980138738e5dea0003',NULL,1,NULL,'JK103136','undefined','白盒，上UV\r\n八爪鱼盒型\r\n尺寸：29.4X19.6X19CM',NULL,'PCS',120,NULL,'\0',NULL,NULL,NULL,NULL,NULL,'1.白盒要求250克面纸；\r\n2.工厂待用安全包装，待我司运至工厂；\r\n3.工厂免费提供1%余量，以防划伤，破损；\r\n4.交期:2012年6月20日；',NULL,'2.20','264.00',NULL,NULL,NULL,NULL,NULL,NULL,NULL,NULL,'\0',6),('20120611090146000002','17','4028817a387362980138738e5e29000c',NULL,1,NULL,'JK4410026','undefined','白盒，上UV\r\n大揭盖盒型\r\n尺寸：20X20X25CM',NULL,'PCS',480,NULL,'\0',NULL,NULL,NULL,NULL,NULL,'1.白盒要求250克面纸；\r\n2.工厂待用安全包装，待我司运至工厂；\r\n3.工厂免费提供1%余量，以防划伤，破损；\r\n4.交期:2012年6月20日送祁县精艺厂，联系人：小颉（15364882625）',NULL,'2.30','1104.00',NULL,NULL,NULL,NULL,NULL,NULL,NULL,NULL,'\0',7),('20120611090146000003','17','4028817a387362980138738e5e0a0009',NULL,1,NULL,'JK4110029','undefined','白盒，上UV\r\n八爪鱼盒型\r\n尺寸：30X20X10.5CM',NULL,'PCS',300,NULL,'\0',NULL,NULL,NULL,NULL,NULL,'1.白盒要求250克面纸；\r\n2.工厂待用安全包装，待我司运至工厂；\r\n3.工厂免费提供1%余量，以防划伤，破损；\r\n4.交期:2012年6月20日送祁县精艺厂（15364882625）',NULL,'2.50','750.00',NULL,NULL,NULL,NULL,NULL,NULL,NULL,NULL,'\0',8),('20120611090146000004','17','4028817a387362980138738e5e19000a',NULL,1,NULL,'JK4100007','undefined','白盒，上UV\r\n大揭盖盒型\r\n尺寸：16X16X24.5CM',NULL,'PCS',480,NULL,'\0',NULL,NULL,NULL,NULL,NULL,'1.白盒要求250克面纸；\r\n2.工厂待用安全包装，待我司运至工厂；\r\n3.工厂免费提供1%余量，以防划伤，破损；\r\n4.交期:2012年6月20日送祁县精艺厂，联系人：小颉（15364882625）',NULL,'2.20','1056.00',NULL,NULL,NULL,NULL,NULL,NULL,NULL,NULL,'\0',9),('20120611090146000005','17','4028817a387362980138738e5dfa0006',NULL,1,NULL,'JK3600009','undefined','白盒，上UV\r\n大揭盖盒型\r\n是款带底座的盘子，可以从侧面开口\r\n尺寸：24X13.5X24CM',NULL,'PCS',600,NULL,'\0',NULL,NULL,NULL,NULL,NULL,'1,白盒要求250克面纸；\r\n2.工厂待用安全包装，待我司运至工厂；\r\n3.工厂免费提供1%余量，以防划伤，破损；\r\n4.交期:2012年6月20日送祁县天顺厂，联系人：小郭（0354-5299497）',NULL,'2.30','1380.00',NULL,NULL,NULL,NULL,NULL,NULL,NULL,NULL,'\0',10),('20120611090146000006','17','4028817a387362980138738e5ddb0002',NULL,1,NULL,'JK3600010','undefined','白盒，上UV\r\n大揭盖盒型,\r\n尺寸：33X15X33CM\r\n是款带底座的盘子，可以侧面开口',NULL,'PCS',600,NULL,'\0',NULL,NULL,NULL,NULL,NULL,'1.白盒要求250克面纸；\r\n2.工厂待用安全包装，待我司运至工厂；\r\n3.工厂免费提供1%余量，以防划伤，破损；\r\n4.交期:2012年6月20日，送祁县天顺厂，联系人：小郭（0354-5299497）',NULL,'3.00','1800.00',NULL,NULL,NULL,NULL,NULL,NULL,NULL,NULL,'\0',11),('20120613173100000000','4028817a33ecdbf70133ee202e49000b','4028817a387db33d01387fad4d3b0017',NULL,4,NULL,'6648','d8c16534-e4f7-4556-a029-5c33376c2fa3.jpg','麻花挺风灯，杯碗电镀喷琥珀色\r\n尺寸：35CM高',NULL,'PCS',252,NULL,'\0',NULL,NULL,NULL,NULL,NULL,'★   产品与封样无明显差异，唛头、标签及包装质量务必符合公司要求。 \r\n ★★  产品生产前期、中期、后期抽验率不得少于10%，质量和封样一致， \r\n       并将验货照片传回公司。 \r\n★★★ 重点客人的质量标准检验，产品抽验率不得少于50%，务必做到入箱前检查。 \r\n 交期：2012年7月15日/工厂。没有经过我司同意无故延期交货造成严重后果的，按照客人的相关要求处理。 \r\n 开票：出货后请将增值税发票、验货报告、合同复印件及出库单一并寄至我司，以便我司安排付款。',NULL,'3.00','756.00',NULL,NULL,NULL,NULL,NULL,NULL,NULL,NULL,'\0',1),('20120613173100000001','4028817a33ecdbf70133ee202e49000b','4028817a387db33d01387fad4d3b0018',NULL,4,NULL,'6650','9c897bd8-ae6f-445a-ae57-6a2e6bc8ca3c.jpg','麻花挺风灯，杯碗电镀喷紫色\r\n尺寸：35CM高',NULL,'PCS',252,NULL,'\0',NULL,NULL,NULL,NULL,NULL,'★   产品与封样无明显差异，唛头、标签及包装质量务必符合公司要求。 \r\n ★★  产品生产前期、中期、后期抽验率不得少于10%，质量和封样一致， \r\n       并将验货照片传回公司。 \r\n★★★ 重点客人的质量标准检验，产品抽验率不得少于50%，务必做到入箱前检查。 \r\n 交期：2012年7月15日/工厂。没有经过我司同意无故延期交货造成严重后果的，按照客人的相关要求处理。 \r\n 开票：出货后请将增值税发票、验货报告、合同复印件及出库单一并寄至我司，以便我司安排付款。',NULL,'3.00','756.00',NULL,NULL,NULL,NULL,NULL,NULL,NULL,NULL,'\0',2),('20120613173100000002','4028817a33ecdbf70133ee202e49000b','4028817a387db33d01387fad4d4b0019',NULL,4,NULL,'6652','2dab4a03-c448-4905-a813-31c85f1a0983.jpg','麻花挺风灯，杯碗电镀喷钴蓝色\r\n尺寸：35CM高',NULL,'PCS',252,NULL,'\0',NULL,NULL,NULL,NULL,NULL,'★   产品与封样无明显差异，唛头、标签及包装质量务必符合公司要求。 \r\n ★★  产品生产前期、中期、后期抽验率不得少于10%，质量和封样一致， \r\n       并将验货照片传回公司。 \r\n★★★ 重点客人的质量标准检验，产品抽验率不得少于50%，务必做到入箱前检查。 \r\n 交期：2012年7月15日/工厂。没有经过我司同意无故延期交货造成严重后果的，按照客人的相关要求处理。 \r\n 开票：出货后请将增值税发票、验货报告、合同复印件及出库单一并寄至我司，以便我司安排付款。',NULL,'3.00','756.00',NULL,NULL,NULL,NULL,NULL,NULL,NULL,NULL,'\0',3),('20120613173100000003','4028817a33ecdbf70133ee202e49000b','4028817a387db33d01387fad4d4b001a',NULL,4,NULL,'6655','5384acb3-e30c-4d7e-aa7e-780b324f4296.jpg','麻花挺风灯，杯碗电镀喷琥珀色\r\n尺寸：35CM高',NULL,'PCS',252,NULL,'\0',NULL,NULL,NULL,NULL,NULL,'★   产品与封样无明显差异，唛头、标签及包装质量务必符合公司要求。 \r\n ★★  产品生产前期、中期、后期抽验率不得少于10%，质量和封样一致， \r\n       并将验货照片传回公司。 \r\n★★★ 重点客人的质量标准检验，产品抽验率不得少于50%，务必做到入箱前检查。 \r\n 交期：2012年7月15日/工厂。没有经过我司同意无故延期交货造成严重后果的，按照客人的相关要求处理。 \r\n 开票：出货后请将增值税发票、验货报告、合同复印件及出库单一并寄至我司，以便我司安排付款。',NULL,'3.00','756.00',NULL,NULL,NULL,NULL,NULL,NULL,NULL,NULL,'\0',4),('20120613173100000004','4028817a33ecdbf70133ee202e49000b','4028817a387db33d01387fad4d2c0016',NULL,4,NULL,'6664','61ce7d72-80ab-48ab-94b8-aba80383e060.jpg','麻花挺风灯，杯碗电镀喷紫色\r\n尺寸：35CM',NULL,'PCS',252,NULL,'\0',NULL,NULL,NULL,NULL,NULL,'★   产品与封样无明显差异，唛头、标签及包装质量务必符合公司要求。 \r\n ★★  产品生产前期、中期、后期抽验率不得少于10%，质量和封样一致， \r\n       并将验货照片传回公司。 \r\n★★★ 重点客人的质量标准检验，产品抽验率不得少于50%，务必做到入箱前检查。 \r\n 交期：2012年7月15日/工厂。没有经过我司同意无故延期交货造成严重后果的，按照客人的相关要求处理。 \r\n 开票：出货后请将增值税发票、验货报告、合同复印件及出库单一并寄至我司，以便我司安排付款。',NULL,'3.00','756.00',NULL,NULL,NULL,NULL,NULL,NULL,NULL,NULL,'\0',5),('20120613173100000005','4028817a33ecdbf70133ee202e49000b','4028817a387db33d01387fad4d2c0015',NULL,4,NULL,'6672','d5a2bd30-a99d-4028-ac4b-4ed3e9c84f61.jpg','麻花挺风灯，杯碗电镀喷紫色\r\n尺寸：35CM',NULL,'PCS',252,NULL,'\0',NULL,NULL,NULL,NULL,NULL,'★   产品与封样无明显差异，唛头、标签及包装质量务必符合公司要求。 \r\n ★★  产品生产前期、中期、后期抽验率不得少于10%，质量和封样一致， \r\n       并将验货照片传回公司。 \r\n★★★ 重点客人的质量标准检验，产品抽验率不得少于50%，务必做到入箱前检查。 \r\n 交期：2012年7月15日/工厂。没有经过我司同意无故延期交货造成严重后果的，按照客人的相关要求处理。 \r\n 开票：出货后请将增值税发票、验货报告、合同复印件及出库单一并寄至我司，以便我司安排付款。',NULL,'3.00','756.00',NULL,NULL,NULL,NULL,NULL,NULL,NULL,NULL,'\0',6),('20120707162534000000','19','4028817a38fe72b00139003064460011',NULL,2,NULL,'JK1050198/12860','','蒙砂白花纸\r\n烤在红酒杯上（11X19CM)\r\n送平遥鸿艺厂',NULL,'PCS',240,NULL,'\0',NULL,NULL,NULL,NULL,NULL,'1.产品的颜色、造型、尺寸、重量务必同我司封样一致；\r\n2.工厂免费提供2% 余量，以防损耗，代用包装送至指定工厂；请在外包装上注明相对应的合同号及货号；\r\n3.交期:2012年6月20日；',NULL,'0.49','117.60',NULL,NULL,NULL,NULL,NULL,NULL,NULL,NULL,'\0',1),('20120707162534000001','19','4028817a38fe72b00139003064460010',NULL,2,NULL,'JK1070040/12786','undefined','蒙砂白花纸\r\n烤在低口杯上（9X10.5CM)\r\n送祁县精艺厂',NULL,'PCS',600,NULL,'\0',NULL,NULL,NULL,NULL,NULL,'1.产品的颜色、造型、尺寸、重量务必同我司封样一致；\r\n2.工厂免费提供2% 余量，以防损耗，代用包装送至指定工厂；请在外包装上注明相对应的合同号及货号；\r\n3.交期:2012年6月20日；',NULL,'0.40','240.00',NULL,NULL,NULL,NULL,NULL,NULL,NULL,NULL,'\0',2),('20120805143446000000','4028817a33ecdbf70133ee202e49000b','4028817a399492a2013995235f580004',NULL,4,NULL,'7297','1e145f14-743e-464e-b086-706a6faeff23.jpg','全明料麻花挺风灯，杯碗电镀喷红\r\n尺寸：35CM高\r\n1只/内盒          6只/大箱',NULL,'PCS',1200,NULL,'\0',NULL,NULL,NULL,NULL,NULL,'★   产品与封样无明显差异，唛头、标签及包装质量务必符合公司要求。 \r\n ★★  产品生产前期、中期、后期抽验率不得少于10%，质量和封样一致， \r\n       并将验货照片传回公司。 \r\n★★★ 重点客人的质量标准检验，产品抽验率不得少于50%，务必做到入箱前检查。 \r\n 交期：2012年8月05日/工厂。没有经过我司同意无故延期交货造成严重后果的，按照客人的相关要求处理。 \r\n 开票：出货后请将增值税发票、验货报告、合同复印件及出库单一并寄至我司，以便我司安排付款。',NULL,'3.00','3600.00',NULL,NULL,NULL,NULL,NULL,NULL,NULL,NULL,'\0',1),('20120805143446000001','4028817a33ecdbf70133ee202e49000b','4028817a399492a2013995235f580005',NULL,4,NULL,'7298','d93141e3-495f-4097-8c21-b9f8afe043ad.jpg','全明料麻花挺风灯，杯碗电镀\r\n尺寸：35CM\r\n1只/内盒         6只/大箱',NULL,'PCS',1800,NULL,'\0',NULL,NULL,NULL,NULL,NULL,'★   产品与封样无明显差异，唛头、标签及包装质量务必符合公司要求。 \r\n ★★  产品生产前期、中期、后期抽验率不得少于10%，质量和封样一致， \r\n       并将验货照片传回公司。 \r\n★★★ 重点客人的质量标准检验，产品抽验率不得少于50%，务必做到入箱前检查。 \r\n 交期：2012年8月05日/工厂。没有经过我司同意无故延期交货造成严重后果的，按照客人的相关要求处理。 \r\n 开票：出货后请将增值税发票、验货报告、合同复印件及出库单一并寄至我司，以便我司安排付款。',NULL,'3.00','5400.00',NULL,NULL,NULL,NULL,NULL,NULL,NULL,NULL,'\0',2),('20120805143446000002','4028817a33ecdbf70133ee202e49000b','4028817a399492a2013995235f580006',NULL,4,NULL,'7299','03247b89-7e9e-4b73-a07c-9e80528da2e7.jpg','全明料麻花挺风灯，杯碗电镀喷红\r\n尺寸：35CM高\r\n1只/内盒         6只/大箱',NULL,'PCS',1200,NULL,'\0',NULL,NULL,NULL,NULL,NULL,'★   产品与封样无明显差异，唛头、标签及包装质量务必符合公司要求。 \r\n ★★  产品生产前期、中期、后期抽验率不得少于10%，质量和封样一致， \r\n       并将验货照片传回公司。 \r\n★★★ 重点客人的质量标准检验，产品抽验率不得少于50%，务必做到入箱前检查。 \r\n 交期：2012年8月05日/工厂， 没有经过我司同意无故延期交货造成严重后果的，按照客人的相关要求处理。 \r\n 开票：出货后请将增值税发票、验货报告、合同复印件及出库单一并寄至我司，以便我司安排付款。',NULL,'3.00','3600.00',NULL,NULL,NULL,NULL,NULL,NULL,NULL,NULL,'\0',3),('20120805143446000003','4028817a33ecdbf70133ee202e49000b','4028817a399492a2013995235f670007',NULL,4,NULL,'7373','c92f1416-37de-49be-895c-d668b5c2dfb7.jpg','全明料麻花挺风灯，杯碗电镀\r\n尺寸：35CM\r\n1只/内盒          6只/大箱',NULL,'PCS',1800,NULL,'\0',NULL,NULL,NULL,NULL,NULL,'★   产品与封样无明显差异，唛头、标签及包装质量务必符合公司要求。 \r\n ★★  产品生产前期、中期、后期抽验率不得少于10%，质量和封样一致， \r\n       并将验货照片传回公司。 \r\n★★★ 重点客人的质量标准检验，产品抽验率不得少于50%，务必做到入箱前检查。 \r\n 交期：2012年8月05日/工厂。 没有经过我司同意无故延期交货造成严重后果的，按照客人的相关要求处理。 \r\n 开票：出货后请将增值税发票、验货报告、合同复印件及出库单一并寄至我司，以便我司安排付款。',NULL,'3.00','5400.00',NULL,NULL,NULL,NULL,NULL,NULL,NULL,NULL,'\0',4),('20120811100511000000','19','4028817a39b2b37f0139b312b5ec0004',NULL,2,NULL,'J859101141/109480','dd5f24e7-20f5-48c4-b229-b4f7eb5c2ca4.jpg','白金字母“RIVIERA MAISON\"花纸\r\n\r\n送祁县宏艺厂',NULL,'PCS',600,NULL,'\0',NULL,NULL,NULL,NULL,NULL,'1.产品的颜色、造型、尺寸、重量务必同我司封样一致；\r\n2.工厂免费提供2% 余量，以防损耗，代用包装送至指定工厂；请在外包装上注明相对应的合同号及货号；\r\n3.交期:2012年8月20日；',NULL,'0.36','216.00',NULL,NULL,NULL,NULL,NULL,NULL,NULL,NULL,'\0',1),('20120811100511000001','19','4028817a39b2b37f0139b312b5dd0003',NULL,2,NULL,'J859101767/124590','34473de8-387d-46e5-9781-5899dd37dd67.jpg','白金字母”RIVIERA MAISON\"花纸\r\n\r\n送祁县宏艺厂',NULL,'PCS',600,NULL,'\0',NULL,NULL,NULL,NULL,NULL,'1.产品的颜色、造型、尺寸、重量务必同我司封样一致；\r\n2.工厂免费提供2% 余量，以防损耗，代用包装送至指定工厂；请在外包装上注明相对应的合同号及货号；\r\n3.交期:2012年8月20日；',NULL,'0.75','450.00',NULL,NULL,NULL,NULL,NULL,NULL,NULL,NULL,'\0',2),('20120811100511000002','22','4028817a39b2b37f0139b312b5dd0003',NULL,4,NULL,'J859101767/124590','08828b5b-1ca7-438f-8ca6-4ce8fbb486b3.jpg','风灯口部电镀2.5CM宽\r\n蜡杯口部电镀2.5CM宽\r\n风灯尺寸：25X28CM\r\n蜡杯尺寸：12.5X20CM',NULL,'PCS',600,NULL,'\0',NULL,NULL,NULL,NULL,NULL,'交期：2012年9月20日工厂。 没有经过我司同意无故延期交货造成严重后果的，按照客人的相关要求处理。 \r\n开票：出货后请将增值税发票、验货报告、合同复印件及出库单一并寄至我司，以便我司安排付款。',NULL,'17.00','10200.00',NULL,NULL,NULL,NULL,NULL,NULL,NULL,NULL,'\0',3),('20120811100511000005','4028817a3632e86601363344d16d0001','4028817a39b2b37f0139b312b5ec0006',NULL,2,NULL,'160380/JK10501218','67a48bbf-26f0-4164-a6f6-227a842e00d2.jpg','字母白花纸+LOGO房子花纸\r\n\r\n小号三层糖缸\r\n\r\n祁县宏艺厂',NULL,'SETS',6000,NULL,'\0',NULL,NULL,NULL,NULL,NULL,'1.产品的颜色、造型、尺寸、重量务必同我司封样一致；\r\n2.工厂免费提供2% 余量，以防损耗，代用包装送至指定工厂；请在外包装上注明相对应的合同号及货号；\r\n3.交期:2012年8月20日；',NULL,'0.60','3600.00',NULL,NULL,NULL,NULL,NULL,NULL,NULL,NULL,'\0',5),('20120811100511000006','4028817a3632e86601363344d16d0001','4028817a39b2b37f0139b312b5ec0005',NULL,2,NULL,'JK1040009/141760','b2c5567b-b90e-4017-a1d4-4b2dbce6bdd9.jpg','字母白花纸+LOGO房子花纸\r\n大号三层糖缸\r\n\r\n祁县宏艺厂',NULL,'SETS',2400,NULL,'\0',NULL,NULL,NULL,NULL,NULL,'1.产品的颜色、造型、尺寸、重量务必同我司封样一致；\r\n2.工厂免费提供2% 余量，以防损耗，代用包装送至指定工厂；请在外包装上注明相对应的合同号及货号；\r\n3.交期:2012年8月15日；',NULL,'1.50','3600.00',NULL,NULL,NULL,NULL,NULL,NULL,NULL,NULL,'\0',4),('20120814105315000000','4028817a3632e86601363344d16d0001','4028817a39c236b00139c2b177790005',NULL,2,NULL,'JK1052446-S/201620','cdd29abe-400c-48e2-b91a-d07622d7ee37.jpg','字母白花纸+LOGO房子花纸\r\n\r\n祁县会龙厂',NULL,'SETS',1600,NULL,'\0',NULL,NULL,NULL,NULL,NULL,'1.产品的颜色、造型、尺寸、重量务必同我司封样一致；\r\n2.工厂免费提供2% 余量，以防损耗，代用包装送至指定工厂；请在外包装上注明相对应的合同号及货号；\r\n3.交期:2012年8月15日；',NULL,'0.15','240.00',NULL,NULL,NULL,NULL,NULL,NULL,NULL,NULL,'\0',7),('20120814105318000000','4028817a3632e86601363344d16d0001','4028817a39c236b00139c2b18d810006',NULL,2,NULL,'JK1052446/158080','ac0d36f2-a17b-434d-b0be-98abadccfb15.jpg','字母白花纸+LOGO房子花纸\r\n\r\n祁县会龙厂',NULL,'SETS',1200,NULL,'\0',NULL,NULL,NULL,NULL,NULL,'1.产品的颜色、造型、尺寸、重量务必同我司封样一致；\r\n2.工厂免费提供2% 余量，以防损耗，代用包装送至指定工厂；请在外包装上注明相对应的合同号及货号；\r\n3.交期:2012年8月15日;',NULL,'0.16','192.00',NULL,NULL,NULL,NULL,NULL,NULL,NULL,NULL,'\0',6),('20121008135129000000','19','4028817a3add7a3b013ade92bf5b0010',NULL,2,NULL,'JK1050201/12078','e31c0feb-a3fb-45ab-9428-f24cd05c2377.jpg','蒙砂白花纸\r\n小号蛋糕盘+罩子（16.5X22CM高）\r\n送祁县宏艺厂',NULL,'PCS',276,NULL,'\0',NULL,NULL,NULL,NULL,NULL,'1.产品的颜色、造型、尺寸、重量务必同我司封样一致；\r\n2.工厂免费提供2% 余量，以防损耗，代用包装送至指定工厂；请在外包装上注明相对应的合同号及货号；\r\n3.交期:2012年10月20日。',NULL,'0.80','220.80',NULL,NULL,NULL,NULL,NULL,NULL,NULL,NULL,'\0',3),('20121008135129000001','19','4028817a3add7a3b013ade92bf3b000f',NULL,2,NULL,'JK1050195 DECAL/12859','a31af353-d4de-4651-ae8e-365f72a8b578.jpg','蒙砂白花纸\r\n香槟杯（8X21CM高）\r\n送祁县升华厂',NULL,'PCS',400,NULL,'\0',NULL,NULL,NULL,NULL,NULL,'1.产品的颜色、造型、尺寸、重量务必同我司封样一致；\r\n2.工厂免费提供2% 余量，以防损耗，代用包装送至指定工厂；请在外包装上注明相对应的合同号及货号；\r\n3.交期:。2012年10月20日',NULL,'0.40','160.00',NULL,NULL,NULL,NULL,NULL,NULL,NULL,NULL,'\0',1),('20121008135129000002','19','4028817a3add7a3b013ade92bf1c000e',NULL,2,NULL,'JK1050198 DECAL/12860','abab4f8a-79c5-4577-a9f0-7ba079d91955.jpg','蒙砂白花纸\r\n酒杯（11X19CM高）\r\n送祁县升华厂',NULL,'PCS',240,NULL,'\0',NULL,NULL,NULL,NULL,NULL,'1.产品的颜色、造型、尺寸、重量务必同我司封样一致；\r\n2.工厂免费提供2% 余量，以防损耗，代用包装送至指定工厂；请在外包装上注明相对应的合同号及货号；\r\n3.交期：2012年10月20日',NULL,'0.49','117.60',NULL,NULL,NULL,NULL,NULL,NULL,NULL,NULL,'\0',2),('20121008135129000003','19','4028817a3add7a3b013ade92bf0d000d',NULL,2,NULL,'JK169340/13076','67bd9133-d3ac-433b-a76a-e105e4542f63.jpg','蒙砂白花纸\r\n大号蛋糕盘+罩子（24X26CM高）\r\n送祁县宏艺厂',NULL,'PCS',100,NULL,'\0',NULL,NULL,NULL,NULL,NULL,'1.产品的颜色、造型、尺寸、重量务必同我司封样一致；\r\n2.工厂免费提供2% 余量，以防损耗，代用包装送至指定工厂；请在外包装上注明相对应的合同号及货号；\r\n3.交期:2012年10月20日。',NULL,'1.60','160.00',NULL,NULL,NULL,NULL,NULL,NULL,NULL,NULL,'\0',4),('20121012105019000000','19','4028817a3af21635013af28652e80006',NULL,2,NULL,'7103-4000','6aae184c-60c4-450e-b883-eb547d950010.jpg','蒙砂字母白花纸H2O\r\n\r\n烤壶上（壶尺寸：4.5X24CM)\r\n\r\n祁县宏艺厂',NULL,'PCS',804,NULL,'\0',NULL,NULL,NULL,NULL,NULL,'1.产品的颜色、造型、尺寸、重量务必同我司封样一致；\r\n2.工厂免费提供2% 余量，以防损耗，代用包装送至指定工厂；请在外包装上注明相对应的合同号及货号；\r\n3.交期:2012年11月05日；',NULL,'0.15','120.60',NULL,NULL,NULL,NULL,NULL,NULL,NULL,NULL,'\0',1),('20121012105019000001','19','4028817a3af21635013af28652e80005',NULL,2,NULL,'7110-0020','0987ea25-bdd8-4aac-b2c2-b8f7867fd54d.jpg','蒙砂白花纸\r\n烤蛋糕罩上\r\n\r\n祁县宏艺厂',NULL,'PCS',360,NULL,'\0',NULL,NULL,NULL,NULL,NULL,'1.产品的颜色、造型、尺寸、重量务必同我司封样一致；\r\n2.工厂免费提供2% 余量，以防损耗，代用包装送至指定工厂；请在外包装上注明相对应的合同号及货号；\r\n3.交期:2012年11月05日；',NULL,'0.30','108.00',NULL,NULL,NULL,NULL,NULL,NULL,NULL,NULL,'\0',2),('20121012105019000002','19','4028817a3af21635013af28652e80004',NULL,2,NULL,'7107-0014','16b3d777-5612-490d-a457-099645842903.jpg','蒙砂字母白花纸 JE T\'AIME\r\n\r\n烤香槟杯上（5.5X18CM高）\r\n\r\n祁县海洋厂',NULL,'PCS',1536,NULL,'\0',NULL,NULL,NULL,NULL,NULL,'1.产品的颜色、造型、尺寸、重量务必同我司封样一致；\r\n2.工厂免费提供2% 余量，以防损耗，代用包装送至指定工厂；请在外包装上注明相对应的合同号及货号；\r\n3.交期:2012年11月5日；',NULL,'0.10','153.60',NULL,NULL,NULL,NULL,NULL,NULL,NULL,NULL,'\0',3),('20121012105019000003','19','4028817a3af21635013af28652e80003',NULL,2,NULL,'7102-0001','9f896470-0ed0-43ca-9e65-90e8e0cee7c4.jpg','金花纸，花型见照片\r\n\r\n烤低口杯上（7.8X10CM)\r\n\r\n祁县精艺厂',NULL,'PCS',2016,NULL,'\0',NULL,NULL,NULL,NULL,NULL,'1.产品的颜色、造型、尺寸、重量务必同我司封样一致；\r\n2.工厂免费提供2% 余量，以防损耗，代用包装送至指定工厂；请在外包装上注明相对应的合同号及货号；\r\n3.交期:2012年11月5日；',NULL,'2.70','5443.20',NULL,NULL,NULL,NULL,NULL,NULL,NULL,NULL,'\0',5),('20121012105019000004','19','4028817a3af21635013af2865317000d',NULL,2,NULL,'7102-0002','1c059f66-653b-48e6-a90b-28d4486c0469.jpg','金花纸，花型见照片\r\n烤低口杯上\r\n祁县精艺厂',NULL,'PCS',2016,NULL,'\0',NULL,NULL,NULL,NULL,NULL,'1.产品的颜色、造型、尺寸、重量务必同我司封样一致；\r\n2.工厂免费提供2% 余量，以防损耗，代用包装送至指定工厂；请在外包装上注明相对应的合同号及货号；\r\n3.交期:2012年11月5日；',NULL,'2.70','5443.20',NULL,NULL,NULL,NULL,NULL,NULL,NULL,NULL,'\0',6),('20121012105019000005','19','4028817a3af21635013af2865317000c',NULL,2,NULL,'7102-0011','ebab0e5d-469d-4c5e-af56-d683b57b6aba.jpg','金花纸，花型见照片\r\n烤高口杯上\r\n祁县精艺厂',NULL,'PCS',2016,NULL,'\0',NULL,NULL,NULL,NULL,NULL,'1.产品的颜色、造型、尺寸、重量务必同我司封样一致；\r\n2.工厂免费提供2% 余量，以防损耗，代用包装送至指定工厂；请在外包装上注明相对应的合同号及货号；\r\n3.交期:2012年11月5日；',NULL,'3.50','7056.00',NULL,NULL,NULL,NULL,NULL,NULL,NULL,NULL,'\0',7),('20121012105019000006','19','4028817a3af21635013af2865308000b',NULL,2,NULL,'7102-0022','b7c90df1-25a3-498e-84dd-da8f367d2ae1.jpg','金花纸，花型见照片\r\n烤高口杯上\r\n祁县精艺厂',NULL,'PCS',1752,NULL,'\0',NULL,NULL,NULL,NULL,NULL,'1.产品的颜色、造型、尺寸、重量务必同我司封样一致；\r\n2.工厂免费提供2% 余量，以防损耗，代用包装送至指定工厂；请在外包装上注明相对应的合同号及货号；\r\n3.交期:2012年11月5日；',NULL,'3.50','6132.00',NULL,NULL,NULL,NULL,NULL,NULL,NULL,NULL,'\0',8),('20121012105019000007','19','4028817a3af21635013af28653080009',NULL,2,NULL,'7102-0033','e036ca0c-60f2-443c-9763-4786aa10fccd.jpg','金花纸，花型见照片\r\n烤高口杯上\r\n祁县精艺厂',NULL,'PCS',1512,NULL,'\0',NULL,NULL,NULL,NULL,NULL,'1.产品的颜色、造型、尺寸、重量务必同我司封样一致；\r\n2.工厂免费提供2% 余量，以防损耗，代用包装送至指定工厂；请在外包装上注明相对应的合同号及货号；\r\n3.交期:2012年11月5日；',NULL,'3.50','5292.00',NULL,NULL,NULL,NULL,NULL,NULL,NULL,NULL,'\0',9),('20121012105020000000','19','4028817a3af21635013af28652f80008',NULL,2,NULL,'7108-0003','45eac707-c56b-4b0c-9b50-797989623027.jpg','蒙砂白花纸\r\n烤低口杯上（7X10CM)\r\n祁县宏艺厂',NULL,'PCS',1008,NULL,'\0',NULL,NULL,NULL,NULL,NULL,'1.产品的颜色、造型、尺寸、重量务必同我司封样一致；\r\n2.工厂免费提供2% 余量，以防损耗，代用包装送至指定工厂；请在外包装上注明相对应的合同号及货号；\r\n3.交期:2012年11月5日；',NULL,'0.30','302.40',NULL,NULL,NULL,NULL,NULL,NULL,NULL,NULL,'\0',10),('20121012105020000001','19','4028817a3af21635013af28652f80007',NULL,2,NULL,'7106-0007','11fb47e2-2c16-40db-8070-dcf97dcc9906.jpg','皇冠+字母 金花纸\r\n烤口杯上（8.2X5.6CM)\r\n祁县宏艺厂',NULL,'PCS',768,NULL,'\0',NULL,NULL,NULL,NULL,NULL,'1.产品的颜色、造型、尺寸、重量务必同我司封样一致；\r\n2.工厂免费提供2% 余量，以防损耗，代用包装送至指定工厂；请在外包装上注明相对应的合同号及货号；\r\n3.交期:2012年11月5日；',NULL,'0.25','192.00',NULL,NULL,NULL,NULL,NULL,NULL,NULL,NULL,'\0',11),('20121012105020000002','19','4028817a3af21635013af2865308000a',NULL,2,NULL,'7106-0008','765334a4-38ca-4eb2-8220-21216ae738ca.jpg','皇冠+字母 金花纸\r\n\r\n烤口杯上\r\n祁县宏艺厂',NULL,'PCS',768,NULL,'\0',NULL,NULL,NULL,NULL,NULL,'1.产品的颜色、造型、尺寸、重量务必同我司封样一致；\r\n2.工厂免费提供2% 余量，以防损耗，代用包装送至指定工厂；请在外包装上注明相对应的合同号及货号；\r\n3.交期:2012年11月5日；',NULL,'0.25','192.00',NULL,NULL,NULL,NULL,NULL,NULL,NULL,NULL,'\0',12),('20121012111035000000','19','4028817a3af21635013af298def40025',NULL,2,NULL,'7103-4000','6aae184c-60c4-450e-b883-eb547d950010.jpg','蒙砂字母白花纸H2O\r\n\r\n烤壶上（壶尺寸：4.5X24CM)\r\n\r\n祁县宏艺厂',NULL,'PCS',804,NULL,'\0',NULL,NULL,NULL,NULL,NULL,'1.产品的颜色、造型、尺寸、重量务必同我司封样一致；\r\n2.工厂免费提供2% 余量，以防损耗，代用包装送至指定工厂；请在外包装上注明相对应的合同号及货号；\r\n3.交期:2012年11月05日；',NULL,'0.15','120.60',NULL,NULL,NULL,NULL,NULL,NULL,NULL,NULL,'\0',1),('20121012111035000001','19','4028817a3af21635013af298dea6001d',NULL,2,NULL,'7110-0020','0987ea25-bdd8-4aac-b2c2-b8f7867fd54d.jpg','蒙砂白花纸\r\n烤蛋糕罩上\r\n\r\n祁县宏艺厂',NULL,'PCS',360,NULL,'\0',NULL,NULL,NULL,NULL,NULL,'1.产品的颜色、造型、尺寸、重量务必同我司封样一致；\r\n2.工厂免费提供2% 余量，以防损耗，代用包装送至指定工厂；请在外包装上注明相对应的合同号及货号；\r\n3.交期:2012年11月05日；',NULL,'0.30','108.00',NULL,NULL,NULL,NULL,NULL,NULL,NULL,NULL,'\0',2),('20121012111035000002','19','4028817a3af21635013af298df040027',NULL,2,NULL,'7107-0014','16b3d777-5612-490d-a457-099645842903.jpg','蒙砂字母白花纸 JE T\'AIME\r\n\r\n烤香槟杯上（5.5X18CM高）\r\n\r\n祁县海洋厂',NULL,'PCS',1536,NULL,'\0',NULL,NULL,NULL,NULL,NULL,'1.产品的颜色、造型、尺寸、重量务必同我司封样一致；\r\n2.工厂免费提供2% 余量，以防损耗，代用包装送至指定工厂；请在外包装上注明相对应的合同号及货号；\r\n3.交期:2012年11月5日；',NULL,'0.10','153.60',NULL,NULL,NULL,NULL,NULL,NULL,NULL,NULL,'\0',3),('20121012111035000003','19','4028817a3af21635013af298dea6001e',NULL,2,NULL,'7102-0001','9f896470-0ed0-43ca-9e65-90e8e0cee7c4.jpg','金花纸，花型见照片\r\n\r\n烤低口杯上（7.8X10CM)\r\n\r\n祁县精艺厂',NULL,'PCS',2016,NULL,'\0',NULL,NULL,NULL,NULL,NULL,'1.产品的颜色、造型、尺寸、重量务必同我司封样一致；\r\n2.工厂免费提供2% 余量，以防损耗，代用包装送至指定工厂；请在外包装上注明相对应的合同号及货号；\r\n3.交期:2012年11月5日；',NULL,'2.70','5443.20',NULL,NULL,NULL,NULL,NULL,NULL,NULL,NULL,'\0',5),('20121012111035000004','19','4028817a3af21635013af298deb6001f',NULL,2,NULL,'7102-0002','1c059f66-653b-48e6-a90b-28d4486c0469.jpg','金花纸，花型见照片\r\n烤低口杯上\r\n祁县精艺厂',NULL,'PCS',2016,NULL,'\0',NULL,NULL,NULL,NULL,NULL,'1.产品的颜色、造型、尺寸、重量务必同我司封样一致；\r\n2.工厂免费提供2% 余量，以防损耗，代用包装送至指定工厂；请在外包装上注明相对应的合同号及货号；\r\n3.交期:2012年11月5日；',NULL,'2.70','5443.20',NULL,NULL,NULL,NULL,NULL,NULL,NULL,NULL,'\0',6),('20121012111035000005','19','4028817a3af21635013af298deb60020',NULL,2,NULL,'7102-0011','ebab0e5d-469d-4c5e-af56-d683b57b6aba.jpg','金花纸，花型见照片\r\n烤高口杯上\r\n祁县精艺厂',NULL,'PCS',2016,NULL,'\0',NULL,NULL,NULL,NULL,NULL,'1.产品的颜色、造型、尺寸、重量务必同我司封样一致；\r\n2.工厂免费提供2% 余量，以防损耗，代用包装送至指定工厂；请在外包装上注明相对应的合同号及货号；\r\n3.交期:2012年11月5日；',NULL,'3.50','7056.00',NULL,NULL,NULL,NULL,NULL,NULL,NULL,NULL,'\0',7),('20121012111035000006','19','4028817a3af21635013af298dec60021',NULL,2,NULL,'7102-0022','b7c90df1-25a3-498e-84dd-da8f367d2ae1.jpg','金花纸，花型见照片\r\n烤高口杯上\r\n祁县精艺厂',NULL,'PCS',1752,NULL,'\0',NULL,NULL,NULL,NULL,NULL,'1.产品的颜色、造型、尺寸、重量务必同我司封样一致；\r\n2.工厂免费提供2% 余量，以防损耗，代用包装送至指定工厂；请在外包装上注明相对应的合同号及货号；\r\n3.交期:2012年11月5日；',NULL,'3.50','6132.00',NULL,NULL,NULL,NULL,NULL,NULL,NULL,NULL,'\0',8),('20121012111035000007','19','4028817a3af21635013af298ded50022',NULL,2,NULL,'7102-0033','e036ca0c-60f2-443c-9763-4786aa10fccd.jpg','金花纸，花型见照片\r\n烤高口杯上\r\n祁县精艺厂',NULL,'PCS',1512,NULL,'\0',NULL,NULL,NULL,NULL,NULL,'1.产品的颜色、造型、尺寸、重量务必同我司封样一致；\r\n2.工厂免费提供2% 余量，以防损耗，代用包装送至指定工厂；请在外包装上注明相对应的合同号及货号；\r\n3.交期:2012年11月5日；',NULL,'3.50','5292.00',NULL,NULL,NULL,NULL,NULL,NULL,NULL,NULL,'\0',9),('20121012111035000008','19','4028817a3af21635013af298dee50023',NULL,2,NULL,'7108-0003','45eac707-c56b-4b0c-9b50-797989623027.jpg','蒙砂白花纸\r\n烤低口杯上（7X10CM)\r\n祁县宏艺厂',NULL,'PCS',1008,NULL,'\0',NULL,NULL,NULL,NULL,NULL,'1.产品的颜色、造型、尺寸、重量务必同我司封样一致；\r\n2.工厂免费提供2% 余量，以防损耗，代用包装送至指定工厂；请在外包装上注明相对应的合同号及货号；\r\n3.交期:2012年11月5日；',NULL,'0.30','302.40',NULL,NULL,NULL,NULL,NULL,NULL,NULL,NULL,'\0',10),('20121012111035000009','19','4028817a3af21635013af298dee50024',NULL,2,NULL,'7106-0007','11fb47e2-2c16-40db-8070-dcf97dcc9906.jpg','皇冠+字母 金花纸\r\n烤口杯上（8.2X5.6CM)\r\n祁县宏艺厂',NULL,'PCS',768,NULL,'\0',NULL,NULL,NULL,NULL,NULL,'1.产品的颜色、造型、尺寸、重量务必同我司封样一致；\r\n2.工厂免费提供2% 余量，以防损耗，代用包装送至指定工厂；请在外包装上注明相对应的合同号及货号；\r\n3.交期:2012年11月5日；',NULL,'0.25','192.00',NULL,NULL,NULL,NULL,NULL,NULL,NULL,NULL,'\0',11),('20121012111035000010','19','4028817a3af21635013af298def40026',NULL,2,NULL,'7106-0008','765334a4-38ca-4eb2-8220-21216ae738ca.jpg','皇冠+字母 金花纸\r\n\r\n烤口杯上\r\n祁县宏艺厂',NULL,'PCS',768,NULL,'\0',NULL,NULL,NULL,NULL,NULL,'1.产品的颜色、造型、尺寸、重量务必同我司封样一致；\r\n2.工厂免费提供2% 余量，以防损耗，代用包装送至指定工厂；请在外包装上注明相对应的合同号及货号；\r\n3.交期:2012年11月5日；',NULL,'0.25','192.00',NULL,NULL,NULL,NULL,NULL,NULL,NULL,NULL,'\0',12),('20121012111716000003','19','4028817a3af21635013af29efe370042',NULL,2,NULL,'7102-0001','9f896470-0ed0-43ca-9e65-90e8e0cee7c4.jpg','金花纸，花型见照片\r\n\r\n烤低口杯上（7.8X10CM)\r\n\r\n祁县精艺厂',NULL,'PCS',2016,NULL,'\0',NULL,NULL,NULL,NULL,NULL,'1.产品的颜色、造型、尺寸、重量务必同我司封样一致；\r\n2.工厂免费提供2% 余量，以防损耗，代用包装送至指定工厂；请在外包装上注明相对应的合同号及货号；\r\n3.交期:2012年11月5日；',NULL,'2.70','5443.20',NULL,NULL,NULL,NULL,NULL,NULL,NULL,NULL,'\0',5),('20121012111716000004','19','4028817a3af21635013af29efe370043',NULL,2,NULL,'7102-0002','1c059f66-653b-48e6-a90b-28d4486c0469.jpg','金花纸，花型见照片\r\n烤低口杯上\r\n祁县精艺厂',NULL,'PCS',2016,NULL,'\0',NULL,NULL,NULL,NULL,NULL,'1.产品的颜色、造型、尺寸、重量务必同我司封样一致；\r\n2.工厂免费提供2% 余量，以防损耗，代用包装送至指定工厂；请在外包装上注明相对应的合同号及货号；\r\n3.交期:2012年11月5日；',NULL,'2.70','5443.20',NULL,NULL,NULL,NULL,NULL,NULL,NULL,NULL,'\0',6),('20121012111716000005','19','4028817a3af21635013af29efe370044',NULL,2,NULL,'7102-0011','ebab0e5d-469d-4c5e-af56-d683b57b6aba.jpg','金花纸，花型见照片\r\n烤高口杯上\r\n祁县精艺厂',NULL,'PCS',2016,NULL,'\0',NULL,NULL,NULL,NULL,NULL,'1.产品的颜色、造型、尺寸、重量务必同我司封样一致；\r\n2.工厂免费提供2% 余量，以防损耗，代用包装送至指定工厂；请在外包装上注明相对应的合同号及货号；\r\n3.交期:2012年11月5日；',NULL,'3.50','7056.00',NULL,NULL,NULL,NULL,NULL,NULL,NULL,NULL,'\0',7),('20121012111716000006','19','4028817a3af21635013af29efe08003c',NULL,2,NULL,'7102-0022','b7c90df1-25a3-498e-84dd-da8f367d2ae1.jpg','金花纸，花型见照片\r\n烤高口杯上\r\n祁县精艺厂',NULL,'PCS',1752,NULL,'\0',NULL,NULL,NULL,NULL,NULL,'1.产品的颜色、造型、尺寸、重量务必同我司封样一致；\r\n2.工厂免费提供2% 余量，以防损耗，代用包装送至指定工厂；请在外包装上注明相对应的合同号及货号；\r\n3.交期:2012年11月5日；',NULL,'3.50','6132.00',NULL,NULL,NULL,NULL,NULL,NULL,NULL,NULL,'\0',8),('20121012111716000007','19','4028817a3af21635013af29efe18003d',NULL,2,NULL,'7102-0033','e036ca0c-60f2-443c-9763-4786aa10fccd.jpg','金花纸，花型见照片\r\n烤高口杯上\r\n祁县精艺厂',NULL,'PCS',1512,NULL,'\0',NULL,NULL,NULL,NULL,NULL,'1.产品的颜色、造型、尺寸、重量务必同我司封样一致；\r\n2.工厂免费提供2% 余量，以防损耗，代用包装送至指定工厂；请在外包装上注明相对应的合同号及货号；\r\n3.交期:2012年11月5日；',NULL,'3.50','5292.00',NULL,NULL,NULL,NULL,NULL,NULL,NULL,NULL,'\0',9),('20121026141902000000','19','4028817a3b3a59cd013b3b5e6e0e001c',NULL,2,NULL,'JK0024/JK1104003-D','e28408c1-c443-4b41-b561-93a012688906.jpg','蒙砂花纸，配全明料香槟杯\r\n送祁县宏艺厂',NULL,'PCS',1200,NULL,'\0',NULL,NULL,NULL,NULL,NULL,'1.产品的颜色、造型、尺寸、重量务必同我司封样一致；\r\n2.工厂免费提供2% 余量，以防损耗，代用包装送至指定工厂；请在外包装上注明相对应的合同号及货号；\r\n3.交期:2012年11月20日。',NULL,'0.10','120.00',NULL,NULL,NULL,NULL,NULL,NULL,NULL,NULL,'\0',1),('20121026141902000001','19','4028817a3b3a59cd013b3b5e6dfe001b',NULL,2,NULL,'JK0025/JK1102331-D','244d0435-e05e-4795-993a-446872770c2c.jpg','蒙砂花纸，配全明料酒杯\r\n送祁县宏艺厂',NULL,'PCS',1206,NULL,'\0',NULL,NULL,NULL,NULL,NULL,'1.产品的颜色、造型、尺寸、重量务必同我司封样一致；\r\n2.工厂免费提供2% 余量，以防损耗，代用包装送至指定工厂；请在外包装上注明相对应的合同号及货号；\r\n3.交期:2012年11月20日。',NULL,'0.20','241.20',NULL,NULL,NULL,NULL,NULL,NULL,NULL,NULL,'\0',2),('20121026141902000002','19','4028817a3b3a59cd013b3b5e6e0e001d',NULL,2,NULL,'JK0026/JK1102332-D','0729169a-1bea-4cab-beea-6b020e7099af.jpg','蒙砂花纸，配全明料酒杯\r\n送祁县宏艺厂',NULL,'PCS',1206,NULL,'\0',NULL,NULL,NULL,NULL,NULL,'1.产品的颜色、造型、尺寸、重量务必同我司封样一致；\r\n2.工厂免费提供2% 余量，以防损耗，代用包装送至指定工厂；请在外包装上注明相对应的合同号及货号；\r\n3.交期:2012年11月20日。',NULL,'0.20','241.20',NULL,NULL,NULL,NULL,NULL,NULL,NULL,NULL,'\0',3),('20121026152046000000','4028817a33ecdbf70133ee202e49000b','4028817a3b3a59cd013b3b96f4830035',NULL,4,NULL,'5369','236db500-6d19-460e-afc7-4732067c084f.jpg','全明料小号蛋糕盘粘底座，电镀脏银\r\n尺寸：21X9.5CM高\r\n1只/五层内盒      4只/大箱',NULL,'PCS',600,0,'\0',NULL,NULL,NULL,NULL,NULL,'★   产品与封样无明显差异，唛头、标签及包装质量务必符合公司要求。 \r\n ★★  产品生产前期、中期、后期抽验率不得少于10%，质量和封样一致， \r\n       并将验货照片传回公司。 \r\n★★★ 重点客人的质量标准检验，产品抽验率不得少于50%，务必做到入箱前检查。 \r\n 交期：2012年11月30日/工厂。 没有经过我司同意无故延期交货造成严重后果的，按照客人的相关要求处理。 \r\n 开票：出货后请将增值税发票、验货报告、合同复印件及出库单一并寄至我司，以便我司安排付款。',NULL,'4.50','2700.00',NULL,NULL,NULL,NULL,NULL,NULL,NULL,NULL,'\0',1),('20121026152046000001','4028817a33ecdbf70133ee202e49000b','4028817a3b3a59cd013b3b96f4830036',NULL,4,NULL,'5370','4ab5bf66-455f-4c8a-980b-aa352fb4b7ba.jpg','全明料中号蛋糕盘粘底座，电镀脏银\r\n尺寸：25.5CMX9.5CM高\r\n1只/五层内盒      4只/大箱',NULL,'PCS',600,0,'\0',NULL,NULL,NULL,NULL,NULL,'★   产品与封样无明显差异，唛头、标签及包装质量务必符合公司要求。 \r\n ★★  产品生产前期、中期、后期抽验率不得少于10%，质量和封样一致， \r\n       并将验货照片传回公司。 \r\n★★★ 重点客人的质量标准检验，产品抽验率不得少于50%，务必做到入箱前检查。 \r\n 交期：2012年11月30日/工 ，没有经过我司同意无故延期交货造成严重后果的，按照客人的相关要求处理。 \r\n 开票：出货后请将增值税发票、验货报告、合同复印件及出库单一并寄至我司，以便我司安排付款。',NULL,'5.00','3000.00',NULL,NULL,NULL,NULL,NULL,NULL,NULL,NULL,'\0',2),('20121026152046000002','4028817a33ecdbf70133ee202e49000b','4028817a3b3a59cd013b3b96f4930037',NULL,4,NULL,'5371','a898b1a1-0521-459a-8700-a6418b64ec2b.jpg','全明料大号蛋糕盘粘底座，电镀脏银\r\n尺寸：30.5X10CM高\r\n1只/五层内盒      4只/大箱',NULL,'PCS',600,0,'\0',NULL,NULL,NULL,NULL,NULL,'★   产品与封样无明显差异，唛头、标签及包装质量务必符合公司要求。 \r\n ★★  产品生产前期、中期、后期抽验率不得少于10%，质量和封样一致， \r\n       并将验货照片传回公司。 \r\n★★★ 重点客人的质量标准检验，产品抽验率不得少于50%，务必做到入箱前检查。 \r\n 交期：2012年6月30日/工厂。 没有经过我司同意无故延期交货造成严重后果的，按照客人的相关要求处理。 \r\n 开票：出货后请将增值税发票、验货报告、合同复印件及出库单一并寄至我司，以便我司安排付款。',NULL,'6.20','3720.00',NULL,NULL,NULL,NULL,NULL,NULL,NULL,NULL,'\0',3),('20121026152046000003','4028817a33ecdbf70133ee202e49000b','4028817a3b3a59cd013b3b96f4930038',NULL,4,NULL,'5375','2b9a92d0-d875-4c8c-85e8-f9fba468d60f.jpg','全明料小号蛋糕盘粘底座，电镀脏银\r\n尺寸：20.5X12CM高\r\n1只/五层内盒        4只/大箱',NULL,'PCS',600,0,'\0',NULL,NULL,NULL,NULL,NULL,'★   产品与封样无明显差异，唛头、标签及包装质量务必符合公司要求。 \r\n ★★  产品生产前期、中期、后期抽验率不得少于10%，质量和封样一致， \r\n       并将验货照片传回公司。 \r\n★★★ 重点客人的质量标准检验，产品抽验率不得少于50%，务必做到入箱前检查。 \r\n 交期：2012年11月30日/工厂。 没有经过我司同意无故延期交货造成严重后果的，按照客人的相关要求处理。 \r\n 开票：出货后请将增值税发票、验货报告、合同复印件及出库单一并寄至我司，以便我司安排付款。',NULL,'4.50','2700.00',NULL,NULL,NULL,NULL,NULL,NULL,NULL,NULL,'\0',4),('20121026152046000004','4028817a33ecdbf70133ee202e49000b','4028817a3b3a59cd013b3b96f4930039',NULL,4,NULL,'5376','d59a0731-b413-4378-9720-bf66617a135f.jpg','全明料中号蛋糕盘粘底座，电镀脏银\r\n尺寸：25.5X12.5CM高\r\n1只/五层内盒        4只/大箱',NULL,'PCS',600,0,'\0',NULL,NULL,NULL,NULL,NULL,'★   产品与封样无明显差异，唛头、标签及包装质量务必符合公司要求。 \r\n ★★  产品生产前期、中期、后期抽验率不得少于10%，质量和封样一致， \r\n       并将验货照片传回公司。 \r\n★★★ 重点客人的质量标准检验，产品抽验率不得少于50%，务必做到入箱前检查。 \r\n 交期：2012年11月30人/工厂。 没有经过我司同意无故延期交货造成严重后果的，按照客人的相关要求处理。 \r\n 开票：出货后请将增值税发票、验货报告、合同复印件及出库单一并寄至我司，以便我司安排付款。',NULL,'5.00','3000.00',NULL,NULL,NULL,NULL,NULL,NULL,NULL,NULL,'\0',5),('20121026152046000005','4028817a33ecdbf70133ee202e49000b','4028817a3b3a59cd013b3b96f4830034',NULL,4,NULL,'5377','07a87b8a-5815-435b-bd78-39f3e12f8224.jpg','全明料大号蛋糕盘粘底座，电镀脏银\r\n尺寸：31.5X12.5CM高\r\n1只/五层内盒       4只/大箱',NULL,'PCS',600,0,'\0',NULL,NULL,NULL,NULL,NULL,'★   产品与封样无明显差异，唛头、标签及包装质量务必符合公司要求。 \r\n ★★  产品生产前期、中期、后期抽验率不得少于10%，质量和封样一致， \r\n       并将验货照片传回公司。 \r\n★★★ 重点客人的质量标准检验，产品抽验率不得少于50%，务必做到入箱前检查。 \r\n 交期：2012年11月30日/工厂。  没有经过我司同意无故延期交货造成严重后果的，按照客人的相关要求处理。 \r\n 开票：出货后请将增值税发票、验货报告、合同复印件及出库单一并寄至我司，以便我司安排付款。',NULL,'6.20','3720.00',NULL,NULL,NULL,NULL,NULL,NULL,NULL,NULL,'\0',6),('2012919150602000000','16','4028817a3a714bbf013a77d7cebc002d',NULL,1,NULL,'22298','777e549f-9373-4420-8930-970580f3e572.jpg','白盒			\r\n350克面纸，环保油UV印刷	\r\n配明料果汁缸		\r\n白盒尺寸：43.5X23.5X38.8CM',NULL,'PCS',650,0,'\0',NULL,NULL,NULL,NULL,NULL,'1.彩盒要求350克面纸；\r\n2.工厂待用安全包装。\r\n3.工厂免费提供1%余量，以防划伤，破损；\r\n4.交期:2012年10月10日送文水志远厂。',NULL,'6.10','3965.00',NULL,NULL,NULL,NULL,NULL,NULL,NULL,NULL,'\0',1),('2012919150602000001','21','4028817a3a714bbf013a77d7cebc002d',NULL,3,NULL,'22298','d543b8c4-9f84-4cfa-99ec-abc39bd9fd44.jpg','全包保利龙\r\n配方形糖缸',NULL,'PCS',650,0,'\0',NULL,NULL,NULL,NULL,NULL,'1.产品质量要好，颗粒细小，压制密实，无毛边；\r\n2.工厂待用安全包装，运至指定工厂；\r\n3.交期：2012年10月10日送文水志远厂。',NULL,'6.00','3900.00',NULL,NULL,NULL,NULL,NULL,NULL,NULL,NULL,'\0',2),('4028817a3357462e013359291f540007','16','402881e63d9b1903013d9b4bc75a0012',NULL,1,NULL,'2965','undefined','彩盒，新菲林\r\n配全明料糖缸带盖子\r\n彩盒尺寸：20X20X41CM',NULL,'PCS',144,NULL,'\0',NULL,NULL,NULL,NULL,NULL,'1.彩盒要求350克面纸；\r\n2.工厂待用安全包装，待我司运至工厂；\r\n3.工厂免费提供1%余量，以防划伤，破损；\r\n4.交期:2011年11月05日。',NULL,'3.20','460.80',NULL,NULL,NULL,NULL,NULL,NULL,NULL,NULL,'\0',2),('4028817a3357462e013359291f640008','16','402881e63d9b1903013d9b4bc75a000e',NULL,1,NULL,'2964','','彩盒，新菲林\r\n配全明料糖缸带盖子\r\n彩盒尺寸：22.5X22.5X48.5CM',NULL,'PCS',144,NULL,'\0',NULL,NULL,NULL,NULL,NULL,'1.彩盒要求350克面纸；\r\n2.工厂待用安全包装，待我司运至工厂；\r\n3.工厂免费提供1%余量，以防划伤，破损；\r\n4.交期:2011年11月05日。',NULL,'4.00','576.00',NULL,NULL,NULL,NULL,NULL,NULL,NULL,NULL,'\0',1),('4028817a3357462e013359291f640009','16','402881e63d9b1903013d9b4bc75a000f',NULL,1,NULL,'2976','undefined','彩盒，新菲林\r\n配明料糖缸带盖子\r\n彩盒尺寸：25.7X25.7X35.7CM',NULL,'PCS',144,NULL,'\0',NULL,NULL,NULL,NULL,NULL,'1.彩盒要求350克面纸；\r\n2.工厂待用安全包装，待我司运至工厂；\r\n3.工厂免费提供1%余量，以防划伤，破损；\r\n4.交期:2011年11月05日。',NULL,'3.90','561.60',NULL,NULL,NULL,NULL,NULL,NULL,NULL,NULL,'\0',4),('4028817a3357462e013359291f64000a','16','402881e63d9b1903013d9b4bc75a000f',NULL,1,NULL,'2976','undefined','彩盒，新菲林\r\n配全明料糖缸带盖子\r\n彩盒尺寸：21.5X21.5X41CM',NULL,'PCS',144,NULL,'\0',NULL,NULL,NULL,NULL,NULL,'1.彩盒要求350克面纸；\r\n2.工厂待用安全包装，待我司运至工厂；\r\n3.工厂免费提供1%余量，以防划伤，破损；\r\n4.交期:2011年11月05日。',NULL,'3.30','475.20',NULL,NULL,NULL,NULL,NULL,NULL,NULL,NULL,'\0',3),('4028817a33ecdbf70133edfc84d40001','19','402881e63d9b1903013d9b4bc75a0010',NULL,2,NULL,'JK1014005','94d2d773-24b6-412e-b0e3-0fc9dddf0955.png','低温鱼花纸\r\n明料低口杯\r\n祁县宏艺厂',NULL,'PCS',1800,NULL,'\0',NULL,NULL,NULL,NULL,NULL,'1.产品的颜色、造型、尺寸、务必同提供的样品一致；\r\n2.工厂免费提供2% 余量，以防损耗，代用包装送至指定工厂；请在外包装上注明相对应的合同号及货号；\r\n3.交期:2011年12月10；',NULL,'1.20','2160.00',NULL,NULL,NULL,NULL,NULL,NULL,NULL,NULL,'\0',4),('4028817a33ecdbf70133edfc84e40002','19','402881e63d9b1903013d9b4bc75a0013',NULL,2,NULL,'JK1080766-3','29bb909d-d527-475d-bfbe-e5e05a02349c.png','套3白花纸\r\n\r\n送祁县宏艺厂',NULL,'SETS',600,NULL,'\0',NULL,NULL,NULL,NULL,NULL,'1.产品的颜色、造型、尺寸、务必同提供的样品一致；\r\n2.工厂免费提供2% 余量，以防损耗，代用包装送至指定工厂；请在外包装上注明相对应的合同号及货号；\r\n3.交期:2011年12月10；',NULL,'0.60','360.00',NULL,NULL,NULL,NULL,NULL,NULL,NULL,NULL,'\0',1),('4028817a33ecdbf70133edfc84e40003','19','402881e63d9b1903013d9b4bc75a0011',NULL,2,NULL,'JK1014006','7be85008-7652-4995-aaca-3ade8405eca9.png','套6彩色花纸\r\n明料低口杯\r\n祁县宏艺厂',NULL,'SETS',300,NULL,'\0',NULL,NULL,NULL,NULL,NULL,'1.产品的颜色、造型、尺寸、务必同提供的样品一致；\r\n2.工厂免费提供2% 余量，以防损耗，代用包装送至指定工厂；请在外包装上注明相对应的合同号及货号；\r\n3.交期:2011年12月10；',NULL,'9.00','2700.00',NULL,NULL,NULL,NULL,NULL,NULL,NULL,NULL,'\0',5),('4028817a33ecdbf70133edfc84e40004','19','402881e63d9b1903013d9b4bc72c000c',NULL,2,NULL,'JK1014001','7a3d341f-f473-44ce-9bd4-c7f2b87343ca.png','低温鱼花纸\r\n明料大碗\r\n送祁县宏艺厂',NULL,'PCS',1000,NULL,'\0',NULL,NULL,NULL,NULL,NULL,'1.产品的颜色、造型、尺寸、务必同提供的样品一致；\r\n2.工厂免费提供2% 余量，以防损耗，代用包装送至指定工厂；请在外包装上注明相对应的合同号及货号；\r\n3.交期:2011年12月10；',NULL,'2.40','2400.00',NULL,NULL,NULL,NULL,NULL,NULL,NULL,NULL,'\0',2),('4028817a33ecdbf70133edfc84e40005','19','402881e63d9b1903013d9b4bc74b000d',NULL,2,NULL,'JK1014003','73980c53-44f6-4232-8c04-9d08a66eeccb.png','低温鱼花纸\r\n明料盘子\r\n\r\n送祁县天顺厂',NULL,'PCS',1200,NULL,'\0',NULL,NULL,NULL,NULL,NULL,'1.产品的颜色、造型、尺寸、务必同提供的样品一致；\r\n2.工厂免费提供2% 余量，以防损耗，代用包装送至指定工厂；请在外包装上注明相对应的合同号及货号；\r\n3.交期:2011年12月10；',NULL,'3.80','4560.00',NULL,NULL,NULL,NULL,NULL,NULL,NULL,NULL,'\0',3),('ff8080813298f1200132992931700006','18','ff80808132ddb21d0132ddb4771a0001',NULL,1,NULL,'JK1080579','','彩盒 \r\n尺寸：23X23X24',NULL,'PCS',600,NULL,'\0',NULL,NULL,NULL,NULL,NULL,'不可划伤',NULL,'2.30','1380.00',NULL,NULL,NULL,NULL,NULL,NULL,NULL,NULL,'\0',2),('ff8080813298f1200132992931700007','18','ff80808132ddb21d0132ddb477490002',NULL,1,NULL,'JK1087578','','彩盒 \r\n尺寸：23X23X24',NULL,'PCS',500,NULL,'\0',NULL,NULL,NULL,NULL,NULL,'不可划伤',NULL,'2.30','1150.00',NULL,NULL,NULL,NULL,NULL,NULL,NULL,NULL,'\0',1);

/*Table structure for table `factory_c` */

DROP TABLE IF EXISTS `factory_c`;

CREATE TABLE `factory_c` (
  `FACTORY_ID` varchar(40) NOT NULL,
  `FULL_NAME` varchar(200) default NULL,
  `FACTORY_NAME` varchar(50) default NULL,
  `CONTACTOR` varchar(30) default NULL,
  `PHONE` varchar(20) default NULL,
  `MOBILE` varchar(20) default NULL,
  `FAX` varchar(20) default NULL,
  `CNOTE` text,
  `INSPECTOR` varchar(30) default NULL,
  `CTYPE` int(11) default NULL COMMENT 'SYS_CODE_B 0103',
  `STATE` char(1) default NULL COMMENT '1正常0停用',
  `ORDER_NO` int(11) default NULL COMMENT '\r\n            ',
  `CREATE_BY` varchar(40) default NULL,
  `CREATE_DEPT` varchar(40) default NULL,
  `CREATE_TIME` datetime default NULL,
  PRIMARY KEY  (`FACTORY_ID`)
) ENGINE=InnoDB DEFAULT CHARSET=utf8;

/*Data for the table `factory_c` */

insert  into `factory_c`(`FACTORY_ID`,`FULL_NAME`,`FACTORY_NAME`,`CONTACTOR`,`PHONE`,`MOBILE`,`FAX`,`CNOTE`,`INSPECTOR`,`CTYPE`,`STATE`,`ORDER_NO`,`CREATE_BY`,`CREATE_DEPT`,`CREATE_TIME`) values ('1','祁县宏艺厂','宏艺','杰诚','0354-5041999','','','','高琴',1,'1',NULL,NULL,NULL,'2011-05-23 11:28:41'),('10','祁县晶晨厂','晶晨','续贵','0354-5271999','','','','吕波',1,'1',NULL,NULL,NULL,'2011-07-16 07:06:24'),('11','祁县浩丰厂','浩丰','建生','0354-524099','','','','吕波',1,'1',NULL,NULL,NULL,'2011-07-16 07:07:11'),('12','平遥远江厂','平遥远江','宏远',NULL,'13935499967',NULL,NULL,NULL,1,'1',NULL,NULL,NULL,'2011-07-16 07:08:34'),('13','平遥鸿艺厂','平遥鸿艺','雄飞','0354-5940888','','','','吕波',1,'1',NULL,NULL,NULL,'2011-07-16 07:09:22'),('15','南皮开发玻璃制品厂','南皮开发','舒东','0317-8863999',NULL,NULL,NULL,NULL,1,'1',NULL,NULL,NULL,'2011-07-16 07:09:25'),('16','陕西康达彩印厂','康达','袁喜','029-84528015',NULL,NULL,NULL,NULL,2,'1',NULL,NULL,NULL,'2011-07-16 07:12:36'),('17','陕西众鑫印务包装有限公司','众鑫','赵毅','029-84341858',NULL,NULL,NULL,NULL,2,'1',NULL,NULL,NULL,'2011-07-16 07:12:42'),('18','翰林彩印厂','翰林','孙财','029-88917456',NULL,NULL,NULL,NULL,2,'1',NULL,NULL,NULL,'2011-07-16 07:13:43'),('19','祁县综艺玻璃花纸厂','综艺花纸','王棕','0354-5278918','','','','',4,'1',NULL,NULL,NULL,'2011-07-16 07:14:14'),('2','祁县光华厂','光华','薛成','0354-5298981','','','','吕波',1,'1',NULL,NULL,NULL,'2011-05-23 11:28:49'),('20','祁县喜福来玻璃加工厂','喜福来','王卫','0354-5328850','','','','',6,'1',NULL,NULL,NULL,'2011-07-16 07:15:30'),('21','祁县美晶泡沫厂','美晶','范长','0354-5071387','','','','',5,'1',NULL,NULL,NULL,'2011-07-16 07:16:12'),('22','祁县瑞成玻璃镀膜厂','瑞成','温明','','13834809374','','','',6,'1',NULL,NULL,NULL,'2011-07-16 07:16:54'),('3','祁县会龙厂','会龙','李伟','0354-5248696','','','','李光',1,'1',NULL,NULL,NULL,'2011-05-23 11:28:56'),('4','祁县精艺厂','精艺','闫强','0354-5047289','','','','高琴',1,'1',NULL,NULL,NULL,'2011-05-23 11:29:03'),('4028817a33d4f8b40133d99621cb0023','祁县海洋厂','升华','刘生','0354-5299987','','','','吕波',1,'1',NULL,'ff80808131301abf0131303ed30a0035','0001001','2011-11-25 15:17:34'),('4028817a33d4f8b40133d9989f5e0024','闻喜民鑫厂','民鑫','李民','0359-7472727','','','','吕波',1,'1',NULL,'ff80808131301abf0131303ed30a0035','0001001','2011-11-25 15:20:17'),('4028817a33de41d80133e982a18a001c','太谷四通PVC厂','太谷PVC','张海','0354-6226591','','','','',3,'1',NULL,'ff80808131301abf0131303ed30a0035','0001001','2011-11-28 17:30:12'),('4028817a33ecdbf70133ee202e49000b','祁县瑞成电镀厂','瑞成电镀厂','温民','13835926900','','','','',6,'1',NULL,'ff80808131301abf0131303ed30a0035','0001001','2011-11-29 15:00:46'),('4028817a34f93be50134f9df84470001','神舟玻璃制品有限公司','神舟厂','申定','0356-3961959','13935672348','0356-3991304','','李光',1,'1',NULL,'ff80808131301abf0131303ed30a0035','0001001','2012-01-20 14:48:22'),('4028817a353b8d8e0135415bf0a90070','陕西宇津进出口有限公司','宇津水龙头厂','任宁','029-62990818','','','','',7,'1',NULL,'ff80808131301abf0131303ed30a0035','0001001','2012-02-03 11:57:18'),('4028817a35e0895e0135ec7a4dbe0087','西安方圆工贸有限公司','西安方圆工贸','许涛','029-86539568','','029-86590565','','',1,'1',NULL,'ff80808131301abf0131303ed30a0035','0001001','2012-03-07 17:25:32'),('4028817a3632e86601363344d16d0001','淄博雷波陶瓷花纸厂','淄博花纸厂','吴璇','0533-5176946','','','','',4,'1',NULL,'ff80808131301abf0131303ed30a0035','0001001','2012-03-21 11:20:09'),('4028817a371a8d7f01372a74451f0068','山西大德成工贸有限公司','铁架厂','高辉','0354-5288919','','','','李光',1,'1',NULL,'001','0','2012-05-08 11:18:11'),('4028817a37583d45013758d152450038','祁县顺驰厂','顺驰','王明','0354-5109398','','','','李光',1,'1',NULL,'001','0','2012-05-17 11:22:22'),('4028817a38024a04013803e3a8a2004b','祁县欣欣泡沫有限公司','祁县欣欣泡沫厂','许杰','0354-3939793','','','','',5,'1',NULL,'001','0','2012-06-19 16:37:27'),('4028817a382b4fd401382b9aad2a0008','祁县仲玉玻璃厂','仲玉','吕军','0354-5018888','','','','李光',1,'1',NULL,'001','0','2012-06-27 09:42:33'),('4028817a38736298013874c51a800036','汇融玻璃有限公司','展鹏厂','厂长','0354-5326986','13834893800','0354-5826197','','李光',1,'1',NULL,'001','0','2012-07-11 14:41:10'),('4028817a389cc7b701389d1efd940001','宇虹包装彩印厂','宇虹包装厂','翟帅','0358-3099923','19033470988','0358-3098183','','',2,'1',NULL,'001','0','2012-07-19 10:44:10'),('4028817a39b2b37f0139b46268c40025','祁县馨艺玻璃厂','馨艺','袁长','0354-5041938','','','','李光',1,'1',NULL,'001','0','2012-09-11 16:11:51'),('4028817a3aa9f950013ab0b6c98d0050','祁县一先厂','一先厂','李刚','0654-9018444','','','','李光',1,'1',NULL,'001','0','2012-10-30 16:08:20'),('4028817a3aa9f950013ab97f64110053','温县致远玻璃制品有限公司','温县致远厂','红升','18936896666','','','','',1,'1',NULL,'001','0','2012-11-01 09:04:24'),('4028817a3abe8f15013ac019a61f0031','祁县喜福来电镀厂','喜福来电镀厂','王卫','0154-5282888','','','','李光',1,'1',NULL,'001','0','2012-11-02 15:50:37'),('4028817a3ae2ac42013ae3550357000d','临潼华清蜡厂','临潼华清蜡厂','吴波','13791903888','','','','',8,'1',NULL,'001','0','2012-11-09 12:02:10'),('5','祁县汇越厂','汇越','建忠','0354-5019656','','','','吕波',1,'1',NULL,NULL,NULL,'2011-05-23 11:29:09'),('6','祁县泰宇厂','泰宇','立东','0354-5299160',NULL,NULL,NULL,NULL,1,'1',NULL,NULL,NULL,'2011-07-16 07:03:14'),('7','祁县天顺厂','天顺','渠海','0354-5299499','','','','李光',1,'1',NULL,NULL,NULL,'2011-07-16 07:04:04'),('8','祁县天诚厂','天诚','庞正','0354-5299539',NULL,NULL,NULL,NULL,1,'1',NULL,NULL,NULL,'2011-07-16 07:05:10'),('9','祁县华艺厂','华艺','史国','0354-5041927','','','','高琴',1,'1',NULL,NULL,NULL,'2011-07-16 07:06:20'),('ff808081301885760130189e47ca0013','文水志远厂','文水志远','志远','0358-3934083','','','','李光',1,'1',NULL,'001','0','2011-05-23 00:51:24');

/*Table structure for table `finance_c` */

DROP TABLE IF EXISTS `finance_c`;

CREATE TABLE `finance_c` (
  `FINANCE_ID` varchar(40) NOT NULL,
  `INPUT_DATE` datetime default NULL,
  `INPUT_BY` varchar(30) default NULL,
  `CREATE_BY` varchar(40) default NULL,
  `CREATE_DEPT` varchar(40) default NULL,
  `CREATE_TIME` datetime default NULL,
  PRIMARY KEY  (`FINANCE_ID`)
) ENGINE=InnoDB DEFAULT CHARSET=utf8;

/*Data for the table `finance_c` */

insert  into `finance_c`(`FINANCE_ID`,`INPUT_DATE`,`INPUT_BY`,`CREATE_BY`,`CREATE_DEPT`,`CREATE_TIME`) values ('402880e73f16f0bf013f1741edfc0002','2013-06-04 00:00:00','制单人',NULL,NULL,NULL);

/*Table structure for table `invoice_c` */

DROP TABLE IF EXISTS `invoice_c`;

CREATE TABLE `invoice_c` (
  `INVOICE_ID` varchar(40) NOT NULL COMMENT 'PACKING_LIST_ID值',
  `SC_NO` varchar(30) default NULL COMMENT 'packing.getExportIds',
  `BL_NO` varchar(30) default NULL,
  `TRADE_TERMS` varchar(30) default NULL,
  `DESCRIPTIONS` varchar(200) default NULL COMMENT '装箱单的描述',
  `CREATE_BY` varchar(40) default NULL,
  `CREATE_DEPT` varchar(40) default NULL,
  `CREATE_TIME` datetime default NULL,
  PRIMARY KEY  (`INVOICE_ID`)
) ENGINE=InnoDB DEFAULT CHARSET=utf8;

/*Data for the table `invoice_c` */

insert  into `invoice_c`(`INVOICE_ID`,`SC_NO`,`BL_NO`,`TRADE_TERMS`,`DESCRIPTIONS`,`CREATE_BY`,`CREATE_DEPT`,`CREATE_TIME`) values ('402880e73f16f0bf013f1741edfc0002','C/2256/12','B/L','贸易条款',NULL,NULL,NULL,NULL),('402880e73f16f0bf013f1758325d0003','C/3817/11,11JK1080,11JK1078','B/L','贸易条款',NULL,NULL,NULL,NULL);

/*Table structure for table `packing_list_c` */

DROP TABLE IF EXISTS `packing_list_c`;

CREATE TABLE `packing_list_c` (
  `PACKING_LIST_ID` varchar(40) NOT NULL,
  `EXPORT_ID` varchar(40) default NULL COMMENT '用扩展字段维护两个的一对多的关系\r\n            EXPORT_IDS',
  `SELLER` varchar(200) default NULL,
  `BUYER` varchar(200) default NULL,
  `INVOICE_NO` varchar(30) default NULL COMMENT '选择',
  `INVOICE_DATE` datetime default NULL,
  `MARKS` varchar(200) default NULL,
  `DESCRIPTIONS` varchar(200) default NULL,
  `EXPORT_IDS` varchar(200) default NULL COMMENT '报运ID集合',
  `EXPORT_NOS` varchar(200) default NULL COMMENT '报运NO集合x,y|z,h',
  `CREATE_BY` varchar(40) default NULL,
  `CREATE_DEPT` varchar(40) default NULL,
  `CREATE_TIME` datetime default NULL,
  PRIMARY KEY  (`PACKING_LIST_ID`)
) ENGINE=InnoDB DEFAULT CHARSET=utf8;

/*Data for the table `packing_list_c` */

insert  into `packing_list_c`(`PACKING_LIST_ID`,`EXPORT_ID`,`SELLER`,`BUYER`,`INVOICE_NO`,`INVOICE_DATE`,`MARKS`,`DESCRIPTIONS`,`EXPORT_IDS`,`EXPORT_NOS`,`CREATE_BY`,`CREATE_DEPT`,`CREATE_TIME`) values ('402880e73f16f0bf013f1741edfc0002',NULL,'INT\'L CO.,LTD.\r\n8-C,JIATENG BUILDING.NO.108\r\nHEPING RO0001','LEE &CO.,LTD\r\nNOS.9-12,17/FL,TOWER 3,\r\nCHINA HONGKONG CITY,\r\n33CANTON ROOWLOON.HK','13JK122','2013-05-26 00:00:00','','','4028817a3b3a59cd013b3b96187b0033','C/2256/12',NULL,NULL,NULL),('402880e73f16f0bf013f1758325d0003',NULL,'INT\'L CO.,LTD.\r\n8-C,JIATENG BUILDING.NO.108\r\nHEPING RO0001','LEE &CO.,LTD\r\nNOS.9-12,17/FL,TOWER 3,\r\nCHINA HONGKONG CITY,\r\n33CANTON ROOWLOON.HK','89','2013-06-10 00:00:00','','','402881e63d9b1903013d9b4bc72c000b','C/3817/11,11JK1080,11JK1078',NULL,NULL,NULL);

/*Table structure for table `shipping_order_c` */

DROP TABLE IF EXISTS `shipping_order_c`;

CREATE TABLE `shipping_order_c` (
  `SHIPPING_ORDER_ID` varchar(40) NOT NULL COMMENT '等于PACKING_LIST_ID',
  `ORDER_TYPE` char(1) default NULL COMMENT '0海运/1空运',
  `SHIPPER` varchar(200) default NULL,
  `CONSIGNEE` varchar(200) default NULL,
  `NOTIFY_PARTY` varchar(200) default NULL,
  `LC_NO` varchar(30) default NULL,
  `PORT_OF_LOADING` varchar(30) default NULL,
  `PORT_OF_TRANS` varchar(30) default NULL,
  `PORT_OF_DISCHARGE` varchar(30) default NULL,
  `LOADING_DATE` datetime default NULL,
  `LIMIT_DATE` datetime default NULL,
  `IS_BATCH` char(1) default NULL COMMENT '1是0否',
  `IS_TRANS` char(1) default NULL COMMENT '1是0否',
  `COPY_NUM` varchar(20) default NULL,
  `CNOTE` varchar(200) default NULL,
  `SPECIAL_CONDITION` varchar(200) default NULL,
  `FREIGHT` varchar(200) default NULL,
  `CHECK_BY` varchar(30) default NULL,
  `CREATE_BY` varchar(40) default NULL,
  `CREATE_DEPT` varchar(40) default NULL,
  `CREATE_TIME` datetime default NULL,
  PRIMARY KEY  (`SHIPPING_ORDER_ID`)
) ENGINE=InnoDB DEFAULT CHARSET=utf8;

/*Data for the table `shipping_order_c` */

insert  into `shipping_order_c`(`SHIPPING_ORDER_ID`,`ORDER_TYPE`,`SHIPPER`,`CONSIGNEE`,`NOTIFY_PARTY`,`LC_NO`,`PORT_OF_LOADING`,`PORT_OF_TRANS`,`PORT_OF_DISCHARGE`,`LOADING_DATE`,`LIMIT_DATE`,`IS_BATCH`,`IS_TRANS`,`COPY_NUM`,`CNOTE`,`SPECIAL_CONDITION`,`FREIGHT`,`CHECK_BY`,`CREATE_BY`,`CREATE_DEPT`,`CREATE_TIME`) values ('402880e73f16f0bf013f1741edfc0002',NULL,'货主','','','','','','','2013-06-12 00:00:00','2013-06-17 00:00:00',NULL,NULL,'',NULL,'','','',NULL,NULL,NULL),('402880e73f16f0bf013f1758325d0003','0','货主：','','','','','','',NULL,NULL,NULL,NULL,'',NULL,'','','',NULL,NULL,NULL);

/*Table structure for table `sys_code_b` */

DROP TABLE IF EXISTS `sys_code_b`;

CREATE TABLE `sys_code_b` (
  `SYS_CODE_ID` varchar(40) NOT NULL,
  `NAME` varchar(100) default NULL,
  `PARENT_ID` varchar(40) default NULL,
  `PARENT_NAME` varchar(100) default NULL,
  `LAYER_NUM` int(11) default NULL,
  `IS_LEAF` char(1) default NULL,
  `ICO` varchar(20) default NULL,
  `STATE` char(1) default NULL,
  `CNOTE` varchar(100) default NULL,
  `QUOTE_NUM` int(11) default NULL,
  `ORDER_NO` int(11) default NULL,
  `CREATED_BY` varchar(40) default NULL,
  `CREATED_TIME` datetime default NULL,
  `UPDATED_BY` varchar(40) default NULL,
  `UPDATED_TIME` datetime default NULL,
  PRIMARY KEY  (`SYS_CODE_ID`)
) ENGINE=InnoDB DEFAULT CHARSET=utf8;

/*Data for the table `sys_code_b` */

insert  into `sys_code_b`(`SYS_CODE_ID`,`NAME`,`PARENT_ID`,`PARENT_NAME`,`LAYER_NUM`,`IS_LEAF`,`ICO`,`STATE`,`CNOTE`,`QUOTE_NUM`,`ORDER_NO`,`CREATED_BY`,`CREATED_TIME`,`UPDATED_BY`,`UPDATED_TIME`) values ('01','系统代码','-1','root',0,'0',NULL,'1',NULL,1,0,NULL,'2010-03-11 09:34:38',NULL,'2010-03-11 09:34:38'),('0101','人员级别','01','系统代码',1,'0','','','',0,1,'001','2011-07-16 07:43:41',NULL,NULL),('010102','管理员','0101','人员级别',2,'1','','','',0,1,'001','2011-07-16 07:44:43',NULL,NULL),('010103','总经理','0101','人员级别',2,'1','','','',0,2,'001','2011-07-16 07:44:43',NULL,NULL),('010104','部门经理','0101','人员级别',2,'1','','','',0,3,'001','2011-07-16 07:44:43','001','2011-07-16 07:44:59'),('010105','组长','0101','人员级别',2,'1','','','',0,4,'001','2011-07-16 07:44:43',NULL,NULL),('010106','员工','0101','人员级别',2,'1','','','',0,5,'001','2011-07-16 07:44:43',NULL,NULL),('0102','栏目','01','系统代码',1,'0','','','',0,2,'001','2011-08-05 15:21:43',NULL,NULL),('010202','新闻报道','0102','栏目',2,'1','','','',0,1,'001','2011-08-05 15:24:17',NULL,NULL),('010203','通知公告','0102','栏目',2,'1','','','',0,2,'001','2011-08-05 15:24:17',NULL,NULL),('010204','公司制度','0102','栏目',2,'1','','','',0,3,'001','2011-08-05 15:24:17',NULL,NULL),('010205','行业报道','0102','栏目',2,'1','','','',0,4,'001','2011-08-05 15:24:17',NULL,NULL),('010206','大事记','0102','栏目',2,'1','','','',0,5,'001','2011-08-05 15:24:17',NULL,NULL),('0103','厂家类型','01','系统代码',1,'0','','','',1,3,'001','2011-08-05 15:21:43','001','2011-10-04 08:13:04'),('010302','玻璃','0103','厂家类型',2,'1','','','',1,1,'001','2011-08-18 16:10:22','001','2011-10-04 08:14:20'),('010303','彩盒','0103','厂家类型',2,'1','','','',1,2,'001','2011-08-18 16:10:22','001','2011-10-04 08:14:20'),('010304','PVC','0103','厂家类型',2,'1','','','',1,3,'001','2012-01-20 15:16:07',NULL,NULL),('010305','花纸','0103','厂家类型',2,'1','','','',1,4,'001','2012-01-20 15:16:07',NULL,NULL),('010306','保丽龙','0103','厂家类型',2,'1','','','',1,5,'001','2012-01-20 15:16:07',NULL,NULL),('010307','电镀','0103','厂家类型',2,'1','','','',1,6,'001','2012-01-20 15:16:07',NULL,NULL),('010308','水龙头','0103','厂家类型',2,'1','','','',1,7,'001','2012-01-20 15:16:07',NULL,NULL),('010309','蜡','0103','厂家类型',2,'1','','','',1,8,'001','2012-11-09 11:59:26',NULL,NULL),('0104','附件类型','01','系统代码',1,'0','','','',1,4,'001','2011-10-04 08:13:04',NULL,NULL),('010402','彩盒','0104','附件类型',2,'1','','1','',1,1,'001','2011-10-04 08:14:10',NULL,NULL),('010403','花纸','0104','附件类型',2,'1','','1','',1,2,'001','2011-10-04 08:14:10',NULL,NULL),('010404','保丽龙','0104','附件类型',2,'1','','1','',1,3,'001','2011-10-04 08:14:10',NULL,NULL),('010405','电镀','0104','附件类型',2,'1',NULL,'1',NULL,1,4,'001','2011-10-04 08:14:11',NULL,'2011-11-26 13:08:59'),('010407','PVC','0104','附件类型',2,'1','','1','',0,6,'001','2011-12-06 12:54:52',NULL,NULL),('010408','喷头','0104','附件类型',2,'1','','1','',0,7,'001','2011-12-06 12:54:52',NULL,NULL),('010409','不锈钢勺子','0104','附件类型',2,'1',NULL,'1',NULL,0,8,'001','2012-04-01 14:24:24',NULL,'2012-04-01 14:24:24');

/*Table structure for table `sys_code_c` */

DROP TABLE IF EXISTS `sys_code_c`;

CREATE TABLE `sys_code_c` (
  `SYS_CODE_ID` varchar(40) NOT NULL,
  `CLASS_CODE_ID` varchar(40) default NULL,
  `NAME` varchar(100) default NULL,
  PRIMARY KEY  (`SYS_CODE_ID`)
) ENGINE=InnoDB DEFAULT CHARSET=utf8;

/*Data for the table `sys_code_c` */

insert  into `sys_code_c`(`SYS_CODE_ID`,`CLASS_CODE_ID`,`NAME`) values ('010302','0103','玻璃'),('010303','0103','彩盒'),('010304','0103','PVC'),('010305','0103','花纸'),('010306','0103','保丽龙'),('010307','0103','电镀'),('010308','0103','水龙头'),('010309','0103','蜡'),('402880e73f08539f013f087dda180005','402880e73f08539f013f085543b60002','玻璃'),('402880e73f08539f013f08960dc60007','402880e73f08539f013f085543b60002','彩盒'),('402880e73f08539f013f0896dc510008','402880e73f08539f013f085543b60002','PVC');

/*Table structure for table `test_table_c` */

DROP TABLE IF EXISTS `test_table_c`;

CREATE TABLE `test_table_c` (
  `id` int(11) NOT NULL auto_increment,
  `NAME` varchar(30) default NULL,
  `create_time` date default NULL,
  `remark` text,
  PRIMARY KEY  (`id`)
) ENGINE=InnoDB AUTO_INCREMENT=3 DEFAULT CHARSET=utf8;

/*Data for the table `test_table_c` */

insert  into `test_table_c`(`id`,`NAME`,`create_time`,`remark`) values (1,'测试Hibernate','2013-06-04','备注Hibernate'),(2,'测试Spring','2013-06-04','备注Spring');

/*!40101 SET SQL_MODE=@OLD_SQL_MODE */;
/*!40014 SET FOREIGN_KEY_CHECKS=@OLD_FOREIGN_KEY_CHECKS */;
/*!40014 SET UNIQUE_CHECKS=@OLD_UNIQUE_CHECKS */;
/*!40111 SET SQL_NOTES=@OLD_SQL_NOTES */;
