DROP TABLE IF EXISTS `ext_eproduct_c`;
DROP TABLE IF EXISTS `export_product_c`;
DROP TABLE IF EXISTS `export_c`;

CREATE TABLE `export_c` (
  `EXPORT_ID` varchar(40) NOT NULL,
  `PACKING_LIST_ID` varchar(40) default NULL,
  `CONTRACT_ID` varchar(40) default NULL,
  `INPUT_DATE` datetime default NULL,
  `CUSTOMER_CONTRACT` varchar(30) default NULL,
  `CONSIGNEE` varchar(100) default NULL,
  `LCNO` varchar(10) default NULL,
  `MARKS` varchar(1000) default NULL,
  `SHIPMENT_PORT` varchar(100) default NULL,
  `DESTINATION_PORT` varchar(100) default NULL,
  `TRANSPORT_MODE` varchar(10) default NULL,
  `PRICE_CONDITION` varchar(10) default NULL,
  `REMARK` varchar(100) default NULL,
  `BOX_NUM` int(11) default NULL,
  `CNUMBER` int(11) default NULL,
  `PACKING_UNIT` varchar(20) default NULL,
  `GROSS_WEIGHT` decimal(10,2) default NULL,
  `NET_WEIGHT` decimal(10,2) default NULL,
  `SIZE_LENGTH` decimal(10,2) default NULL,
  `SIZE_WIDTH` decimal(10,2) default NULL,
  `SIZE_HEIGHT` decimal(10,2) default NULL,
  `CSIZE` decimal(14,6) default NULL,
  `AMOUNT` decimal(10,2) default NULL,
  `NO_TAX` decimal(10,2) default NULL,
  `TAX` decimal(10,2) default NULL,
  `COST_PRICE` decimal(10,2) default NULL,
  `COST_TAX` decimal(10,2) default NULL,
  `STATE` int(11) default NULL,
  `CREATE_BY` varchar(40) default NULL,
  `CREATE_DEPT` varchar(40) default NULL,
  `CREATE_TIME` datetime default NULL,
  `CONTRACT_IDS` varchar(200) default NULL,
  PRIMARY KEY  (`EXPORT_ID`)
) ENGINE=InnoDB DEFAULT CHARSET=utf8;


CREATE TABLE `export_product_c` (
  `EXPORT_PRODUCT_ID` varchar(40) NOT NULL,
  `EXPORT_ID` varchar(40) default NULL,
  `FACTORY_ID` varchar(40) default NULL,
  `CONTRACT_PRODUCT_ID` varchar(40) default NULL,
  `CONTRACT_ID` varchar(40) default NULL,
  `CONTRACT_NO` varchar(20) default NULL,
  `PRODUCT_NAME` varchar(200) default NULL,
  `PRODUCT_NO` varchar(50) default NULL,
  `PRODUCT_IMAGE` varchar(200) default NULL,
  `PRODUCT_DESC` varchar(600) default NULL,
  `LOADING_RATE` varchar(30) default NULL,
  `PACKING_UNIT` varchar(20) default NULL,
  `CNUMBER` int(11) default NULL,
  `OUT_NUMBER` int(11) default NULL,
  `FINISHED` bit(1) default NULL,
  `GROSS_WEIGHT` decimal(10,2) default NULL,
  `NET_WEIGHT` decimal(10,2) default NULL,
  `SIZE_LENGTH` decimal(10,2) default NULL,
  `SIZE_WIDTH` decimal(10,2) default NULL,
  `SIZE_HEIGHT` decimal(10,2) default NULL,
  `PRODUCT_REQUEST` varchar(2000) default NULL,
  `PRICE` decimal(10,2) default NULL,
  `AMOUNT` decimal(10,2) default NULL,
  `CUNIT` varchar(10) default NULL,
  `BOX_NUM` int(11) default NULL,
  `EX_PRICE` decimal(10,2) default NULL,
  `EX_UNIT` varchar(10) default NULL,
  `NO_TAX` decimal(10,2) default NULL,
  `TAX` decimal(10,2) default NULL,
  `COST_PRICE` decimal(10,2) default NULL,
  `COST_TAX` decimal(10,2) default NULL,
  `ACCESSORIES` bit(1) default NULL,
  `ORDER_NO` int(11) default NULL,
  PRIMARY KEY  (`EXPORT_PRODUCT_ID`)
) ENGINE=InnoDB DEFAULT CHARSET=utf8;

CREATE TABLE `ext_eproduct_c` (
  `EXT_EPRODUCT_ID` varchar(40) NOT NULL,
  `FACTORY_ID` varchar(40) default NULL,
  `EXPORT_PRODUCT_ID` varchar(40) default NULL,
  `CONTRACT_PRODUCT_ID` varchar(40) default NULL,
  `CTYPE` int(11) default NULL,
  `PRODUCT_NAME` varchar(200) default NULL,
  `PRODUCT_NO` varchar(50) default NULL,
  `PRODUCT_IMAGE` varchar(200) default NULL,
  `PRODUCT_DESC` varchar(600) default NULL,
  `LOADING_RATE` varchar(30) default NULL,
  `PACKING_UNIT` varchar(10) default NULL,
  `CNUMBER` int(11) default NULL,
  `OUT_NUMBER` int(11) default NULL,
  `FINISHED` bit(1) default NULL,
  `GROSS_WEIGHT` decimal(10,2) default NULL,
  `NET_WEIGHT` decimal(10,2) default NULL,
  `SIZE_LENGTH` decimal(10,2) default NULL,
  `SIZE_WIDTH` decimal(10,2) default NULL,
  `SIZE_HEIGHT` decimal(10,2) default NULL,
  `PRODUCT_REQUEST` varchar(2000) default NULL,
  `FACTORY` varchar(200) default NULL,
  `PRICE` decimal(10,2) default NULL,
  `AMOUNT` decimal(10,2) default NULL,
  `CUNIT` varchar(10) default NULL,
  `BOX_NUM` int(11) default NULL,
  `EX_PRICE` decimal(10,2) default NULL,
  `EX_UNIT` varchar(10) default NULL,
  `NO_TAX` decimal(10,2) default NULL,
  `TAX` decimal(10,2) default NULL,
  `COST_PRICE` decimal(10,2) default NULL,
  `COST_TAX` decimal(10,2) default NULL,
  `ACCESSORIES` bit(1) default NULL,
  `ORDER_NO` int(11) default NULL,
  PRIMARY KEY  (`EXT_EPRODUCT_ID`)
) ENGINE=InnoDB DEFAULT CHARSET=utf8;



insert  into `export_c`(`EXPORT_ID`,`PACKING_LIST_ID`,`CONTRACT_ID`,`INPUT_DATE`,`CUSTOMER_CONTRACT`,`CONSIGNEE`,`LCNO`,`MARKS`,`SHIPMENT_PORT`,`DESTINATION_PORT`,`TRANSPORT_MODE`,`PRICE_CONDITION`,`REMARK`,`BOX_NUM`,`CNUMBER`,`PACKING_UNIT`,`GROSS_WEIGHT`,`NET_WEIGHT`,`SIZE_LENGTH`,`SIZE_WIDTH`,`SIZE_HEIGHT`,`CSIZE`,`AMOUNT`,`NO_TAX`,`TAX`,`COST_PRICE`,`COST_TAX`,`STATE`,`CREATE_BY`,`CREATE_DEPT`,`CREATE_TIME`,`CONTRACT_IDS`) values ('4028817a384511ae0138464c953f000b',NULL,NULL,'2012-07-02 00:00:00','12JK1061','BRISSI CONTEMPORARY LIVING','T/T','BRISSI','XINGANG','FELIXSTOWE','SEA','FOB','7月5日货好',319,3906,'P\'KGS','2046.50','52.00',NULL,NULL,NULL,'16.231320',NULL,NULL,NULL,NULL,NULL,5,'ff80808131301abf0131303fe2e40038','0001002','2012-07-03 16:06:45','4028817a371562cf01371747709a0022'),('4028817a387362980138738ab18c0001',NULL,NULL,'2012-07-11 00:00:00','12JK1039','PALDINOX','T/T','PALDINOX','XINGANG','ASHDOD','SEA','FOB','7月23日货好',1233,7024,'P\'KGS','8754.50','92.50',NULL,NULL,NULL,'52.044840',NULL,NULL,NULL,NULL,NULL,5,'ff80808131301abf0131303fe2e40038','0001002','2012-07-11 09:07:11','4028817a371a8d7f01372a6e236b0059'),('4028817a387db33d01387faba0180013',NULL,NULL,'2012-07-13 00:00:00','C/1655/12','BEAKIE LEE','T/T','MARMAXX','XINGANG','LOS ANGELES','SEA','FOB','',567,3402,'PCS','4494.00','90.00',NULL,NULL,NULL,'33.192369',NULL,NULL,NULL,NULL,NULL,5,'ff80808131301abf0131303fe2e40038','0001002','2012-07-13 17:34:52','4028817a3790d06f013792b094da001b'),('4028817a38fe72b00139002e9811000e',NULL,NULL,'2012-08-07 00:00:00','12JK1062','BRISSI','T/T','BRISSI','XINGANG',NULL,'SEA','','9月15日货好',433,5136,'PCS','2799.50','58.50',NULL,NULL,NULL,'24.684044',NULL,NULL,NULL,NULL,NULL,5,'ff80808131301abf0131303fe2e40038','0001002','2012-09-10 16:44:45','4028817a371562cf0137174b533b002f'),('4028817a399492a20139951fbe440002',NULL,NULL,'2012-09-05 00:00:00','C/1743/12','BEAKIE LEE','T/T','TJX','XINGANG','LOS ANGELES','SEA','FOB','',3100,12000,'PCS','19075.00','45.00',NULL,NULL,NULL,'237.503100',NULL,NULL,NULL,NULL,NULL,5,'ff80808131301abf0131303fe2e40038','0001002','2012-09-05 14:39:56','4028817a37aa9d700137aae555030006'),('4028817a399492a2013995aaef23001d',NULL,NULL,'2012-09-05 00:00:00','018273','CIRCLE','T/T','CIRCLE','XINGANG','NEWARK','SEA','FOB','20号验货',1796,21552,'PCS','8282.00','30.00',NULL,NULL,NULL,'56.603616',NULL,NULL,NULL,NULL,NULL,5,'ff80808131301abf0131303fe2e40038','0001002','2012-09-05 17:06:49','4028817a387362980138751919fa0057'),('4028817a3a714bbf013a77d70ea8002c',NULL,NULL,'2012-10-19 00:00:00','C/2192/12','BEAKIE LEE','T/T','GSA','XINGANG',NULL,'SEA','FOB','',324,648,'PCS','3888.00','10.00',NULL,NULL,NULL,'29.950965',NULL,NULL,NULL,NULL,NULL,5,'ff80808131301abf0131303fe2e40038','0001002','2012-11-07 09:48:31','4028817a39ad8b950139af09b42f000e'),('4028817a3add7a3b013ade8e067e000b',NULL,NULL,'2012-11-08 00:00:00','12JK1081','BRISSI','T/T','BRISSI','XINGANG',NULL,'SEA','FOB','',374,5006,'P\'KGS','2607.50','82.50',NULL,NULL,NULL,'20.580933',NULL,NULL,NULL,NULL,NULL,4,'ff80808131301abf0131303fe2e40038','0001002','2012-11-21 17:28:21','4028817a39bcfe9f0139be8f8ac2000c'),('4028817a3af21635013af27be5b80001',NULL,NULL,'2012-11-12 00:00:00','101204','KISS THAT FROG','T/T','','XINGANG','OAKLAND','SEA','FOB','升华厂12月5号\r\n会龙厂11月13号',1407,29212,'PCS','11781.50','117.50',NULL,NULL,NULL,'51.873531',NULL,NULL,NULL,NULL,NULL,3,'ff80808131301abf01313040e6b7003b','0001003','2012-11-14 10:31:28','4028817a39227b17013924437cb7000a,4028817a39dbdfca0139dc98f58c000a'),('4028817a3b06ac0c013b06c618710001',NULL,NULL,'2012-11-16 00:00:00','12JK1089','SEPTEMBER MOON','T/T','','XINGANG','SHIMIZU','SEA','FOB','23号货好',250,1800,'SETS','1950.00','17.50',NULL,NULL,NULL,'16.702675',NULL,NULL,NULL,NULL,NULL,4,'ff80808131301abf0131303fe2e40038','0001002','2012-11-16 09:14:38','4028817a39facfc90139fb6f6c160001'),('4028817a3b1b4a71013b1bafd5580002',NULL,NULL,'2012-11-20 00:00:00','C/1995/12','BEAKIE LEE','T/T','','XINGANG',NULL,'SEA','FOB','',600,1200,'SETS','4800.00','6.00',NULL,NULL,NULL,'41.514000',NULL,NULL,NULL,NULL,NULL,0,'ff80808131301abf0131303fe2e40038','0001002','2012-11-20 10:41:10','4028817a387362980138741de87f0014'),('4028817a3b3a59cd013b3b5bbd94001a',NULL,NULL,'2012-11-26 00:00:00','671112','BTC','T/T','','XINGANG','SANTOS','SEA','FOB','',145,475,'SETS','864.00','92.00',NULL,NULL,NULL,'7.769791',NULL,NULL,NULL,NULL,NULL,4,'ff80808131301abf01313040e6b7003b','0001003','2012-11-26 14:19:20','4028817a3aa9f950013aab27e2010010'),('4028817a3b3a59cd013b3b96187b0033',NULL,NULL,'2012-11-26 00:00:00','C/2256/12','BEAKIE LEE','T/T','HOME','XINGANG',NULL,'SEA','FOB','12月5日货好',900,3600,'PCS','5100.00','22.00',NULL,NULL,NULL,'39.694500',NULL,NULL,NULL,NULL,NULL,1,'ff80808131301abf0131303fe2e40038','0001002','2012-11-26 15:21:33','4028817a3a670a6f013a68766d460001'),('4028817a3b3a59cd013b3ba084c1003a',NULL,NULL,'2012-11-26 00:00:00','404058','@ HOME','T/T','@HOME','XINGANG',NULL,'SEA','FOB','货已好==',100,2400,'PCS','950.00','7.50',NULL,NULL,NULL,'4.597875',NULL,NULL,NULL,NULL,NULL,1,'ff8080813d00613e013d006644a60003','0001','2013-03-17 00:41:36','4028817a39991fae01399ad24e5a0027'),('402881e63d9b1903013d9b4bc72c000b',NULL,NULL,'2013-03-05 00:00:00','C/3817/11,11JK1080,11JK1078','人及地址','T/T','唛头','装运港',NULL,'AIR','价格条','备注',NULL,NULL,NULL,NULL,NULL,NULL,NULL,NULL,NULL,NULL,NULL,NULL,NULL,NULL,1,NULL,NULL,NULL,NULL);

insert  into `export_product_c`(`EXPORT_PRODUCT_ID`,`EXPORT_ID`,`FACTORY_ID`,`CONTRACT_PRODUCT_ID`,`CONTRACT_ID`,`CONTRACT_NO`,`PRODUCT_NAME`,`PRODUCT_NO`,`PRODUCT_IMAGE`,`PRODUCT_DESC`,`LOADING_RATE`,`PACKING_UNIT`,`CNUMBER`,`OUT_NUMBER`,`FINISHED`,`GROSS_WEIGHT`,`NET_WEIGHT`,`SIZE_LENGTH`,`SIZE_WIDTH`,`SIZE_HEIGHT`,`PRODUCT_REQUEST`,`PRICE`,`AMOUNT`,`CUNIT`,`BOX_NUM`,`EX_PRICE`,`EX_UNIT`,`NO_TAX`,`TAX`,`COST_PRICE`,`COST_TAX`,`ACCESSORIES`,`ORDER_NO`) values ('4028817a384511ae0138464db620000c','4028817a384511ae0138464c953f000b','2','4028817a371562cf0137174770aa0029','4028817a371562cf01371747709a0022','12JK1061',NULL,'JK1050317/12006','','全明料糖缸配明料盖子，糖缸刻交叉麦穗花\r\n尺寸：10.5X14CM高\r\n1只/五层内盒         12只/大箱\r\n大箱尺寸：59.5X40X21.5CM 如果实际的大箱尺寸超过我司提供的尺寸请提前通知我司。否则产生的后果由贵司承担','1/12','PCS',180,0,'\0','9.00','7.00','44.50','30.00','38.50',NULL,NULL,'374.40',NULL,15,'2.08',NULL,NULL,'11.00',NULL,NULL,'\0',7),('4028817a384511ae0138464db620000d','4028817a384511ae0138464c953f000b','4028817a33d4f8b40133d99621cb0023','4028817a371562cf0137174770aa0028','4028817a371562cf01371747709a0022','12JK1061',NULL,'JK1050195DECAL B/12859','496f37a8-9804-49fc-b09b-8573d054e8df.jpg','全明料香槟杯		\r\n距口部1.5CM烤蒙砂白花纸	\r\n尺寸：8X21CM高		\r\n4只/五层内盒       16只/大箱	\r\n花纸我司供\r\n大箱尺寸：43.5X42.5X27CM  如果实际的大箱尺寸超过我司提供的尺寸请提前通知我司。否则产生的后果由贵司承担','4/16','PCS',400,0,'\0','6.00','4.00','38.00','38.00','25.00',NULL,NULL,'480.00',NULL,25,'1.20',NULL,NULL,'6.00',NULL,NULL,'\0',6),('4028817a384511ae0138464db630000e','4028817a384511ae0138464c953f000b','2','4028817a371562cf0137174770aa0024','4028817a371562cf01371747709a0022','12JK1061',NULL,'JK1050201/12078','a92aa87c-c719-4c40-a59a-449a135f764b.jpg','全明料蛋糕罩配盘子,罩子上烤蒙砂白花纸		\r\n盘子尺寸：16X13CM高		\r\n罩子尺寸：15X11.5CM高		\r\n全高：22CM  花纸我司供	\r\n1套/上下保利龙垫/五层内盒	\r\n6套/大箱  保利龙垫工厂供\r\n大箱尺寸：如果实际的大箱尺寸超过我司提供的尺寸请提前通知我司。否则产生的后果由贵司承担','1/6','SETS',600,0,'\0','7.00','5.00','63.00','43.00','25.00',NULL,NULL,'2244.00',NULL,100,'3.74',NULL,NULL,'18.00',NULL,NULL,'\0',2),('4028817a384511ae0138464db630000f','4028817a384511ae0138464c953f000b','4028817a33d4f8b40133d99621cb0023','4028817a371562cf0137174770aa002d','4028817a371562cf01371747709a0022','12JK1061',NULL,'JK1050198/12860','','全明料酒杯，烤蒙砂白花纸\r\n尺寸：11X19CM高\r\n4只/五层内盒        16只/大箱\r\n大箱尺寸：54X53X24.5CM   如果实际的大箱尺寸超过我司提供的尺寸请提前通知我司。否则产生的后果由贵司承担','4/16','PCS',304,0,'\0','6.00','4.00','49.00','25.00','45.00',NULL,NULL,'389.12',NULL,19,'1.28',NULL,NULL,'6.50',NULL,NULL,'\0',11),('4028817a384511ae0138464db6300010','4028817a384511ae0138464c953f000b','15','4028817a371562cf01371747709a0023','4028817a371562cf01371747709a0022','12JK1061',NULL,'JK0329001/13078','','全明料转棱酒杯\r\n尺寸：9.5X18.5CM高\r\n4只/内盒       16只/大箱\r\n大箱尺寸：45X44X23.5CM    如果实际的大箱尺寸超过我司提供的尺寸请提前通知我司。否则产生的后果由贵司承担','4/16','PCS',400,0,'\0','4.00','2.00','43.00','23.00','42.00',NULL,NULL,'700.00',NULL,25,'1.75',NULL,NULL,'9.80',NULL,NULL,'\0',1),('4028817a384511ae0138464db6300011','4028817a384511ae0138464c953f000b','2','4028817a371562cf0137174770aa0026','4028817a371562cf01371747709a0022','12JK1061',NULL,'JK1050316/12005','','全明料糖缸配明料盖子，糖缸刻交叉麦穗花\r\n尺寸：15X15CM高\r\n1只/五层内盒      6只/大箱\r\n大箱尺寸：44.5X30X38.5CM  如果实际的大箱尺寸超过我司提供的尺寸请提前通知我司。否则产生的后果由贵司承担','1/6','PCS',150,0,'\0','9.50','7.50','59.50','40.00','21.50',NULL,NULL,'433.50',NULL,25,'2.89',NULL,NULL,'14.00',NULL,NULL,'\0',4),('4028817a384511ae0138464db6300012','4028817a384511ae0138464c953f000b','15','4028817a371562cf0137174770aa002b','4028817a371562cf01371747709a0022','12JK1061',NULL,'JK0329002/13268','','全明料竖棱香槟杯\r\n尺寸：6.5X24.5CM高\r\n4只/内盒       16只/大箱\r\n大箱尺寸：37X36X29.5CM   如果实际的大箱尺寸超过我司提供的尺寸请提前通知我司。否则产生的后果由贵司承担','4/16','PCS',256,0,'\0','4.00','2.00','37.00','37.00','28.00',NULL,NULL,'483.84',NULL,16,'1.89',NULL,NULL,'10.60',NULL,NULL,'\0',9),('4028817a384511ae0138464db6300013','4028817a384511ae0138464c953f000b','2','4028817a371562cf0137174770aa002a','4028817a371562cf01371747709a0022','12JK1061',NULL,'JK103233/11301','','全明料糖缸带盖子，刻钻石描亮油\r\n尺寸：11X30.5CM高\r\n1只/五层内盒         12只/大箱\r\n大箱尺寸：57.5X43X30CM  如果实际的大箱尺寸超过我司提供的尺寸请提前通知我司。否则产生的后果由贵司承担','1/12','PCS',168,0,'\0','10.00','8.00','61.00','46.00','30.00',NULL,NULL,'591.36',NULL,14,'3.52',NULL,NULL,'18.00',NULL,NULL,'\0',8),('4028817a384511ae0138464db6300014','4028817a384511ae0138464c953f000b','4028817a33d4f8b40133d99621cb0023','4028817a371562cf0137174770aa002c','4028817a371562cf01371747709a0022','12JK1061',NULL,'JK1060019/11990','','全明料密直棱低口杯，棱效果要明显\r\n尺寸：9X10.5CM  \r\n4只/五层内盒           24只/大箱\r\n大箱尺寸：如果实际的大箱尺寸超过我司提供的尺寸请提前通知我司。否则产生的后果由贵司承担','4/24','PCS',504,0,'\0','7.00','5.00','63.00','22.00','27.00',NULL,NULL,'504.00',NULL,21,'1.00',NULL,NULL,'5.00',NULL,NULL,'\0',10),('4028817a384511ae0138464db6300015','4028817a384511ae0138464c953f000b','4028817a33d4f8b40133d99621cb0023','4028817a371562cf0137174770aa0027','4028817a371562cf01371747709a0022','12JK1061',NULL,'JK103136/11988','2c293f64-0310-4cfa-b607-81fd28cfe359.jpg','明料密直棱酒杯，底厚要求5MM	\r\n尺寸：9X17.5CM高		\r\n4只/五层内盒     16只/五层大箱	\r\n直棱要强，棱的宽带要尽量保持一致\r\n大箱尺寸：49X48X23.5CM   如果实际的大箱尺寸超过我司提供的尺寸请提前通知我司。否则产生的后果由贵司承担','4/16','PCS',304,0,'\0','6.00','4.00','42.00','21.00','41.00',NULL,NULL,'358.72',NULL,19,'1.18',NULL,NULL,'6.30',NULL,NULL,'\0',5),('4028817a384511ae0138464db6300016','4028817a384511ae0138464c953f000b','15','4028817a371562cf0137174770aa0025','4028817a371562cf01371747709a0022','12JK1061',NULL,'JK0329003/13269','','全明料竖棱低口杯\r\n尺寸：9X8.5CM高\r\n4只/内盒           48只/大箱\r\n大箱尺寸：64X43X25CM   如果实际的大箱尺寸超过我司提供的尺寸请提前通知我司。否则产生的后果由贵司承担','4/48','PCS',480,0,'\0','3.50','1.50','41.00','21.00','22.00',NULL,NULL,'480.00',NULL,30,'1.00',NULL,NULL,'5.60',NULL,NULL,'\0',3),('4028817a384511ae0138464db6300017','4028817a384511ae0138464c953f000b','15','4028817a371562cf0137174770aa002e','4028817a371562cf01371747709a0022','12JK1061',NULL,'JK1040158/12068','','明料灯宫细转棱蜡台\r\n尺寸：6X26CM高\r\n4只/内盒          16只/大箱\r\n大箱尺寸：48X48X31CM   如果实际的大箱尺寸超过我司提供的尺寸请提前通知我司。否则产生的后果由贵司承担','4/16','PCS',160,0,'\0','4.00','2.00','45.00','45.00','29.00',NULL,NULL,'291.20',NULL,10,'1.82',NULL,NULL,'9.70',NULL,NULL,'\0',12),('4028817a387362980138738e5ddb0002','4028817a387362980138738ab18c0001','7','4028817a371a8d7f01372a6e237b0061','4028817a371a8d7f01372a6e236b0059','12JK1039',NULL,'JK3600010/JK010','','全明料上翻裙边蛋糕盘粘底座\r\n尺寸：32X14.5CM高\r\n1只/白盒          2只/大箱\r\n大箱尺寸：37X36X36CM    大箱的实际尺寸和我司要求的不一致，请及时通知我司，否则产生的后果由贵厂承担。','1/2','PCS',600,0,'\0','5.00','3.00','35.00','34.00','33.00',NULL,NULL,'2250.00',NULL,300,'3.75',NULL,NULL,'14.00',NULL,NULL,'\0',13),('4028817a387362980138738e5dea0003','4028817a387362980138738ab18c0001','4','4028817a371a8d7f01372a6e237b0060','4028817a371a8d7f01372a6e236b0059','12JK1039',NULL,'JK103136/JK136','','套6明料明料密直棱白酒杯\r\n尺寸：9X17.5CM高\r\n1套/白盒           2套/大箱\r\n大箱尺寸：42X31X21.5CM    大箱的实际尺寸如果和我司要求的不一致，请及时通知我司，否则产生的后果由贵厂承担。','1/2','SETS',120,0,'\0','4.50','2.50','41.00','31.00','21.00',NULL,NULL,'786.00',NULL,60,'6.55',NULL,NULL,'30.00',NULL,NULL,'\0',7),('4028817a387362980138738e5dea0004','4028817a387362980138738ab18c0001','4','4028817a371a8d7f01372a6e237b0063','4028817a371a8d7f01372a6e236b0059','12JK1039',NULL,'JK1050930/JK930','','套6密直棱高口杯，棱要明显\r\n尺寸：8.5X13CM高\r\n1套/白盒            4套/大箱\r\n大箱尺寸：40X29X32CM     大箱的实际尺寸如果和我司要求的不一致，请及时通知我司，否则产生的后果由贵厂承担。','1/4','SETS',180,0,'\0','7.00','5.00','40.00','30.00','33.00',NULL,NULL,'946.80',NULL,45,'5.26',NULL,NULL,'27.00',NULL,NULL,'\0',6),('4028817a387362980138738e5dfa0005','4028817a387362980138738ab18c0001','4','4028817a371a8d7f01372a6e237b005b','4028817a371a8d7f01372a6e236b0059','12JK1039',NULL,'JK1040042/JK042','','套6高口杯，口杯刻麦穗花\r\n尺寸：8X12CM高\r\n1套/白盒          8套/大箱\r\n大箱尺寸;55X37X30CM   大箱的实际尺寸和我司要求的不一致，请及时通知我司，否则产生的后果由贵厂承担。','1/8','SETS',184,0,'\0','11.50','9.50','55.00','37.00','30.00',NULL,NULL,'1072.72',NULL,23,'5.83',NULL,NULL,'28.80',NULL,NULL,'\0',4),('4028817a387362980138738e5dfa0006','4028817a387362980138738ab18c0001','7','4028817a371a8d7f01372a6e237b0064','4028817a371a8d7f01372a6e236b0059','12JK1039',NULL,'JK3600009/JK009','','全明料上翻裙边蛋糕盘粘底座\r\n尺寸：22X13CM高\r\n1只/白盒          4只/大箱\r\n大箱尺寸：49X26X33CM   大箱的实际尺寸和我司要求的不一致，请及时通知我司，否则产生的后果由贵厂承担。','1/4','PCS',600,0,'\0','6.00','4.00','50.00','26.00','30.00',NULL,NULL,'1500.00',NULL,150,'2.50',NULL,NULL,'10.00',NULL,NULL,'\0',12),('4028817a387362980138738e5dfa0007','4028817a387362980138738ab18c0001','2','4028817a371a8d7f01372a6e237b0065','4028817a371a8d7f01372a6e236b0059','12JK1039',NULL,'JK1050317/JK317C','','全明料糖缸带明料盖子，糖缸刻交叉麦穗花\r\n尺寸：10.5X14CM 高\r\n1只/白盒              12只/大箱\r\n大箱尺寸：42X28X35CM ,大箱的实际尺寸和我司要求的不一致，请提前通知我司，否则产生的后果由贵厂承担。','1/12','PCS',600,0,'\0','13.00','11.00','42.00','28.00','35.00',NULL,NULL,'1350.00',NULL,50,'2.25',NULL,NULL,'10.80',NULL,NULL,'\0',2),('4028817a387362980138738e5e0a0008','4028817a387362980138738ab18c0001','7','4028817a371a8d7f01372a6e237b0066','4028817a371a8d7f01372a6e236b0059','12JK1039',NULL,'JK103956-P/JK956/1','','全明料长方形钻石盘\r\n尺寸：33X13.5X1.5CM\r\n4只/白盒              24只/大箱\r\n大箱尺寸：37X31X28CM   大箱的实际尺寸和我司要求的不一样，请及时通知我司，否则产生的后果由贵厂承担。','4/24','PCS',720,0,'\0','21.00','19.00','31.00','23.00','37.00',NULL,NULL,'1576.80',NULL,30,'2.19',NULL,NULL,'9.00',NULL,NULL,'\0',3),('4028817a387362980138738e5e0a0009','4028817a387362980138738ab18c0001','4','4028817a371a8d7f01372a6e237b005c','4028817a371a8d7f01372a6e236b0059','12JK1039',NULL,'JK4110029/JK029','','套6海蓝色竖棱低口杯\r\n尺寸：9X9.5CM\r\n1套/白盒           4套/大箱','1/4','SETS',300,0,'\0','6.00','4.00','42.00','32.00','24.00',NULL,NULL,'1680.00',NULL,75,'5.60',NULL,NULL,'27.00',NULL,NULL,'\0',9),('4028817a387362980138738e5e19000a','4028817a387362980138738ab18c0001','4','4028817a371a8d7f01372a6e237b0067','4028817a371a8d7f01372a6e236b0059','12JK1039',NULL,'JK4100007/JK007','','全明料水升，口部刻麦穗花\r\n尺寸：13X22CM高\r\n1只/白盒           6只/大箱\r\n大箱尺寸：51X35X27CM   大箱的实际尺寸和我司要求的不一致，请及时通知我司，否则产生的后果由贵厂承担。','1/6','PCS',480,0,'\0','4.00','2.00','50.00','35.00','27.00',NULL,NULL,'1728.00',NULL,80,'3.60',NULL,NULL,'16.50',NULL,NULL,'\0',11),('4028817a387362980138738e5e19000b','4028817a387362980138738ab18c0001','2','4028817a371a8d7f01372a6e237b005f','4028817a371a8d7f01372a6e236b0059','12JK1039',NULL,'JK1050316/JK316C','','全明料糖缸带明料盖子，糖缸刻交叉麦穗花\r\n尺寸：15X15CM高\r\n1只/白盒              6只/大箱\r\n大箱尺寸：57X38X20CM  大箱的实际尺寸和我司要求的不一致，请提前通知我司，否则产生的后果由贵厂承担。','1/6','PCS',600,0,'\0','12.00','10.00','57.00','38.00','20.00',NULL,NULL,'1830.00',NULL,100,'3.05',NULL,NULL,'13.80',NULL,NULL,'\0',1),('4028817a387362980138738e5e29000c','4028817a387362980138738ab18c0001','4','4028817a371a8d7f01372a6e237b005e','4028817a371a8d7f01372a6e236b0059','12JK1039',NULL,'JK4410026/JK026','','海蓝色宽竖棱死模水升\r\n尺寸：11X23CM高\r\n1只/白盒          4只/大箱\r\n大箱尺寸：44X43X28CM    大箱的实际尺寸和我司要求的不一致，请及时通知我司。','1/4','PCS',480,0,'\0','4.00','2.00','42.00','42.00','27.00',NULL,NULL,'1800.00',NULL,120,'3.75',NULL,NULL,'17.00',NULL,NULL,'\0',8),('4028817a387362980138738e5e29000d','4028817a387362980138738ab18c0001','4028817a371a8d7f01372a74451f0068','4028817a371a8d7f01372a762df40069','4028817a371a8d7f01372a6e236b0059','12JK1039',NULL,'JK103209/JK209K','','电镀铁架\r\n配2层打孔钻石盘','1/12','PCS',600,0,'\0',NULL,NULL,NULL,NULL,NULL,NULL,NULL,'3120.00',NULL,50,NULL,NULL,NULL,'5.20',NULL,NULL,'\0',15),('4028817a387362980138738e5e29000e','4028817a387362980138738ab18c0001','9','4028817a371a8d7f01372a6e237b005d','4028817a371a8d7f01372a6e236b0059','12JK1039',NULL,'JK103209/JK209K','','全明料2层蛋糕盘，打孔配铁架\r\n尺寸：21/14CMX2.5CM\r\n1套/内盒           12套/大箱\r\n大箱尺寸：46.5X32X25CM   大箱的实际尺寸和我司要求的不一致，请及时通知我司，否则产生的后果由贵厂承担。','1/12','SETS',600,0,'\0','10.00','8.00','40.00','25.00','48.00',NULL,NULL,'1530.00',NULL,50,'2.55',NULL,NULL,'8.00',NULL,NULL,'\0',14),('4028817a387362980138738e5e29000f','4028817a387362980138738ab18c0001','4','4028817a371a8d7f01372a6e236b005a','4028817a371a8d7f01372a6e236b0059','12JK1039',NULL,'JK4110096/JK096','','套6海蓝色死模疙瘩高口杯\r\n尺寸：8.5X14.5CM高\r\n1套/白盒          4套/大箱\r\n大箱尺寸：60X41X19.5CM高    大箱的实际尺寸和我司要求的不一致，请及时通知我司，否则产生的后果由贵厂承担。','1/4','SETS',240,0,'\0','7.00','5.00','40.00','30.00','33.00',NULL,NULL,'1428.00',NULL,60,'5.95',NULL,NULL,'28.80',NULL,NULL,'\0',10),('4028817a387362980138738e5e290010','4028817a387362980138738ab18c0001','7','4028817a371a8d7f01372a6e237b0062','4028817a371a8d7f01372a6e236b0059','12JK1039',NULL,'JK956-1 FOOTED/JK956R','','全明料长方形钻石盘粘方底座\r\n尺寸：33X13.5X10.5CM高\r\n1只/五层内盒       8只/大箱\r\n大箱尺寸：69X30X25CM   大箱的实际尺寸和我司要求的不一致，请及时通知我司，否则产生的后果由贵厂承担。','1/8','PCS',720,0,'\0','9.50','7.50','64.00','37.00','27.00',NULL,NULL,'2088.00',NULL,90,'2.90',NULL,NULL,'15.00',NULL,NULL,'\0',5),('4028817a387db33d01387fad4d1c0014','4028817a387db33d01387faba0180013','4028817a33d4f8b40133d9989f5e0024','4028817a3790d06f013792b094da0023','4028817a3790d06f013792b094da001b','C/1655/12',NULL,'6556','ba19d9b4-cea1-496a-9f48-3726ecdbd84c.jpg','全明料冰花风灯，内镀花银外喷紫色渐变色\r\n尺寸：15.3X19.5CM高\r\n1只/内盒               6只/大箱','1/6','PCS',210,0,'\0','11.00','9.00','51.00','34.00','24.00',NULL,NULL,'493.50',NULL,35,'2.35',NULL,NULL,'12.50',NULL,NULL,'\0',2),('4028817a387db33d01387fad4d2c0015','4028817a387db33d01387faba0180013','4028817a37583d45013758d152450038','4028817a3790d06f013792b7b8ea0029','4028817a3790d06f013792b094da001b','C/1655/12',NULL,'6672','0a9e4746-6f74-4613-aeb5-691929f1f590.jpg','全明料麻花挺风灯，杯碗电镀喷钴蓝色\r\n电镀我司安排\r\n尺寸：35CM高\r\n1只/五层内盒       6只/大箱','1/6','PCS',252,0,'\0','7.00','5.00','53.00','35.00','44.50',NULL,NULL,'768.60',NULL,42,'3.05',NULL,NULL,'13.80',NULL,NULL,'\0',15),('4028817a387db33d01387fad4d2c0016','4028817a387db33d01387faba0180013','4028817a37583d45013758d152450038','4028817a3790d06f013792b7b8ea002a','4028817a3790d06f013792b094da001b','C/1655/12',NULL,'6664','96f82312-e5ed-4367-807c-5a5a118f2a04.jpg','全明料麻花挺风灯，杯碗电镀喷紫色\r\n电镀喷色我司安排\r\n尺寸：35CM高\r\n1只/五层内盒         6只/大箱','1/6','PCS',252,0,'\0','7.00','5.00','53.00','35.00','44.50',NULL,NULL,'768.60',NULL,42,'3.05',NULL,NULL,'13.80',NULL,NULL,'\0',14),('4028817a387db33d01387fad4d3b0017','4028817a387db33d01387faba0180013','4028817a37583d45013758d152450038','4028817a3790d06f013792b094da0021','4028817a3790d06f013792b094da001b','C/1655/12',NULL,'6648','0377f1fa-f92c-44b5-bea2-8c17095641a2.jpg','全明料菱形块图案风灯，麻花挺，杯碗电镀喷琥珀色\r\n电镀我司安排\r\n尺寸：14X35CM高\r\n1只/五层内盒          6只/大箱','1/6','PCS',252,0,'\0','7.00','5.00','56.00','37.00','44.50',NULL,NULL,'768.60',NULL,42,'3.05',NULL,NULL,'13.80',NULL,NULL,'\0',10),('4028817a387db33d01387fad4d3b0018','4028817a387db33d01387faba0180013','4028817a37583d45013758d152450038','4028817a3790d06f013792b094da001e','4028817a3790d06f013792b094da001b','C/1655/12',NULL,'6650','a1488e51-c8c5-410f-a7b3-842d4b6f660c.jpg','全明料菱形块图案风灯，麻花挺，杯碗电镀喷紫色\r\n电镀喷色我司安排\r\n尺寸：14X35CM高\r\n1只/五层内盒       6只/大箱','1/6','PCS',252,0,'\0','7.00','5.00','56.00','37.00','44.50',NULL,NULL,'768.60',NULL,42,'3.05',NULL,NULL,'13.80',NULL,NULL,'\0',11),('4028817a387db33d01387fad4d4b0019','4028817a387db33d01387faba0180013','4028817a37583d45013758d152450038','4028817a3790d06f013792b094da0026','4028817a3790d06f013792b094da001b','C/1655/12',NULL,'6652','7cee6feb-0f65-465b-b39e-f1bd6c9a1e66.jpg','全明料菱形块图案风灯，麻花挺，杯碗电镀喷钴蓝色\r\n电镀喷色我司安排\r\n尺寸：14X35CM高\r\n1只/内盒           6只/大箱','1/6','PCS',252,0,'\0','7.00','5.00','56.00','37.00','44.50',NULL,NULL,'768.60',NULL,42,'3.05',NULL,NULL,'13.80',NULL,NULL,'\0',12),('4028817a387db33d01387fad4d4b001a','4028817a387db33d01387faba0180013','4028817a37583d45013758d152450038','4028817a3790d06f013792b094da0027','4028817a3790d06f013792b094da001b','C/1655/12',NULL,'6655','156a71be-3726-4c1f-acc7-32d6eae35bf2.jpg','全明料麻花挺风灯，杯碗电镀喷琥珀色\r\n电镀喷色我司安排\r\n尺寸：35CM高\r\n1只/五层内盒         6只/大箱','1/6','PCS',252,0,'\0','7.00','5.00','53.00','35.00','44.50',NULL,NULL,'768.60',NULL,42,'3.05',NULL,NULL,'13.80',NULL,NULL,'\0',13),('4028817a387db33d01387fad4d4b001b','4028817a387db33d01387faba0180013','4028817a33d4f8b40133d9989f5e0024','4028817a3790d06f013792b094da0024','4028817a3790d06f013792b094da001b','C/1655/12',NULL,'6559','7c49c542-6ac7-4e02-8bca-8fa36e00732e.jpg','全明料冰花风灯，内镀花银外喷钴蓝色渐变色\r\n尺寸：15.3X19.5CM高\r\n1只/内盒               6只/大箱','1/6','PCS',210,0,'\0','11.00','9.00','51.00','34.00','24.00',NULL,NULL,'493.50',NULL,35,'2.35',NULL,NULL,'12.50',NULL,NULL,'\0',3),('4028817a387db33d01387fad4d4b001c','4028817a387db33d01387faba0180013','4028817a33d4f8b40133d9989f5e0024','4028817a3790d06f013792b094da0022','4028817a3790d06f013792b094da001b','C/1655/12',NULL,'6644','bd9fde02-a7c4-41a7-b909-4f4ad1132366.jpg','全明料半冰花糖缸配盖子，内镀花银外喷紫色渐变色\r\n尺寸：9.5X29CM高\r\n1只/内盒           6只/大箱','1/6','PCS',210,0,'\0','8.00','6.00','40.00','27.00','30.00',NULL,NULL,'619.50',NULL,35,'2.95',NULL,NULL,'16.50',NULL,NULL,'\0',8),('4028817a387db33d01387fad4d4b001d','4028817a387db33d01387faba0180013','4028817a33d4f8b40133d9989f5e0024','4028817a3790d06f013792b094da0020','4028817a3790d06f013792b094da001b','C/1655/12',NULL,'6600','252586f6-c12d-4702-af8b-1ecd256ae946.jpg','全明料半冰花糖缸配盖子，内镀花银外喷琥珀渐变色\r\n尺寸：8.3X24CM高\r\n1只/内盒               6只/大箱','1/6','PCS',210,0,'\0','7.00','5.00','45.00','30.00','24.00',NULL,NULL,'546.00',NULL,35,'2.60',NULL,NULL,'14.50',NULL,NULL,'\0',4),('4028817a387db33d01387fad4d4b001e','4028817a387db33d01387faba0180013','4028817a33d4f8b40133d9989f5e0024','4028817a3790d06f013792b094da0028','4028817a3790d06f013792b094da001b','C/1655/12',NULL,'6641','5d10824f-617d-485c-b844-98a1af93b295.jpg','全明料半冰花糖缸配盖子，内镀花银外喷钴蓝色渐变色\r\n尺寸：8.3X24CM高\r\n1只/内盒           6只/大箱','1/6','PCS',210,0,'\0','7.00','5.00','45.00','30.00','24.00',NULL,NULL,'546.00',NULL,35,'2.60',NULL,NULL,'14.50',NULL,NULL,'\0',6),('4028817a387db33d01387fad4d4b001f','4028817a387db33d01387faba0180013','4028817a33d4f8b40133d9989f5e0024','4028817a3790d06f013792b094da001f','4028817a3790d06f013792b094da001b','C/1655/12',NULL,'6555','dba477fd-59af-4466-8af1-1dcbb0131253.jpg','全明料冰花风灯，内镀花银外喷琥珀渐变色\r\n尺寸：15.3X19.5CM高\r\n1只/内盒           6只/大箱','1/6','PCS',210,0,'\0','11.00','9.00','51.00','34.00','24.00',NULL,NULL,'493.50',NULL,35,'2.35',NULL,NULL,'12.50',NULL,NULL,'\0',1),('4028817a387db33d01387fad4d4b0020','4028817a387db33d01387faba0180013','4028817a33d4f8b40133d9989f5e0024','4028817a3790d06f013792b094da001d','4028817a3790d06f013792b094da001b','C/1655/12',NULL,'6609','ada340dc-4089-4803-8561-f31f2a14e8d2.jpg','全明料半冰花糖缸喷盖子，内镀花银外喷紫色渐变色\r\n尺寸：8.3X24CM高\r\n1只/内盒                6只/大箱','1/6','PCS',210,0,'\0','7.00','5.00','45.00','30.00','24.00',NULL,NULL,'546.00',NULL,35,'2.60',NULL,NULL,'14.50',NULL,NULL,'\0',5),('4028817a387db33d01387fad4d4b0021','4028817a387db33d01387faba0180013','4028817a33d4f8b40133d9989f5e0024','4028817a3790d06f013792b094da001c','4028817a3790d06f013792b094da001b','C/1655/12',NULL,'6643','e419e4ab-a271-4b87-9fb5-ef97bf42cc72.jpg','全明料半冰花糖缸配盖子，内镀花银外喷琥珀渐变色\r\n尺寸：9.5X29CM高\r\n1只/内盒           6只/大箱','1/6','PCS',210,0,'\0','8.00','6.00','40.00','27.00','30.00',NULL,NULL,'619.50',NULL,35,'2.95',NULL,NULL,'16.50',NULL,NULL,'\0',7),('4028817a387db33d01387fad4d4b0022','4028817a387db33d01387faba0180013','4028817a33d4f8b40133d9989f5e0024','4028817a3790d06f013792b094da0025','4028817a3790d06f013792b094da001b','C/1655/12',NULL,'6646','f154ae39-907d-4782-9f02-86ad19905673.jpg','全明料半冰花糖缸配盖子，内镀花银外喷钴蓝色渐变色\r\n尺寸：9.5X29CM高\r\n1只/内盒           6只/大箱','1/6','PCS',210,0,'\0','8.00','6.00','40.00','27.00','30.00',NULL,NULL,'619.50',NULL,35,'2.95',NULL,NULL,'16.50',NULL,NULL,'\0',9),('4028817a38fe72b00139003062bf000f','4028817a38fe72b00139002e9811000e','2','4028817a371562cf0137174b533b0036','4028817a371562cf0137174b533b002f','12JK1062',NULL,'JK1050316/12005','undefined','全明料糖缸配盖子，糖缸刻交叉麦穗花\r\n尺寸：15X15CM高\r\n1只/五层内盒        6只/大箱\r\n大箱尺寸：44.5X30X38.5CM    如果实际的大箱尺寸超过我司提供的尺寸请提前通知我司。否则产生的后果由贵司承担','1/6','PCS',216,0,'\0','9.50','7.50','57.00','40.00','21.50',NULL,NULL,'624.24',NULL,36,'2.89',NULL,NULL,'12.50',NULL,NULL,'\0',2),('4028817a38fe72b00139003064460010','4028817a38fe72b00139002e9811000e','4','4028817a371562cf0137174b533b0033','4028817a371562cf0137174b533b002f','12JK1062',NULL,'JK1070040/12786','','全明料低口杯，烤蒙砂白花纸\r\n尺寸：9X10.5CM高\r\n4只/五层内盒          24只/大箱\r\n大箱尺寸：64X22X29CM    如果实际的大箱尺寸超过我司提供的尺寸请提前通知我司。否则产生的后果由贵司承担','4/24','PCS',600,0,'\0','7.50','5.50','64.50','22.00','29.00',NULL,NULL,'618.00',NULL,25,'1.03',NULL,NULL,'4.30',NULL,NULL,'\0',10),('4028817a38fe72b00139003064460011','4028817a38fe72b00139002e9811000e','4028817a33d4f8b40133d99621cb0023','4028817a371562cf0137174b533b0037','4028817a371562cf0137174b533b002f','12JK1062',NULL,'JK1050198/12860','','全明料酒杯，烤蒙砂白花纸\r\n尺寸：11X19CM高\r\n4只/五层内盒        16只/大箱\r\n大箱尺寸：54X53X24.5CM   如果实际的大箱尺寸超过我司提供的尺寸请提前通知我司。否则产生的后果由贵司承担','4/16','PCS',240,0,'\0','6.00','4.00','49.00','25.00','45.00',NULL,NULL,'307.20',NULL,15,'1.28',NULL,NULL,'6.50',NULL,NULL,'\0',9),('4028817a38fe72b00139003064460012','4028817a38fe72b00139002e9811000e','4028817a33d4f8b40133d99621cb0023','4028817a371562cf0137174b533b0030','4028817a371562cf0137174b533b002f','12JK1062',NULL,'JK103822/11999','','全明料粗实挺底气泡白酒杯\r\n尺寸：8.5X20CM高\r\n4只/五层内盒     24只/大箱\r\n大箱尺寸：64X42X25CM    如果实际的大箱尺寸超过我司提供的尺寸请提前通知我司。否则产生的后果由贵司承担','4/24','PCS',456,0,'\0','8.00','6.00','58.00','39.00','24.00',NULL,NULL,'715.92',NULL,19,'1.57',NULL,NULL,'8.50',NULL,NULL,'\0',4),('4028817a38fe72b00139003064460013','4028817a38fe72b00139002e9811000e','2','4028817a371562cf0137174b533b0035','4028817a371562cf0137174b533b002f','12JK1062',NULL,'JK1060185/12062','','全明料斜口壶，口部磨口抛光\r\n尺寸：7.5X25.5CM高\r\n1只/五层内盒        4只/大箱\r\n大箱尺寸：48.5X47.5X31CM   如果实际的大箱尺寸超过我司提供的尺寸请提前通知我司。否则产生的后果由贵司承担','1/4','PCS',612,0,'\0','6.00','4.00','47.00','46.00','30.50',NULL,NULL,'1566.72',NULL,153,'2.56',NULL,NULL,'12.30',NULL,NULL,'\0',7),('4028817a38fe72b00139003064460014','4028817a38fe72b00139002e9811000e','15','4028817a371562cf0137174b533b0038','4028817a371562cf0137174b533b002f','12JK1062',NULL,'JK1040158/12068','','明料灯宫细转棱蜡台\r\n尺寸：6X26CM高\r\n4只/内盒          16只/大箱\r\n大箱尺寸：48X48X31CM   如果实际的大箱尺寸超过我司提供的尺寸请提前通知我司。否则产生的后果由贵司承担','4/16','PCS',336,0,'\0','4.00','2.00','45.00','45.00','29.00',NULL,NULL,'611.52',NULL,21,'1.82',NULL,NULL,'9.70',NULL,NULL,'\0',8),('4028817a38fe72b00139003064460015','4028817a38fe72b00139002e9811000e','1','4028817a371562cf0137174b533b0032','4028817a371562cf0137174b533b002f','12JK1062',NULL,'JK1050154/11308','','全明料香槟杯\r\n尺寸：5X29CM高\r\n4只/五层内盒         16只/大箱\r\n大箱尺寸：38X37X33CM  如果实际的大箱尺寸超过我司提供的尺寸请提前通知我司。否则产生的后果由贵司承担','4/16','PCS',736,0,'\0','5.00','3.00','36.00','35.00','34.00',NULL,NULL,'1104.00',NULL,46,'1.50',NULL,NULL,'8.00',NULL,NULL,'\0',5),('4028817a38fe72b00139003064460016','4028817a38fe72b00139002e9811000e','2','4028817a371562cf0137174b533b0034','4028817a371562cf0137174b533b002f','12JK1062',NULL,'JK1050317/12006','','全明料糖缸配明料盖子，糖缸刻交叉麦穗花\r\n尺寸：10.5X14CM高\r\n1只/五层内盒         12只/大箱\r\n大箱尺寸：59.5X40X21.5CM 如果实际的大箱尺寸超过我司提供的尺寸请提前通知我司。否则产生的后果由贵司承担','1/12','PCS',300,0,'\0','9.00','7.00','44.50','30.00','38.50',NULL,NULL,'624.00',NULL,25,'2.08',NULL,NULL,'11.00',NULL,NULL,'\0',3),('4028817a38fe72b00139003064460017','4028817a38fe72b00139002e9811000e','2','4028817a371562cf0137174b533b003a','4028817a371562cf0137174b533b002f','12JK1062',NULL,'JK103233/11301','','全明料糖缸带盖子，刻钻石描亮油\r\n尺寸：11X30.5CM高\r\n1只/五层内盒         12只/大箱\r\n大箱尺寸：57.5X43X30CM  如果实际的大箱尺寸超过我司提供的尺寸请提前通知我司。否则产生的后果由贵司承担','1/12','PCS',168,0,'\0','10.00','8.00','61.00','46.00','30.00',NULL,NULL,'591.36',NULL,14,'3.52',NULL,NULL,'18.00',NULL,NULL,'\0',1),('4028817a38fe72b00139003064460018','4028817a38fe72b00139002e9811000e','4028817a33d4f8b40133d99621cb0023','4028817a371562cf0137174b533b003b','4028817a371562cf0137174b533b002f','12JK1062',NULL,'JK1060019/11990','','全明料密直棱低口杯，棱效果要明显\r\n尺寸：9X10.5CM  \r\n4只/五层内盒           24只/大箱\r\n大箱尺寸：如果实际的大箱尺寸超过我司提供的尺寸请提前通知我司。否则产生的后果由贵司承担','4/24','PCS',624,0,'\0','7.00','5.00','63.00','22.00','27.00',NULL,NULL,'624.00',NULL,26,'1.00',NULL,NULL,'5.00',NULL,NULL,'\0',12),('4028817a38fe72b00139003064460019','4028817a38fe72b00139002e9811000e','4028817a33d4f8b40133d99621cb0023','4028817a371562cf0137174b533b0039','4028817a371562cf0137174b533b002f','12JK1062',NULL,'JK103136/11988','','全明料密直棱酒杯，直棱效果要明显，棱的宽带要保持一致\r\n尺寸：9X17.5CM高\r\n4只/五层内盒          16只/大箱\r\n大箱尺寸：49X48X23.5CM高    如果实际的大箱尺寸超过我司提供的尺寸请提前通知我司。否则产生的后果由贵司承担','4/16','PCS',112,0,'\0','6.00','4.00','42.00','21.00','41.00',NULL,NULL,'132.16',NULL,7,'1.18',NULL,NULL,'6.30',NULL,NULL,'\0',11),('4028817a38fe72b0013900306446001a','4028817a38fe72b00139002e9811000e','1','4028817a371562cf0137174b533b0031','4028817a371562cf0137174b533b002f','12JK1062',NULL,'JK1050068/11314','','全明料马丁尼，口部描1CM白金边\r\n尺寸：12X19CM高\r\n4只/五层内盒      16只/大箱\r\n大箱尺寸：54X53X25CM  如果实际的大箱尺寸超过我司提供的尺寸请提前通知我司。否则产生的后果由贵司承担','4/16','PCS',736,0,'\0','4.50','2.50','52.00','51.00','25.00',NULL,NULL,'1619.20',NULL,46,'2.20',NULL,NULL,'12.00',NULL,NULL,'\0',6),('4028817a399492a2013995235f480003','4028817a399492a20139951fbe440002','2','4028817a37aa9d700137aae55503000b','4028817a37aa9d700137aae555030006','C/1743/12',NULL,'1125','8181ab2b-40f6-4940-a95f-d00499526439.jpg','全明料糖缸，刻麦穗花和竖道\r\n尺寸：8X18\"高\r\n1只/上中下保丽龙垫/内盒    2只/大箱\r\n保丽龙垫工厂供','1/2','PCS',1200,0,'\0','6.00','4.00','55.00','27.50','49.50',NULL,NULL,'7320.00',NULL,600,'6.10',NULL,NULL,'30.00',NULL,NULL,'\0',1),('4028817a399492a2013995235f580004','4028817a399492a20139951fbe440002','1','4028817a37aa9d700137aae55503000d','4028817a37aa9d700137aae555030006','C/1743/12',NULL,'7297','f07d275d-7933-4951-9bca-f0366841e7e9.jpg','全明料麻花挺风灯，杯碗电镀喷红色\r\n电镀喷色我司安排\r\n尺寸：35CM高\r\n1只/内盒           6只/大箱','1/6','PCS',1200,0,'\0','6.50','4.50','60.00','39.00','39.00',NULL,NULL,'3660.00',NULL,200,'3.05',NULL,NULL,'14.00',NULL,NULL,'\0',7),('4028817a399492a2013995235f580005','4028817a399492a20139951fbe440002','1','4028817a37aa9d700137aae55503000f','4028817a37aa9d700137aae555030006','C/1743/12',NULL,'7298','176df9c7-7fe4-4ba1-a7c9-8fc2b28629bd.jpg','全明料麻花挺风灯，杯碗电镀\r\n电镀我司安排\r\n尺寸：35CM高\r\n1只/内盒         6只/大箱','1/6','PCS',1800,0,'\0','6.50','4.50','60.00','39.00','39.00',NULL,NULL,'5490.00',NULL,300,'3.05',NULL,NULL,'14.00',NULL,NULL,'\0',8),('4028817a399492a2013995235f580006','4028817a399492a20139951fbe440002','1','4028817a37aa9d700137aae55503000c','4028817a37aa9d700137aae555030006','C/1743/12',NULL,'7299','1357ae56-32e5-421d-b008-b0cc77847f58.jpg','全明料麻花挺风灯，杯碗电镀喷红色\r\n电镀我司安排\r\n尺寸：35CM高\r\n1只/内盒          6只/大箱','1/6','PCS',1200,0,'\0','7.50','5.50','57.00','38.00','39.00',NULL,NULL,'3660.00',NULL,200,'3.05',NULL,NULL,'14.00',NULL,NULL,'\0',9),('4028817a399492a2013995235f670007','4028817a399492a20139951fbe440002','1','4028817a37aa9d700137aae555030007','4028817a37aa9d700137aae555030006','C/1743/12',NULL,'7373','923e19c8-fc2b-4b24-bf12-04932ceeda22.jpg','全明料麻花挺风灯，杯碗电镀\r\n电镀我司安排\r\n尺寸：35CM高\r\n1只/内盒          6只/大箱','1/6','PCS',1800,0,'\0','7.50','5.50','57.00','38.00','39.00',NULL,NULL,'5490.00',NULL,300,'3.05',NULL,NULL,'14.00',NULL,NULL,'\0',10),('4028817a399492a2013995235f670008','4028817a399492a20139951fbe440002','7','4028817a37aa9d700137aae55503000e','4028817a37aa9d700137aae555030006','C/1743/12',NULL,'7048','e37aef04-fa0a-453f-8a01-3264aa0dd50a.jpg','全明料带底座蛋糕盘，喷珠光喷金色\r\n尺寸：32X13.3CM\r\n1只/五层内盒        4只/大箱','1/4','PCS',900,0,'\0','7.00','5.00','69.00','35.00','32.00',NULL,NULL,'3465.00',NULL,225,'3.85',NULL,NULL,'20.00',NULL,NULL,'\0',6),('4028817a399492a2013995235f670009','4028817a399492a20139951fbe440002','7','4028817a37aa9d700137aae55503000a','4028817a37aa9d700137aae555030006','C/1743/12',NULL,'7038','2770a193-10b1-46f8-aa8b-c45f2a2f759c.jpg','全明料带底座蛋糕盘，喷珠光喷金色喷漆\r\n尺寸：30.5X10CM高\r\n1只/五层内盒        4只/大箱','1/4','PCS',900,0,'\0','6.00','4.00','67.00','34.00','26.00',NULL,NULL,'3465.00',NULL,225,'3.85',NULL,NULL,'20.00',NULL,NULL,'\0',3),('4028817a399492a2013995235f67000a','4028817a399492a20139951fbe440002','7','4028817a37aa9d700137aae555030009','4028817a37aa9d700137aae555030006','C/1743/12',NULL,'7041','f1bcee01-dd80-4a7e-8e1c-6c6d774bbb44.jpg','全明料带底座珠珠盘，喷珠光喷银色喷漆\r\n尺寸：32.5X11.5CM高\r\n1只/五层内盒        4只/大箱','1/4','PCS',900,0,'\0','7.00','5.00','71.00','37.00','30.00',NULL,NULL,'3690.00',NULL,225,'4.10',NULL,NULL,'20.00',NULL,NULL,'\0',4),('4028817a399492a2013995235f67000b','4028817a399492a20139951fbe440002','7','4028817a37aa9d700137aae555030008','4028817a37aa9d700137aae555030006','C/1743/12',NULL,'7044','edc620da-39bc-42e9-9873-573c818bef04.jpg','全明料带底座珠珠盘，喷珠光喷红色喷漆\r\n尺寸：32.5X11.5CM高\r\n1只/五层内盒         4只/大箱','1/4','PCS',900,0,'\0','7.00','5.00','71.00','37.00','30.00',NULL,NULL,'3690.00',NULL,225,'4.10',NULL,NULL,'20.00',NULL,NULL,'\0',5),('4028817a399492a2013995235f67000c','4028817a399492a20139951fbe440002','2','4028817a37aa9d700137aae555030010','4028817a37aa9d700137aae555030006','C/1743/12',NULL,'1126','b8f49fa6-4c9b-48d9-96a7-44a77bf5d092.jpg','全明料糖缸，刻麦穗花和竖道\r\n尺寸：9-3/4\"X19.25\"高\r\n1只/上中下保丽龙垫/内盒    2只/大箱\r\n保丽龙垫工厂供','1/2','PCS',1200,0,'\0','4.00','2.00','49.00','24.50','53.50',NULL,NULL,'4980.00',NULL,600,'4.15',NULL,NULL,'20.00',NULL,NULL,'\0',2),('4028817a399492a2013995acf1ba001e','4028817a399492a2013995aaef23001d','4','4028817a387362980138751919fa0059','4028817a387362980138751919fa0057','018273',NULL,'04587','ce3db5e3-031f-4ded-8053-37baa6970793.jpg','湖绿色碗明料挺底水杯\r\n尺寸：11X18CM高\r\n重量不低于230G\r\n4只/内盒         12只/大箱','4/12','PCS',2196,0,'\0','4.50','2.50','65.00','24.00','20.00',NULL,NULL,'2086.20',NULL,183,'0.95',NULL,NULL,'5.00',NULL,NULL,'\0',8),('4028817a399492a2013995acf1c9001f','4028817a399492a2013995aaef23001d','4','4028817a387362980138751919fa0058','4028817a387362980138751919fa0057','018273',NULL,'04585','d3c5169e-6367-4561-a8ae-23d9103a6a60.jpg','琥珀色碗明料挺底疙瘩水杯\r\n尺寸：11X18CM高\r\n重量不低于230G\r\n4只/内盒         12只/大箱','4/12','PCS',2196,0,'\0','4.50','2.50','65.00','24.00','20.00',NULL,NULL,'2086.20',NULL,183,'0.95',NULL,NULL,'5.00',NULL,NULL,'\0',6),('4028817a399492a2013995acf1c90020','4028817a399492a2013995aaef23001d','4','4028817a387362980138751919fa005f','4028817a387362980138751919fa0057','018273',NULL,'04590','49de792a-1936-4603-8d0e-d3d43726ca76.jpg','橄榄绿色碗明料挺底疙瘩冰淇淋碗\r\n尺寸：10.5X10CM高\r\n重量不低于190G\r\n4只/内盒        12只/大箱','4/12','PCS',996,0,'\0','4.00','2.00','24.00','23.00','37.00',NULL,NULL,'946.20',NULL,83,'0.95',NULL,NULL,'5.00',NULL,NULL,'\0',11),('4028817a399492a2013995acf1c90021','4028817a399492a2013995aaef23001d','4','4028817a387362980138751919fa005b','4028817a387362980138751919fa0057','018273',NULL,'04582','b3c1122e-dade-43eb-b3e4-6b6443f89c45.jpg','橄榄绿碗明料挺底疙瘩酒杯\r\n尺寸：11X20CM高\r\n重量不低于240G\r\n4只/内盒         12只/大箱','4/12','PCS',2196,0,'\0','5.00','3.00','64.00','24.00','24.00',NULL,NULL,'2086.20',NULL,183,'0.95',NULL,NULL,'5.00',NULL,NULL,'\0',3),('4028817a399492a2013995acf1c90022','4028817a399492a2013995aaef23001d','4','4028817a387362980138751919fa005c','4028817a387362980138751919fa0057','018273',NULL,'04586','80a4519e-4828-46e5-962e-e765c7293548.jpg','橄榄绿碗明料挺底疙瘩水杯\r\n尺寸：11X18CM高\r\n重量不低于230G\r\n4只/内盒         12只/大箱','4/12','PCS',2196,0,'\0','4.50','2.50','65.00','24.00','20.00',NULL,NULL,'2086.20',NULL,183,'0.95',NULL,NULL,'5.00',NULL,NULL,'\0',7),('4028817a399492a2013995acf1c90023','4028817a399492a2013995aaef23001d','4','4028817a387362980138751919fa0063','4028817a387362980138751919fa0057','018273',NULL,'04583','3c3d3f51-93c9-4eb3-a72a-d673222fb651.jpg','湖绿色碗明料挺底疙瘩酒杯\r\n尺寸：11X20CM高\r\n重量不低于240G\r\n4只/内盒         12只/大箱','4/12','PCS',2196,0,'\0','5.00','3.00','64.00','24.00','24.00',NULL,NULL,'2086.20',NULL,183,'0.95',NULL,NULL,'5.00',NULL,NULL,'\0',4),('4028817a399492a2013995acf1c90024','4028817a399492a2013995aaef23001d','4','4028817a387362980138751919fa0060','4028817a387362980138751919fa0057','018273',NULL,'04581','1abd670e-b2ac-4837-b6d8-a410d112128e.jpg','琥珀色碗明料挺底疙瘩酒杯\r\n尺寸;11X20CM高\r\n重量不低于240G\r\n4只/内盒         12只/大箱','4/12','PCS',2196,0,'\0','5.00','3.00','64.00','24.00','24.00',NULL,NULL,'2086.20',NULL,183,'0.95',NULL,NULL,'5.00',NULL,NULL,'\0',2),('4028817a399492a2013995acf1c90025','4028817a399492a2013995aaef23001d','4','4028817a387362980138751919fa005e','4028817a387362980138751919fa0057','018273',NULL,'04584','ac5babda-c440-4ac2-a2a1-b7079b9c3e32.jpg','紫罗兰色碗明料挺底疙瘩水杯\r\n尺寸：11X18CM高\r\n重量不低于230G\r\n4只/内盒         12只/大箱','4/12','PCS',2196,0,'\0','4.50','2.50','65.00','24.00','20.00',NULL,NULL,'2086.20',NULL,183,'0.95',NULL,NULL,'5.00',NULL,NULL,'\0',5),('4028817a399492a2013995acf1c90026','4028817a399492a2013995aaef23001d','4','4028817a387362980138751919fa005d','4028817a387362980138751919fa0057','018273',NULL,'04591','dac6f79f-2852-4c30-ac7d-49c9e5fc36e1.jpg','湖绿色碗明料挺底疙瘩冰淇淋碗\r\n尺寸：10.5X10CM高\r\n重量不低于190G\r\n4只/内盒        12只/大箱','4/12','PCS',996,0,'\0','4.00','2.00','24.00','23.00','37.00',NULL,NULL,'946.20',NULL,83,'0.95',NULL,NULL,'5.00',NULL,NULL,'\0',12),('4028817a399492a2013995acf1c90027','4028817a399492a2013995aaef23001d','4','4028817a387362980138751919fa005a','4028817a387362980138751919fa0057','018273',NULL,'04588','7db40280-13de-483b-a359-49ea0bc4e8a0.jpg','紫罗兰色碗明料挺底疙瘩冰淇淋碗\r\n尺寸：10.5X10CM高\r\n重量不低于190G\r\n4只/内盒           12只/大箱','4/12','PCS',996,0,'\0','4.00','2.00','24.00','23.00','37.00',NULL,NULL,'946.20',NULL,83,'0.95',NULL,NULL,'5.00',NULL,NULL,'\0',9),('4028817a399492a2013995acf1c90028','4028817a399492a2013995aaef23001d','4','4028817a387362980138751919fa0061','4028817a387362980138751919fa0057','018273',NULL,'04580','50f03ac8-b1bc-475d-8d98-51ad347fb87c.jpg','紫色碗明料挺底疙瘩酒杯\r\n尺寸：11X20CM高\r\n重量不低于240G\r\n4只/内盒            12只/大箱','4/12','PCS',2196,0,'\0','5.00','3.00','64.00','24.00','24.00',NULL,NULL,'2086.20',NULL,183,'0.95',NULL,NULL,'5.00',NULL,NULL,'\0',1),('4028817a399492a2013995acf1c90029','4028817a399492a2013995aaef23001d','4','4028817a387362980138751919fa0062','4028817a387362980138751919fa0057','018273',NULL,'04589','c2e4f6aa-7905-44b1-8d49-cfc5e3ef0b31.jpg','琥珀色碗明料挺底疙瘩冰淇淋碗\r\n尺寸：10.5X10CM高\r\n重量不低于190G\r\n4只/内盒        12只/大箱','4/12','PCS',996,0,'\0','4.00','2.00','24.00','23.00','37.00',NULL,NULL,'946.20',NULL,83,'0.95',NULL,NULL,'5.00',NULL,NULL,'\0',10),('4028817a3a714bbf013a77d7cebc002d','4028817a3a714bbf013a77d70ea8002c','ff808081301885760130189e47ca0013','4028817a39ad8b950139af09b42f000f','4028817a39ad8b950139af09b42f000e','C/2192/12',NULL,'22298','2d52bc3d-0a52-4fe9-be73-31a92f3098f1.jpg','全明料方缸，打眼配水龙头	\r\n盖子尺寸：18X18X4CM高 	\r\n重量650G，正负10%		\r\n身子尺寸：18X18X32CM高	\r\n重量：2400G，正负10%		\r\n底座尺寸：18X18X15CM高	\r\n重量：1800G，正负10%','1/2','PCS',648,0,'\0','12.00','10.00','49.50','45.00','41.50',NULL,NULL,'11100.24',NULL,324,'17.13',NULL,NULL,'78.00',NULL,NULL,'\0',1),('4028817a3add7a3b013ade92bf0d000c','4028817a3add7a3b013ade8e067e000b','1','4028817a39bcfe9f0139be8f8ac2001b','4028817a39bcfe9f0139be8f8ac2000c','12JK1081',NULL,'JK1050150/11307','7c1062a5-0894-466f-b859-feaed6f54640.jpg','全明料低口杯   口部描1CM宽白金边\r\n直径9X10.5CM高\r\n4只/五层内盒   24只/大箱\r\n产品白纸,瓦楞纸，汽泡纸包裹入内盒，\r\n内盒， 大箱用胶带纸工字封口\r\n大箱尺码：63X22X29CM  如有不符请提前通知','4/24','PCS',408,0,'\0','8.00','6.00','67.00','23.00','30.00',NULL,NULL,'693.60',NULL,17,'1.70',NULL,NULL,'9.50',NULL,NULL,'\0',2),('4028817a3add7a3b013ade92bf0d000d','4028817a3add7a3b013ade8e067e000b','1','4028817a39bcfe9f0139be8f8ac2000f','4028817a39bcfe9f0139be8f8ac2000c','12JK1081',NULL,'JK169340/13076','8ac9f0a9-9463-46ae-a997-cbe474e3c26a.jpg','全明料蛋糕盘配罩子  罩子上烤蒙砂白花纸\r\n直径24X25CM高    花纸我司提供\r\n1套/上下泡沫盖/五层内盒\r\n2套/大箱   上下泡沫盖工厂提供\r\n大箱尺码：60X30X27CM 如有不符请提前通知','1/2','SETS',58,0,'\0','6.50','4.50','62.00','31.00','29.00',NULL,NULL,'490.10',NULL,29,'8.45',NULL,NULL,'42.00',NULL,NULL,'\0',15),('4028817a3add7a3b013ade92bf1c000e','4028817a3add7a3b013ade8e067e000b','4028817a33d4f8b40133d99621cb0023','4028817a39bcfe9f0139be8f8ac20019','4028817a39bcfe9f0139be8f8ac2000c','12JK1081',NULL,'JK1050198 DECAL/12860','9ea6dde1-81ab-4e4c-af9b-fc4f3e171702.jpg','全明料酒杯  \r\n距口部1.5CM烤蒙砂白花纸\r\n直径11 X 19CM高\r\n4只/五层内盒    16只/大箱\r\n产品白纸,瓦楞纸，汽泡纸包裹入内盒，\r\n内盒， 大箱用胶带纸工字封口\r\n大箱尺码：49X25X45CM  如有不符请提前通知','4/16','PCS',160,0,'\0','6.00','4.00','49.00','25.00','45.00',NULL,NULL,'228.80',NULL,10,'1.43',NULL,NULL,'7.00',NULL,NULL,'\0',11),('4028817a3add7a3b013ade92bf3b000f','4028817a3add7a3b013ade8e067e000b','4028817a33d4f8b40133d99621cb0023','4028817a39bcfe9f0139be8f8ac20010','4028817a39bcfe9f0139be8f8ac2000c','12JK1081',NULL,'JK1050195 DECAL/12859','91e4ce81-ffa9-4da9-a7de-75fd304212a8.jpg','全明料香槟杯  \r\n距口部1.5CM烤蒙砂白花纸\r\n直径8 X 21CM高\r\n4只/五层内盒    16只/大箱\r\n产品白纸,瓦楞纸，汽泡纸包裹入内盒，\r\n内盒， 大箱用胶带纸工字封口\r\n大箱尺码：38X38X25CM  如有不符请提前通知','4/16','PCS',400,0,'\0','6.00','4.00','38.00','38.00','25.00',NULL,NULL,'532.00',NULL,25,'1.33',NULL,NULL,'6.50',NULL,NULL,'\0',10),('4028817a3add7a3b013ade92bf5b0010','4028817a3add7a3b013ade8e067e000b','1','4028817a39bcfe9f0139be8f8ac20013','4028817a39bcfe9f0139be8f8ac2000c','12JK1081',NULL,'JK1050201/12078','e2e71fa5-340e-46ea-a6fc-1968ef31a8db.jpg','全明料蛋糕盘配罩子  罩子上烤蒙砂白花纸\r\n盘子尺寸：16X13CM高\r\n罩子尺寸：15X11.5CM高\r\n总高22CM    花纸我司提供\r\n1套/上下泡沫盖/五层内盒\r\n6套/大箱   上下泡沫盖工厂提供\r\n大箱尺码：63X43X25CM 如有不符请提前通知','1/6','SETS',96,0,'\0','7.50','5.50','69.00','49.00','28.00',NULL,NULL,'379.20',NULL,16,'3.95',NULL,NULL,'20.00',NULL,NULL,'\0',9),('4028817a3add7a3b013ade92bf5b0011','4028817a3add7a3b013ade8e067e000b','4028817a33d4f8b40133d99621cb0023','4028817a39bcfe9f0139be8f8ac20016','4028817a39bcfe9f0139be8f8ac2000c','12JK1081',NULL,'JK103136/11988','624e38c0-d839-4150-817b-ee87f1d55a9c.jpg','全明料密直棱酒杯   底厚要求5MM\r\n直径9X17.5CM 高\r\n4只/五层内盒    16只/大箱\r\n产品白纸,瓦楞纸，汽泡纸包裹入内盒，\r\n内盒， 大箱用胶带纸工字封口\r\n大箱尺码：42X21X41CM  如有不符请提前通知','4/16','PCS',320,0,'\0','6.00','4.00','42.00','41.00','41.00',NULL,NULL,'396.80',NULL,20,'1.24',NULL,NULL,'6.50',NULL,NULL,'\0',12),('4028817a3add7a3b013ade92bf5b0012','4028817a3add7a3b013ade8e067e000b','1','4028817a39bcfe9f0139be8f8ac2000e','4028817a39bcfe9f0139be8f8ac2000c','12JK1081',NULL,'JK1050152/11306','205dad0d-9d11-4028-8bd3-8669aae23ed6.jpg','全明料红酒杯   口部描1CM宽白金边\r\n直径7X26CM高\r\n4只/五层内盒   16只/大箱\r\n产品白纸,瓦楞纸，汽泡纸包裹入内盒，\r\n内盒， 大箱用胶带纸工字封口\r\n大箱尺码：44X44X30CM  如有不符请提前通知','4/16','PCS',352,0,'\0','5.00','3.00','48.00','47.00','31.00',NULL,NULL,'651.20',NULL,22,'1.85',NULL,NULL,'10.00',NULL,NULL,'\0',1),('4028817a3add7a3b013ade92bf5b0013','4028817a3add7a3b013ade8e067e000b','1','4028817a39bcfe9f0139be8f8ac20018','4028817a39bcfe9f0139be8f8ac2000c','12JK1081',NULL,'JK1050154/11308','4ef4085f-6825-40bc-a4b3-9f96a627dd0e.jpg','全明料香槟杯   口部描1CM宽白金边\r\n直径5X29CM高\r\n4只/五层内盒   16只/大箱\r\n产品白纸,瓦楞纸，汽泡纸包裹入内盒，\r\n内盒， 大箱用胶带纸工字封口\r\n大箱尺码：36X35X34CM  如有不符请提前通知','4/16','PCS',400,0,'\0','5.00','3.00','38.00','37.00','33.00',NULL,NULL,'628.00',NULL,25,'1.57',NULL,NULL,'8.50',NULL,NULL,'\0',3),('4028817a3add7a3b013ade92bf5b0014','4028817a3add7a3b013ade8e067e000b','4028817a33d4f8b40133d99621cb0023','4028817a39bcfe9f0139be8f8ac2001c','4028817a39bcfe9f0139be8f8ac2000c','12JK1081',NULL,'JK103134/11989','34e4dfe7-f814-4249-a90e-4f9c3f2ef2e1.jpg','全明料密直棱香槟杯   底厚要求5MM\r\n直径9X21CM 高\r\n4只/五层内盒    16只/大箱\r\n产品白纸,瓦楞纸，汽泡纸包裹入内盒，\r\n内盒， 大箱用胶带纸工字封口\r\n大箱尺码：46X22X52CM  如有不符请提前通知','4/16','PCS',400,0,'\0','6.00','4.00','39.00','39.00','25.00',NULL,NULL,'464.00',NULL,25,'1.16',NULL,NULL,'6.00',NULL,NULL,'\0',13),('4028817a3add7a3b013ade92bf5b0015','4028817a3add7a3b013ade8e067e000b','4028817a33d4f8b40133d99621cb0023','4028817a39bcfe9f0139be8f8ac20011','4028817a39bcfe9f0139be8f8ac2000c','12JK1081',NULL,'JK103822/11999','778c9efc-aaec-47d9-a29c-afd12cbc3c40.jpg','全明料酒杯   杯碗底气泡\r\n直径8.5 X 20CM 高\r\n4只/五层内盒    24只/大箱\r\n产品白纸,瓦楞纸，汽泡纸包裹入内盒，\r\n内盒， 大箱用胶带纸工字封口\r\n大箱尺码：58X39X24CM  如有不符请提前通知','4/24','PCS',408,0,'\0','8.00','6.00','58.00','39.00','24.00',NULL,NULL,'705.84',NULL,17,'1.73',NULL,NULL,'9.50',NULL,NULL,'\0',5),('4028817a3add7a3b013ade92bf5b0016','4028817a3add7a3b013ade8e067e000b','2','4028817a39bcfe9f0139be8f8ac20017','4028817a39bcfe9f0139be8f8ac2000c','12JK1081',NULL,'JK1050316/12005','cc94584e-e2ef-448f-b984-0c9fa32a7c81.jpg','全明料糖缸 带盖子\r\n糖缸身上刻交叉麦穗花\r\n直径15 X 15CM 高\r\n1只/五层内盒    6只/大箱\r\n产品白纸,瓦楞纸，汽泡纸包裹入内盒，\r\n内盒， 大箱用胶带纸工字封口\r\n大箱尺码：59.5X40X21.5CM  如有不符请提前通知','1/6','PCS',210,0,'\0','12.00','10.00','59.50','40.00','21.50',NULL,NULL,'636.30',NULL,35,'3.03',NULL,NULL,'16.00',NULL,NULL,'\0',7),('4028817a3add7a3b013ade92bf5b0017','4028817a3add7a3b013ade8e067e000b','2','4028817a39bcfe9f0139be8f8ac2000d','4028817a39bcfe9f0139be8f8ac2000c','12JK1081',NULL,'JK1400016/00263030','fdd8941a-0a83-4e11-ad7e-22e8cc41f1d6.jpg','全明料酒壶   配塞子\r\n直径6.5 X 28.5CM高\r\n1只/五层内盒    6只/大箱\r\n产品白纸,瓦楞纸，汽泡纸包裹入内盒，\r\n内盒， 大箱用胶带纸工字封口\r\n大箱尺码：54X36X28CM  如有不符请提前通知','1/6','PCS',162,0,'\0','9.00','7.00','55.50','37.50','28.50',NULL,NULL,'631.80',NULL,27,'3.90',NULL,NULL,'21.00',NULL,NULL,'\0',16),('4028817a3add7a3b013ade92bf5b0018','4028817a3add7a3b013ade8e067e000b','2','4028817a39bcfe9f0139be8f8ac2001d','4028817a39bcfe9f0139be8f8ac2000c','12JK1081',NULL,'JK1060185/12062','cb749c13-492d-4afd-8007-de5727dac039.jpg','全明料斜口壶\r\n直径7.5 X 25.5CM 高\r\n1只/五层内盒    4只/大箱\r\n产品白纸,瓦楞纸，汽泡纸包裹入内盒，\r\n内盒， 大箱用胶带纸工字封口\r\n大箱尺码：47X46X30.5CM  如有不符请提前通知','1/4','PCS',96,0,'\0','6.00','4.00','47.00','46.00','30.50',NULL,NULL,'278.40',NULL,24,'2.90',NULL,NULL,'13.50',NULL,NULL,'\0',8),('4028817a3add7a3b013ade92bf5b0019','4028817a3add7a3b013ade8e067e000b','4028817a33d4f8b40133d99621cb0023','4028817a39bcfe9f0139be8f8ac2001a','4028817a39bcfe9f0139be8f8ac2000c','12JK1081',NULL,'JK1110085/00263023','33202c73-b522-45e8-91c7-e944cec2c229.jpg','钢蓝色酒杯\r\n直径 10 X 17.5CM高\r\n4只/五层内盒    16只/大箱\r\n产品白纸,瓦楞纸，汽泡纸包裹入内盒，\r\n内盒， 大箱用胶带纸工字封口\r\n大箱尺码：47X46X22.5CM  如有不符请提前通知','4/16','PCS',512,0,'\0','6.00','4.00','45.00','23.00','41.00',NULL,NULL,'742.40',NULL,32,'1.45',NULL,NULL,'8.00',NULL,NULL,'\0',17),('4028817a3add7a3b013ade92bf5b001a','4028817a3add7a3b013ade8e067e000b','1','4028817a39bcfe9f0139be8f8ac20012','4028817a39bcfe9f0139be8f8ac2000c','12JK1081',NULL,'JK1050068/11314','d451f801-07da-43f2-9619-a921b03f1032.jpg','全明料马丁尼杯   口部描1CM宽白金边\r\n直径12X19CM高\r\n4只/五层内盒   16只/大箱\r\n产品白纸,瓦楞纸，汽泡纸包裹入内盒，\r\n内盒， 大箱用胶带纸工字封口\r\n大箱尺码：52X51X25CM  如有不符请提前通知','4/16','PCS',352,0,'\0','4.50','2.50','54.00','53.00','25.00',NULL,NULL,'844.80',NULL,22,'2.40',NULL,NULL,'13.00',NULL,NULL,'\0',4),('4028817a3add7a3b013ade92bf5b001b','4028817a3add7a3b013ade8e067e000b','4028817a33d4f8b40133d99621cb0023','4028817a39bcfe9f0139be8f8ac20014','4028817a39bcfe9f0139be8f8ac2000c','12JK1081',NULL,'JK1060019/11990','5e65ac30-1d1b-4998-8cdd-e196977a4a56.jpg','全明料密直棱低口杯  \r\n直径9X10.5CM 高\r\n4只/五层内盒    24只/大箱\r\n产品白纸,瓦楞纸，汽泡纸包裹入内盒，\r\n内盒， 大箱用胶带纸工字封口\r\n大箱尺码：63X22X27CM  如有不符请提前通知','4/24','PCS',240,0,'\0','7.00','5.00','63.00','22.00','27.00',NULL,NULL,'240.00',NULL,10,'1.00',NULL,NULL,'5.00',NULL,NULL,'\0',14),('4028817a3add7a3b013ade92bf5b001c','4028817a3add7a3b013ade8e067e000b','4028817a33d4f8b40133d99621cb0023','4028817a39bcfe9f0139be8f8ac20015','4028817a39bcfe9f0139be8f8ac2000c','12JK1081',NULL,'JK103819/12002','b86018c7-b69e-4738-9050-e2b47170a084.jpg','全明料香槟杯   杯碗底气泡\r\n直径7.3 X 23CM 高\r\n4只/五层内盒    24只/大箱\r\n产品白纸,瓦楞纸，汽泡纸包裹入内盒，\r\n内盒， 大箱用胶带纸工字封口\r\n大箱尺码：60X39X29CM  如有不符请提前通知','4/24','PCS',432,0,'\0','8.00','6.00','54.00','36.00','27.00',NULL,NULL,'712.80',NULL,18,'1.65',NULL,NULL,'9.00',NULL,NULL,'\0',6),('4028817a3af21635013af29efe08003c','4028817a3af21635013af27be5b80001','4','4028817a39dbdfca0139dc98f59b0014','4028817a39dbdfca0139dc98f58c000a','101204',NULL,'7102-0022','b2ec3ba0-9084-439b-8a6e-fa3277427053.jpg','琥珀色高口杯，烤金花纸\r\n尺寸：8.3X14CM高\r\n4只/内盒        24只/大箱\r\n金花纸我司安排','4/24','PCS',1752,1752,'\0','7.00','5.00','60.00','20.50','35.00',NULL,NULL,'2540.40',NULL,73,'1.45',NULL,NULL,'4.80',NULL,NULL,'\0',16),('4028817a3af21635013af29efe18003d','4028817a3af21635013af27be5b80001','4','4028817a39dbdfca0139dc98f59b0017','4028817a39dbdfca0139dc98f58c000a','101204',NULL,'7102-0033','89341508-1b3d-4eba-b0ee-83619af4be56.jpg','紫色高口杯，烤金花纸\r\n尺寸：8.3X14CM高\r\n4只/内盒        24只/大箱\r\n花纸我司安排','4/24','PCS',1512,1512,'\0','7.00','5.00','60.00','20.50','35.00',NULL,NULL,'2192.40',NULL,63,'1.45',NULL,NULL,'4.80',NULL,NULL,'\0',17),('4028817a3af21635013af29efe370042','4028817a3af21635013af27be5b80001','4','4028817a39dbdfca0139dc98f59b0015','4028817a39dbdfca0139dc98f58c000a','101204',NULL,'7102-0001','96d42e42-c55c-4d3a-bb1d-364793bb7576.jpg','海蓝色口杯，烤金花纸\r\n尺寸：7.8X10CM高\r\n4只/内盒        48只/大箱\r\n花纸我司安排','4/48','PCS',2016,2016,'\0','11.00','9.00','56.00','38.00','27.00',NULL,NULL,'2479.68',NULL,42,'1.23',NULL,NULL,'4.50',NULL,NULL,'\0',13),('4028817a3af21635013af29efe370043','4028817a3af21635013af27be5b80001','4','4028817a39dbdfca0139dc98f59b0012','4028817a39dbdfca0139dc98f58c000a','101204',NULL,'7102-0002','247674aa-f96e-4acc-b8a0-76c6da9f2371.jpg','琥珀色口杯，烤金花纸\r\n尺寸：7.8X10CM高\r\n4只/内盒        48只/大箱\r\n花纸我司安排','4/48','PCS',2016,2016,'\0','11.00','9.00','56.00','38.00','27.00',NULL,NULL,'2479.68',NULL,42,'1.23',NULL,NULL,'4.50',NULL,NULL,'\0',14),('4028817a3af21635013af29efe370044','4028817a3af21635013af27be5b80001','4','4028817a39dbdfca0139dc98f58c000c','4028817a39dbdfca0139dc98f58c000a','101204',NULL,'7102-0011','39f3bb4a-5938-45a4-ad62-86a33b18f2aa.jpg','海蓝色高口杯，烤金花纸\r\n尺寸：8.3X14CM高\r\n4只/内盒        24只/大箱\r\n金花纸我司安排','4/24','PCS',2016,2016,'\0','7.00','5.00','60.00','20.50','35.00',NULL,NULL,'2923.20',NULL,84,'1.45',NULL,NULL,'4.80',NULL,NULL,'\0',15),('4028817a3af21635013af29efe370046','4028817a3af21635013af27be5b80001','3','4028817a39227b17013924437cb70014','4028817a39227b17013924437cb7000a','101204',NULL,'7109-3013','1d3d673d-96f7-41c2-9ffd-3969c093f48f.jpg','全明料机压皇冠图案酒杯\r\n9.5X15 CM H\r\n4只/内盒    16只/大箱','4/16','PCS',1008,1008,'\0','8.00','6.00','45.00','22.50','37.00',NULL,NULL,'1108.80',NULL,63,'1.10',NULL,NULL,'5.50',NULL,NULL,'\0',2),('4028817a3af21635013af29efe470047','4028817a3af21635013af27be5b80001','3','4028817a39227b17013924437cb70011','4028817a39227b17013924437cb7000a','101204',NULL,'7109-3041','fd2b60db-29db-4576-a2a0-d628709f13f9.jpg','紫罗兰色机压皇冠图案低口杯\r\n7.3X10.5 CM H\r\n4只/内盒    24只/大箱','4/24','PCS',2016,2016,'\0','8.50','6.50','54.50','18.50','29.00',NULL,NULL,'1612.80',NULL,84,'0.80',NULL,NULL,'3.30',NULL,NULL,'\0',9),('4028817a3af21635013af29efe470048','4028817a3af21635013af27be5b80001','3','4028817a39227b17013924437cb7000c','4028817a39227b17013924437cb7000a','101204',NULL,'7109-3022','4805e5d2-fec4-4c9e-ab72-9021e5c9835b.jpg','烟灰色机压皇冠图案高口杯\r\n8X12 CM H\r\n4只/内盒    16只/大箱','4/16','PCS',1504,1504,'\0','9.00','7.00','39.00','38.00','17.00',NULL,NULL,'1473.92',NULL,94,'0.98',NULL,NULL,'4.80',NULL,NULL,'\0',4),('4028817a3af21635013af29efe470049','4028817a3af21635013af27be5b80001','3','4028817a39dbdfca0139dc98f59b000f','4028817a39dbdfca0139dc98f58c000a','101204',NULL,'7101-3002','873d1d30-a49c-48f9-b95d-335f2963d404.jpg','全明料酒杯\r\n尺寸：7.5X14.5CM高\r\n4只/内盒        24只/大箱','4/24','PCS',2016,2016,'\0','6.00','4.00','61.00','41.00','20.00',NULL,NULL,'2257.92',NULL,84,'1.12',NULL,NULL,'6.00',NULL,NULL,'\0',12),('4028817a3af21635013af29efe47004a','4028817a3af21635013af27be5b80001','3','4028817a39227b17013924437cb7000b','4028817a39227b17013924437cb7000a','101204',NULL,'7109-3031','8ef3e8d5-901c-454c-997d-6ac6058ae0f0.jpg','海蓝色机压皇冠图案低口杯\r\n7.3X10.5 CM H\r\n4只/内盒    24只/大箱','4/24','PCS',2016,2016,'\0','8.50','6.50','54.50','18.50','29.00',NULL,NULL,'1612.80',NULL,84,'0.80',NULL,NULL,'3.30',NULL,NULL,'\0',6),('4028817a3af21635013af29efe47004c','4028817a3af21635013af27be5b80001','3','4028817a39227b17013924437cb7000f','4028817a39227b17013924437cb7000a','101204',NULL,'7109-3043','3fa2c05f-a008-458c-a198-4448c01c3c8a.jpg','紫罗兰色机压皇冠图案酒杯\r\n9.5X15 CM H\r\n4只/内盒    16只/大箱','4/16','PCS',2000,2000,'\0','8.00','6.00','45.00','22.50','37.00',NULL,NULL,'2200.00',NULL,125,'1.10',NULL,NULL,'5.50',NULL,NULL,'\0',11),('4028817a3af21635013af29efe47004d','4028817a3af21635013af27be5b80001','3','4028817a39227b17013924437cb70010','4028817a39227b17013924437cb7000a','101204',NULL,'7109-3042','1bfc4a07-b573-4516-98b2-9d12b33513a2.jpg','紫罗兰色机压皇冠图案高口杯\r\n8X12 CM H\r\n4只/内盒    16只/大箱','4/16','PCS',2000,2000,'\0','9.00','7.00','39.00','38.00','17.00',NULL,NULL,'1960.00',NULL,125,'0.98',NULL,NULL,'4.80',NULL,NULL,'\0',10),('4028817a3af21635013af29efe47004e','4028817a3af21635013af27be5b80001','3','4028817a39227b17013924437cb70015','4028817a39227b17013924437cb7000a','101204',NULL,'7109-3033','38809139-91b4-4714-a906-c4fd0b3fdcc3.jpg','海蓝色机压皇冠图案酒杯\r\n9.5X15 CM H\r\n4只/内盒    16只/大箱','4/16','PCS',1504,1504,'\0','8.00','6.00','45.00','22.50','37.00',NULL,NULL,'1654.40',NULL,94,'1.10',NULL,NULL,'5.50',NULL,NULL,'\0',8),('4028817a3af21635013af29efe47004f','4028817a3af21635013af27be5b80001','3','4028817a39227b17013924437cb70013','4028817a39227b17013924437cb7000a','101204',NULL,'7109-3032','d3118bab-bc53-4a03-a039-aa972dc8be1d.jpg','海蓝色机压皇冠图案高口杯\r\n8X12 CM H\r\n4只/内盒    16只/大箱','4/16','PCS',1008,1008,'\0','9.00','7.00','39.00','38.00','17.00',NULL,NULL,'987.84',NULL,63,'0.98',NULL,NULL,'4.80',NULL,NULL,'\0',7),('4028817a3af21635013af29efe470050','4028817a3af21635013af27be5b80001','3','4028817a39227b17013924437cb70012','4028817a39227b17013924437cb7000a','101204',NULL,'7109-3012','9f6f3331-f0c7-4c49-9105-47c323bf384b.jpg','全明料机压皇冠图案高口杯\r\n8X12 CM H\r\n4只/内盒    16只/大箱','4/16','PCS',1008,1008,'\0','9.00','7.00','39.00','38.00','17.00',NULL,NULL,'987.84',NULL,63,'0.98',NULL,NULL,'4.80',NULL,NULL,'\0',1),('4028817a3af21635013af29efe470052','4028817a3af21635013af27be5b80001','3','4028817a39227b17013924437cb7000d','4028817a39227b17013924437cb7000a','101204',NULL,'7109-3023','026be5f4-950a-4a9e-b93c-4071dac49427.jpg','烟灰色机压皇冠图案酒杯\r\n9.5X15 CM H\r\n4只/内盒    16只/大箱','4/16','PCS',1504,1504,'\0','8.00','6.00','45.00','22.50','37.00',NULL,NULL,'1654.40',NULL,94,'1.10',NULL,NULL,'5.50',NULL,NULL,'\0',5),('4028817a3af21635013af29efe470053','4028817a3af21635013af27be5b80001','3','4028817a39227b17013924437cb7000e','4028817a39227b17013924437cb7000a','101204',NULL,'7109-3021','1b6cdb41-1903-4cd3-8057-0d43cbf2454e.jpg','烟灰色机压皇冠图案低口杯\r\n7.3X10.5 CM H\r\n4只/内盒    24只/大箱','4/24','PCS',1512,1512,'\0','8.50','6.50','54.50','18.50','29.00',NULL,NULL,'1209.60',NULL,63,'0.80',NULL,NULL,'3.30',NULL,NULL,'\0',3),('4028817a3afc5d3d013afcc16fee0018','4028817a3af21635013af27be5b80001','1','4028817a39dbdfca0139dc98f59b0019','4028817a39dbdfca0139dc98f58c000a','101204',NULL,'7103-4000','00feca77-c9c4-4290-b816-f791ce10af55.jpg','全明料一壶一杯，壶身上烤字母花纸H2O\r\n壶尺寸：4.5X24CM高\r\n杯尺寸：7X9.8CM高\r\n1只/内盒          12只/大箱\r\n花纸我司提供','1/12','PCS',804,396,'\0','11.00','9.00','50.00','37.00','31.00',NULL,NULL,'1889.40',NULL,67,'2.35',NULL,NULL,'10.50',NULL,NULL,'\0',18),('4028817a3b06ac0c013b06c6fe8b0002','4028817a3b06ac0c013b06c618710001','2','4028817a39facfc90139fb6f6c160003','4028817a39facfc90139fb6f6c160001','12JK1089',NULL,'S81157S','858cf076-452c-42da-9b5c-9f6a0bf56e51.jpg','全明料蛋糕盘配罩子\r\n罩子尺寸：9.5X11.5CM高\r\n盘子尺寸：11X11CM    全高：21CM\r\n罩子上的珠子尺寸：3.5X3.5CM\r\n1套/五层内盒      12套/大箱\r\n内盒中加1CM厚的保丽龙垫','1/12','SETS',600,0,'\0','8.00','6.00','55.00','41.00','32.50',NULL,NULL,'1740.00',NULL,50,'2.90',NULL,NULL,'15.00',NULL,NULL,'\0',1),('4028817a3b06ac0c013b06c6fe9b0003','4028817a3b06ac0c013b06c618710001','2','4028817a39facfc90139fb6f6c160002','4028817a39facfc90139fb6f6c160001','12JK1089',NULL,'S81157M','6cd87ee1-d2ac-40b5-9e2e-1212af22762c.jpg','全明料蛋糕盘配罩子\r\n盘子尺寸：13.5X12.5CM\r\n罩子尺寸：12X12.5CM\r\n罩子上的珠子尺寸：3.5X3.5CM\r\n1套/五层内盒       6套/大箱\r\n内盒中加1CM的保丽龙垫','1/6','SETS',600,0,'\0','7.00','5.00','50.00','33.00','33.00',NULL,NULL,'2220.00',NULL,100,'3.70',NULL,NULL,'19.00',NULL,NULL,'\0',2),('4028817a3b06ac0c013b06c6fe9b0004','4028817a3b06ac0c013b06c618710001','2','4028817a39facfc90139fb6f6c160004','4028817a39facfc90139fb6f6c160001','12JK1089',NULL,'S81157L','cb1d296a-61aa-43d5-b3b9-28202f130364.jpg','全明料蛋糕盘配罩子\r\n盘子尺寸：13.5X12.5CM\r\n罩子尺寸：12X12.5CM  全高：23CM\r\n罩子上的珠子尺寸：3.5X3.5CM\r\n1套/五层内盒       6套/大箱\r\n内盒中加1CM厚的保丽龙垫','1/6','SETS',600,0,'\0','8.50','6.50','59.00','39.00','33.00',NULL,NULL,'2550.00',NULL,100,'4.25',NULL,NULL,'22.00',NULL,NULL,'\0',3),('4028817a3b1b4a71013b1bb051000003','4028817a3b1b4a71013b1bafd5580002','ff808081301885760130189e47ca0013','4028817a387362980138741de87f0015','4028817a387362980138741de87f0014','C/1995/12',NULL,'2727','0603106a-9e56-4363-814d-577097b6ef72.jpg','全明料麻坑点方形罐子（打眼）	\r\n带盖子，配铸铁底座和矛头	\r\n盖子尺寸：20X6.3CM高		\r\n罐子尺寸：20X28CM高		\r\n待用安全包装运至西安方圆工贸','1/1','SETS',600,0,'\0',NULL,NULL,NULL,NULL,NULL,NULL,NULL,'31800.00',NULL,600,NULL,NULL,NULL,'53.00',NULL,NULL,'\0',1),('4028817a3b1b4a71013b1bb063500004','4028817a3b1b4a71013b1bafd5580002','4028817a35e0895e0135ec7a4dbe0087','4028817a387362980138741de87f0016','4028817a387362980138741de87f0014','C/1995/12',NULL,'2727','8f285ad4-19d3-4bcc-9db4-6668930bfd85.jpg','铸铁底座和矛头		\r\n配方形罐子	\r\n1套/内盒/双层五层大箱	\r\n方形罐子于11月10日送到贵司\r\n#2727G用蜂窝纸板包装后入内盒，再入双层大箱；大箱外单面牛皮纸保护;\r\n双层大箱中间垫1公分保利龙垫，大箱上不可打钉，不可打内盒包带','1/1','SETS',600,0,'\0','8.00','6.00','37.00','34.00','55.00',NULL,NULL,'13200.00',NULL,600,'22.00',NULL,NULL,'62.00',NULL,NULL,'\0',2),('4028817a3b3a59cd013b3b5e6dfe001b','4028817a3b3a59cd013b3b5bbd94001a','1','4028817a3aa9f950013aab27e2010017','4028817a3aa9f950013aab27e2010010','671112',NULL,'JK0025/JK1102331-D','a756712e-cd07-4896-b534-3e3737f65d2c.jpg','套6全明料烤蒙砂花纸酒杯，口部描3MM白金，圆珠子描白金，花纸我司供\r\n尺寸：10.5X22 CM H\r\n1套/五层内盒   3套/大箱\r\n产品用白纸、瓦纸、汽泡纸包裹入内盒，然后入大箱，大箱用透明胶带工字封口。\r\n大箱尺寸72X37X27 CM,如果实际尺寸相差较大请及时通知我司。','1/3','SETS',21,180,'\0','5.50','3.50','73.50','35.50','27.00',NULL,NULL,'224.91',NULL,7,'10.71',NULL,NULL,'54.00',NULL,NULL,'\0',19),('4028817a3b3a59cd013b3b5e6e0e001c','4028817a3b3a59cd013b3b5bbd94001a','1','4028817a3aa9f950013aab27e2010013','4028817a3aa9f950013aab27e2010010','671112',NULL,'JK0024/JK1104003-D','5de54629-05a2-4716-a05d-fc2f819dfbd5.jpg','套6全明料烤蒙砂花纸香槟杯，口部描3MM白金，圆珠子描白金，花纸我司供\r\n尺寸：6.3X27  CM H\r\n1套/五层内盒   4套/大箱\r\n产品用白纸、瓦纸、汽泡纸包裹入内盒，然后入大箱，大箱用透明胶带工字封口。\r\n大箱尺寸46.5X32X32 CM,如果实际尺寸相差较大请及时通知我司。','1/4','SETS',20,180,'\0','6.50','4.50','54.00','37.00','32.00',NULL,NULL,'189.60',NULL,5,'9.48',NULL,NULL,'51.00',NULL,NULL,'\0',18),('4028817a3b3a59cd013b3b5e6e0e001d','4028817a3b3a59cd013b3b5bbd94001a','1','4028817a3aa9f950013aab27e2010014','4028817a3aa9f950013aab27e2010010','671112',NULL,'JK0026/JK1102332-D','7b20bb90-6f89-4e23-bb63-3798929f9729.jpg','套6全明料烤蒙砂花纸酒杯，口部描3MM白金，圆珠子描白金，花纸我司供\r\n尺寸：9X19.5 CM H\r\n1套/五层内盒   3套/大箱\r\n产品用白纸、瓦纸、汽泡纸包裹入内盒，然后入大箱，大箱用透明胶带工字封口。\r\n大箱尺寸63X32.5X24.5 CM,如果实际尺寸相差较大请及时通知我司。','1/3','SETS',21,180,'\0','5.50','3.50','64.50','31.00','24.50',NULL,NULL,'211.89',NULL,7,'10.09',NULL,NULL,'52.80',NULL,NULL,'\0',20),('4028817a3b3a59cd013b3b5e6e0e001e','4028817a3b3a59cd013b3b5bbd94001a','1','4028817a3aa9f950013aab27e2010016','4028817a3aa9f950013aab27e2010010','671112',NULL,'JK0012/JK1102292-G','8db5bacc-9a49-45cd-b441-1c86aba83214.jpg','套6全明料刻花香槟杯，描亮油，口部描3MM黄金\r\n尺寸：6X25.5 CM H\r\n1套/五层内盒   4套/大箱\r\n产品用白纸、瓦纸、汽泡纸包裹入内盒，然后入大箱，大箱用透明胶带工字封口。\r\n大箱尺寸45X30.5X30.5CM ,如果实际尺寸相差较大请及时通知我司。','1/4','SETS',20,180,'\0','5.50','3.50','49.50','33.00','30.50',NULL,NULL,'202.00',NULL,5,'10.10',NULL,NULL,'57.00',NULL,NULL,'\0',6),('4028817a3b3a59cd013b3b5e6e0e001f','4028817a3b3a59cd013b3b5bbd94001a','1','4028817a3aa9f950013aab27e2010020','4028817a3aa9f950013aab27e2010010','671112',NULL,'JK0014/JK1102290','a7c889de-fded-4ec7-963e-04e18c582fb6.jpg','套6全明料刻花酒杯，描亮油，口部描3MM白金\r\n尺寸：8X23.5 CM H\r\n1套/五层内盒   3套/大箱\r\n产品用白纸、瓦纸、汽泡纸包裹入内盒，然后入大箱，大箱用透明胶带工字封口。\r\n大箱尺寸57X30X28.5CM ,如果实际尺寸相差较大请及时通知我司。','1/3','SETS',21,180,'\0','5.50','3.50','58.50','28.00','28.50',NULL,NULL,'237.72',NULL,7,'11.32',NULL,NULL,'61.20',NULL,NULL,'\0',8),('4028817a3b3a59cd013b3b5e6e1d0020','4028817a3b3a59cd013b3b5bbd94001a','1','4028817a3aa9f950013aab27e2010023','4028817a3aa9f950013aab27e2010010','671112',NULL,'JK0018/JK1102314','daf104c4-493d-4483-a1a8-3f4815eb6109.jpg','套6全明料刻花酒杯，描亮油，口部描3MM黄金，圆珠子描黄金\r\n尺寸：8.5X22.5 CM H\r\n1套/五层内盒   3套/大箱\r\n产品用白纸、瓦纸、汽泡纸包裹入内盒，然后入大箱，大箱用透明胶带工字封口。\r\n大箱尺寸60X31.5X27.5 CM,如果实际尺寸相差较大请及时通知我司。','1/3','SETS',21,180,'\0','6.50','4.50','61.50','30.50','27.50',NULL,NULL,'257.04',NULL,7,'12.24',NULL,NULL,'69.00',NULL,NULL,'\0',12),('4028817a3b3a59cd013b3b5e6e1d0021','4028817a3b3a59cd013b3b5bbd94001a','1','4028817a3aa9f950013aab27e2010011','4028817a3aa9f950013aab27e2010010','671112',NULL,'JK0019/JK1102315','0a3c80e0-0be6-4e4e-b69b-2eadc27a603e.jpg','套6全明料刻花酒杯，描亮油，口部描3MM黄金，圆珠子描黄金\r\n尺寸：9.5X23.5 CM H\r\n1套/五层内盒   3套/大箱\r\n产品用白纸、瓦纸、汽泡纸包裹入内盒，然后入大箱，大箱用透明胶带工字封口。\r\n大箱尺寸66X34X28.5 CM,如果实际尺寸相差较大请及时通知我司。','1/3','SETS',21,180,'\0','7.50','5.50','67.00','32.50','28.50',NULL,NULL,'276.15',NULL,7,'13.15',NULL,NULL,'72.00',NULL,NULL,'\0',13),('4028817a3b3a59cd013b3b5e6e1d0022','4028817a3b3a59cd013b3b5bbd94001a','1','4028817a3aa9f950013aab27e2010025','4028817a3aa9f950013aab27e2010010','671112',NULL,'JK0016/JK1102292','031edc74-5f75-4e44-a0a3-e2fa77ea8344.jpg','套6全明料刻花香槟杯，描亮油，口部描3MM白金\r\n尺寸：6X25.5 CM H\r\n1套/五层内盒   4套/大箱\r\n产品用白纸、瓦纸、汽泡纸包裹入内盒，然后入大箱，大箱用透明胶带工字封口。\r\n大箱尺寸45X30.5X30.5CM ,如果实际尺寸相差较大请及时通知我司。','1/4','SETS',20,180,'\0','5.50','3.50','49.00','33.00','30.50',NULL,NULL,'202.00',NULL,5,'10.10',NULL,NULL,'57.00',NULL,NULL,'\0',10),('4028817a3b3a59cd013b3b5e6e1d0023','4028817a3b3a59cd013b3b5bbd94001a','1','4028817a3aa9f950013aab27e2010018','4028817a3aa9f950013aab27e2010010','671112',NULL,'JK0028/JK1102331','70f71a48-e175-45eb-933d-69380c7c8d47.jpg','套6全明料刻花酒杯，描亮油，口部描3MM白金，圆珠子描白金\r\n尺寸：10.5X22  CM H\r\n1套/五层内盒   3套/大箱\r\n产品用白纸、瓦纸、汽泡纸包裹入内盒，然后入大箱，大箱用透明胶带工字封口。\r\n大箱尺寸72X37X27CM,如果实际尺寸相差较大请及时通知我司。','1/3','SETS',21,180,'\0','5.50','3.50','73.50','35.50','27.00',NULL,NULL,'246.75',NULL,7,'11.75',NULL,NULL,'60.00',NULL,NULL,'\0',22),('4028817a3b3a59cd013b3b5e6e1d0024','4028817a3b3a59cd013b3b5bbd94001a','1','4028817a3aa9f950013aab27e2010019','4028817a3aa9f950013aab27e2010010','671112',NULL,'JK0011/JK1102291-G','15c81f0d-3594-4411-9a1e-c214a8b849ca.jpg','套6全明料刻花酒杯，描亮油，口部描3MM黄金\r\n尺寸：7.5X21.5 CM H\r\n1套/五层内盒   3套/大箱\r\n产品用白纸、瓦纸、汽泡纸包裹入内盒，然后入大箱，大箱用透明胶带工字封口。\r\n大箱尺寸54X28X26.5CM ,如果实际尺寸相差较大请及时通知我司。','1/3','SETS',21,180,'\0','5.00','3.00','58.50','28.00','26.50',NULL,NULL,'224.91',NULL,7,'10.71',NULL,NULL,'60.00',NULL,NULL,'\0',5),('4028817a3b3a59cd013b3b5e6e1d0025','4028817a3b3a59cd013b3b5bbd94001a','1','4028817a3aa9f950013aab27e201001a','4028817a3aa9f950013aab27e2010010','671112',NULL,'JK0017/JK1102295','4f411504-e8bf-4fa0-99e7-2164c132fab6.jpg','套6全明料刻花低口杯，描亮油，口部描3MM白金\r\n尺寸：8X9.5 CM H\r\n1套/五层内盒   4套/大箱\r\n产品用白纸、瓦纸、汽泡纸包裹入内盒，然后入大箱，大箱用透明胶带工字封口。\r\n大箱尺寸57X20.5X25CM ,如果实际尺寸相差较大请及时通知我司。','1/4','SETS',20,180,'\0','7.00','5.00','46.00','32.50','27.50',NULL,NULL,'202.00',NULL,5,'10.10',NULL,NULL,'57.00',NULL,NULL,'\0',11),('4028817a3b3a59cd013b3b5e6e1d0026','4028817a3b3a59cd013b3b5bbd94001a','1','4028817a3aa9f950013aab27e201001d','4028817a3aa9f950013aab27e2010010','671112',NULL,'JK0008/JK1101026','883938f8-9c1a-407d-a017-6b395b86b919.jpg','套6全明料刻网格酒杯，网格描亮油\r\n尺寸：7.7X23.5 CM H\r\n1套/五层内盒   3套/大箱\r\n产品用白纸、瓦纸、汽泡纸包裹入内盒，然后入大箱，大箱用透明胶带工字封口。\r\n大箱尺寸55X29X28.5 CM ,如果实际尺寸相差较大请及时通知我司。','1/3','SETS',21,180,'\0','5.50','3.50','56.50','27.50','28.50',NULL,NULL,'227.43',NULL,7,'10.83',NULL,NULL,'60.00',NULL,NULL,'\0',2),('4028817a3b3a59cd013b3b5e6e1d0027','4028817a3b3a59cd013b3b5bbd94001a','1','4028817a3aa9f950013aab27e201001e','4028817a3aa9f950013aab27e2010010','671112',NULL,'JK0013/JK1102295-G','7f231a16-a93e-439c-b261-cb1458c2a857.jpg','套6全明料刻花低口杯，描亮油，口部描3MM黄金\r\n尺寸：8X9.5 CM H\r\n1套/五层内盒   4套/大箱\r\n产品用白纸、瓦纸、汽泡纸包裹入内盒，然后入大箱，大箱用透明胶带工字封口。\r\n大箱尺寸57X20.5X25CM ,如果实际尺寸相差较大请及时通知我司。','1/4','SETS',20,180,'\0','7.00','5.00','46.00','32.50','27.50',NULL,NULL,'202.00',NULL,5,'10.10',NULL,NULL,'57.00',NULL,NULL,'\0',7),('4028817a3b3a59cd013b3b5e6e1d0028','4028817a3b3a59cd013b3b5bbd94001a','1','4028817a3aa9f950013aab27e201001f','4028817a3aa9f950013aab27e2010010','671112',NULL,'JK0021/JK1102314-S','831679a9-44e1-4f2b-b343-b185fe519894.jpg','套6全明料刻花酒杯，描亮油，口部描3MM白金，圆珠子描白金\r\n尺寸：8.5X22.5 CM H\r\n1套/五层内盒   3套/大箱\r\n产品用白纸、瓦纸、汽泡纸包裹入内盒，然后入大箱，大箱用透明胶带工字封口。\r\n大箱尺寸60X31.5X27.5 CM,如果实际尺寸相差较大请及时通知我司。','1/3','SETS',21,180,'\0','6.50','4.50','61.50','30.50','27.50',NULL,NULL,'257.04',NULL,7,'12.24',NULL,NULL,'69.00',NULL,NULL,'\0',15),('4028817a3b3a59cd013b3b5e6e1d0029','4028817a3b3a59cd013b3b5bbd94001a','1','4028817a3aa9f950013aab27e2010012','4028817a3aa9f950013aab27e2010010','671112',NULL,'JK0009/JK1101027','948f3d34-8cd3-4883-b905-6a8d5e97bb2f.jpg','套6全明料刻网格香槟杯，网格描亮油\r\n尺寸：5.8X27 CM H\r\n1套/五层内盒   3套/大箱\r\n产品用白纸、瓦纸、汽泡纸包裹入内盒，然后入大箱，大箱用透明胶带工字封口。\r\n大箱尺寸44X23.5X32CM ,如果实际尺寸相差较大请及时通知我司。','1/3','SETS',21,180,'\0','5.00','3.00','55.50','26.50','32.00',NULL,NULL,'227.43',NULL,7,'10.83',NULL,NULL,'57.00',NULL,NULL,'\0',3),('4028817a3b3a59cd013b3b5e6e1d002a','4028817a3b3a59cd013b3b5bbd94001a','1','4028817a3aa9f950013aab27e2100026','4028817a3aa9f950013aab27e2010010','671112',NULL,'JK0029/JK1102332','be7f2343-5cfc-4dd0-8374-89240af19cca.jpg','套6全明料刻花酒杯，描亮油，口部描3MM白金，圆珠子描白金\r\n尺寸：9X19.5 CM H\r\n1套/五层内盒   3套/大箱\r\n产品用白纸、瓦纸、汽泡纸包裹入内盒，然后入大箱，大箱用透明胶带工字封口。\r\n大箱尺寸63X32.5X24.5 CM,如果实际尺寸相差较大请及时通知我司。','1/3','SETS',21,180,'\0','5.50','3.50','64.50','31.00','24.50',NULL,NULL,'233.73',NULL,7,'11.13',NULL,NULL,'57.00',NULL,NULL,'\0',23),('4028817a3b3a59cd013b3b5e6e1d002b','4028817a3b3a59cd013b3b5bbd94001a','1','4028817a3aa9f950013aab27e2010024','4028817a3aa9f950013aab27e2010010','671112',NULL,'JK0023/JK1102136-S','fd7f404e-bdf0-4f19-9139-0e14a66df32b.jpg','套6全明料刻花香槟杯，描亮油，口部描3MM白金，圆珠子描白金\r\n尺寸：5.5X28  CM H\r\n1套/五层内盒   4套/大箱\r\n产品用白纸、瓦纸、汽泡纸包裹入内盒，然后入大箱，大箱用透明胶带工字封口。\r\n大箱尺寸42X28.5X33 CM,如果实际尺寸相差较大请及时通知我司。','1/4','SETS',20,180,'\0','6.50','4.50','54.00','37.00','33.00',NULL,NULL,'238.60',NULL,5,'11.93',NULL,NULL,'66.00',NULL,NULL,'\0',17),('4028817a3b3a59cd013b3b5e6e1d002c','4028817a3b3a59cd013b3b5bbd94001a','1','4028817a3aa9f950013aab27e2010022','4028817a3aa9f950013aab27e2010010','671112',NULL,'JK0020/JK1102136','2bd5940f-1e8e-4caa-889b-db7e6722c8eb.jpg','套6全明料刻花香槟杯，描亮油，口部描3MM黄金，圆珠子描黄金\r\n尺寸：5.5X28  CM H\r\n1套/五层内盒   4套/大箱\r\n产品用白纸、瓦纸、汽泡纸包裹入内盒，然后入大箱，大箱用透明胶带工字封口。\r\n大箱尺寸42X28.5X33 CM,如果实际尺寸相差较大请及时通知我司。','1/4','SETS',20,180,'\0','6.50','4.50','54.00','37.00','33.00',NULL,NULL,'238.60',NULL,5,'11.93',NULL,NULL,'66.00',NULL,NULL,'\0',14),('4028817a3b3a59cd013b3b5e6e1d002d','4028817a3b3a59cd013b3b5bbd94001a','1','4028817a3aa9f950013aab27e201001c','4028817a3aa9f950013aab27e2010010','671112',NULL,'JK0007/JK1101025','c480978b-62e3-4efd-a38d-cbb20899ef68.jpg','套6全明料刻网格酒杯，网格描亮油\r\n尺寸：8.5X25 CM H\r\n1套/五层内盒   3套/大箱\r\n产品用白纸、瓦纸、汽泡纸包裹入内盒，然后入大箱，大箱用透明胶带工字封口。\r\n大箱尺寸60X31X30CM ,如果实际尺寸相差较大请及时通知我司。','1/3','SETS',21,180,'\0','5.50','3.50','61.50','30.50','30.50',NULL,NULL,'243.18',NULL,7,'11.58',NULL,NULL,'63.00',NULL,NULL,'\0',1),('4028817a3b3a59cd013b3b5e6e1d002e','4028817a3b3a59cd013b3b5bbd94001a','1','4028817a3aa9f950013aab27e2010021','4028817a3aa9f950013aab27e2010010','671112',NULL,'JK0027/JK1104003','ffac3ac8-6354-4869-856e-28cfd29f6a02.jpg','套6全明料刻花香槟杯，描亮油，口部描3MM白金，圆珠子描白金\r\n尺寸：6.3X27  CM H\r\n1套/五层内盒   4套/大箱\r\n产品用白纸、瓦纸、汽泡纸包裹入内盒，然后入大箱，大箱用透明胶带工字封口。\r\n大箱尺寸46.5X32X32 CM,如果实际尺寸相差较大请及时通知我司。','1/4','SETS',20,180,'\0','6.50','4.50','54.00','37.00','32.00',NULL,NULL,'210.40',NULL,5,'10.52',NULL,NULL,'57.00',NULL,NULL,'\0',21),('4028817a3b3a59cd013b3b5e6e1d002f','4028817a3b3a59cd013b3b5bbd94001a','1','4028817a3aa9f950013aab27e2100027','4028817a3aa9f950013aab27e2010010','671112',NULL,'JK0015/JK1102291','2639a0d1-79a7-426b-ab1d-3cd4ce6dcc25.jpg','套6全明料刻花酒杯，描亮油，口部描3MM白金\r\n尺寸：7.5X21.5 CM H\r\n1套/五层内盒   3套/大箱\r\n产品用白纸、瓦纸、汽泡纸包裹入内盒，然后入大箱，大箱用透明胶带工字封口。\r\n大箱尺寸54X28X26.5CM ,如果实际尺寸相差较大请及时通知我司。','1/3','SETS',21,180,'\0','5.00','3.00','58.50','28.00','26.50',NULL,NULL,'224.91',NULL,7,'10.71',NULL,NULL,'60.00',NULL,NULL,'\0',9),('4028817a3b3a59cd013b3b5e6e1d0030','4028817a3b3a59cd013b3b5bbd94001a','1','4028817a3aa9f950013aab27e2010015','4028817a3aa9f950013aab27e2010010','671112',NULL,'JK0010/JK1102290-G','24f52aff-2177-4aae-89a8-c3fb801b09a2.jpg','套6全明料刻花酒杯，描亮油，口部描3MM黄金\r\n尺寸：8X23.5 CM H\r\n1套/五层内盒   3套/大箱\r\n产品用白纸、瓦纸、汽泡纸包裹入内盒，然后入大箱，大箱用透明胶带工字封口。\r\n大箱尺寸57X30X28.5CM ,如果实际尺寸相差较大请及时通知我司。','1/3','SETS',21,180,'\0','5.50','3.50','58.50','28.00','28.50',NULL,NULL,'237.72',NULL,7,'11.32',NULL,NULL,'61.20',NULL,NULL,'\0',4),('4028817a3b3a59cd013b3b5e6e1d0031','4028817a3b3a59cd013b3b5bbd94001a','1','4028817a3aa9f950013aab27e201001b','4028817a3aa9f950013aab27e2010010','671112',NULL,'JK0022/JK1102315-S','4c6a3d70-7243-4e35-9632-9527890dd902.jpg','套6全明料刻花酒杯，描亮油，口部描3MM白金，圆珠子描白金\r\n尺寸：9.5X23.5 CM H\r\n1套/五层内盒   3套/大箱\r\n产品用白纸、瓦纸、汽泡纸包裹入内盒，然后入大箱，大箱用透明胶带工字封口。\r\n大箱尺寸66X34X28.5 CM,如果实际尺寸相差较大请及时通知我司。','1/3','SETS',21,180,'\0','7.50','5.50','67.00','32.50','28.50',NULL,NULL,'276.15',NULL,7,'13.15',NULL,NULL,'72.00',NULL,NULL,'\0',16),('4028817a3b3a59cd013b3b96f4830034','4028817a3b3a59cd013b3b96187b0033','9','4028817a3a670a6f013a68766d46000a','4028817a3a670a6f013a68766d460001','C/2256/12',NULL,'5377','5ddfd215-bdf0-4712-a185-c10126ac6c71.jpg','全明料大号蛋糕盘粘底座，电镀脏银\r\n尺寸：31.5X13.5CM高\r\n1只/五层内盒        4只/大箱','1/4','PCS',600,0,'\0','7.00','5.00','36.00','35.00','51.00',NULL,NULL,'1950.00',NULL,150,'3.25',NULL,NULL,'10.00',NULL,NULL,'\0',6),('4028817a3b3a59cd013b3b96f4830035','4028817a3b3a59cd013b3b96187b0033','9','4028817a3a670a6f013a68766d56000f','4028817a3a670a6f013a68766d460001','C/2256/12',NULL,'5369','3a14be04-c725-4956-9702-c1c3e7613a5d.jpg','全明料粘底座小号钻石蛋糕盘，电镀脏银\r\n电镀我司安排\r\n尺寸：21X9.5CM高\r\n1只/五层内盒       4只/大箱','1/4','PCS',600,0,'\0','4.50','2.50','24.00','24.00','50.00',NULL,NULL,'1248.00',NULL,150,'2.08',NULL,NULL,'6.80',NULL,NULL,'\0',1),('4028817a3b3a59cd013b3b96f4830036','4028817a3b3a59cd013b3b96187b0033','9','4028817a3a670a6f013a68766d460007','4028817a3a670a6f013a68766d460001','C/2256/12',NULL,'5370','3c553b14-cfb3-49cb-9469-cfc0baac9218.jpg','全明料粘底座中号钻石蛋糕盘，电镀脏银\r\n电镀我司安排\r\n尺寸：25.4X9.5CM高\r\n1只/五层内盒        4只/大箱','1/4','PCS',600,0,'\0','5.50','3.50','30.00','30.00','51.00',NULL,NULL,'1554.00',NULL,150,'2.59',NULL,NULL,'8.30',NULL,NULL,'\0',2),('4028817a3b3a59cd013b3b96f4930037','4028817a3b3a59cd013b3b96187b0033','9','4028817a3a670a6f013a68766d46000c','4028817a3a670a6f013a68766d460001','C/2256/12',NULL,'5371','204466d8-ac1f-45c5-850f-81fe0244e0f3.jpg','全明料粘底座大号钻石蛋糕盘，电镀脏银\r\n尺寸：30.5CMX10CM高\r\n1只/五层内盒       4只/大箱','1/4','PCS',600,0,'\0','7.00','5.00','34.00','34.00','48.00',NULL,NULL,'1950.00',NULL,150,'3.25',NULL,NULL,'10.00',NULL,NULL,'\0',3),('4028817a3b3a59cd013b3b96f4930038','4028817a3b3a59cd013b3b96187b0033','9','4028817a3a670a6f013a68766d460002','4028817a3a670a6f013a68766d460001','C/2256/12',NULL,'5375','0e2ff414-f511-4580-b451-081b9619001c.jpg','全明料小号蛋糕盘粘底座，电镀脏银\r\n电镀我司安排\r\n尺寸：20X12CM高\r\n1只/五层内盒      4只/大箱','1/4','PCS',600,0,'\0','4.50','2.50','23.00','23.00','50.00',NULL,NULL,'1248.00',NULL,150,'2.08',NULL,NULL,'6.80',NULL,NULL,'\0',4),('4028817a3b3a59cd013b3b96f4930039','4028817a3b3a59cd013b3b96187b0033','9','4028817a3a670a6f013a68766d460004','4028817a3a670a6f013a68766d460001','C/2256/12',NULL,'5376','7160f232-cda2-4cb2-8d06-fe1f1bf33b34.jpg','全明料中号蛋糕盘粘底座，电镀脏银\r\n电镀我司安排\r\n尺寸：25.5X12.7CM高\r\n1只/五层内盒        4只/大箱','1/4','PCS',600,0,'\0','5.50','3.50','29.00','29.00','52.00',NULL,NULL,'1554.00',NULL,150,'2.59',NULL,NULL,'8.30',NULL,NULL,'\0',5),('4028817a3b3a59cd013b3ba18c4e003b','4028817a3b3a59cd013b3ba084c1003a','3','4028817a39991fae01399ad24e5a0028','4028817a39991fae01399ad24e5a0027','404058',NULL,'18008437/JK1700010','354bf203-15cd-4f02-8979-2c866710b453.jpg','全明料圆形黄油缸 \r\n直径6X9CM 高 \r\n6/五层内盒    24只/大箱 \r\n内盒中五层十字隔板， \r\n大箱要求5层双面牛皮纸印刷 \r\n封箱胶带由我司提供，  \r\n包装方式： 工字封口','6/24','PCS',2400,0,'\0','9.50','7.50','45.00','33.50','30.50',NULL,NULL,'2160.00',NULL,100,'0.90',NULL,NULL,'5.00',NULL,NULL,'\0',1),('402881e63d9b1903013d9b4bc72c000c','402881e63d9b1903013d9b4bc72c000b','1','4028817a3357462e01336d3a0be10016','4028817a3357462e01336d3a0be10014','11JK1078',NULL,'JK1014001','a2ffd39f-18d5-4a6b-89a2-bc91df4926f5.png','全明料大碗，烤鱼白花纸\r\n尺寸：23X11CM高\r\n1只/五层内盒                4只/大箱\r\n花纸我司提供','1/4','PCS',1000,0,'\0',NULL,NULL,NULL,NULL,NULL,NULL,NULL,'16500.00',NULL,250,NULL,NULL,NULL,'16.50',NULL,NULL,'\0',7),('402881e63d9b1903013d9b4bc74b000d','402881e63d9b1903013d9b4bc72c000b','7','4028817a3357462e01336d3a0be10015','4028817a3357462e01336d3a0be10014','11JK1078',NULL,'JK1014003','699176d9-c242-42d2-8661-9ce712bba97a.png','全明料盘子，烤鱼白花纸\r\n盘子直径：27CM\r\n2只/五层内盒        16只/大箱\r\n花纸我司提供','2/16','PCS',1200,0,'\0',NULL,NULL,NULL,NULL,NULL,NULL,NULL,'9000.00',NULL,75,NULL,NULL,NULL,'7.50',NULL,NULL,'\0',6),('402881e63d9b1903013d9b4bc75a000e','402881e63d9b1903013d9b4bc72c000b','2','4028817a3357462e0133591b86ec0004','4028817a3357462e0133591b86ec0002','C/3817/11',NULL,'2964','ad25929a-27f5-4065-bb9f-6d4788d395ee.png','全明料糖缸带盖子\r\n尺寸：19X48CM高  底径：13.5CM\r\n重量不低于1600克/只\r\n1只/上下保利龙盖/彩盒    4只/大箱','1/4','PCS',144,0,'\0',NULL,NULL,NULL,NULL,NULL,NULL,NULL,'3456.00',NULL,36,NULL,NULL,NULL,'24.00',NULL,NULL,'\0',2),('402881e63d9b1903013d9b4bc75a000f','402881e63d9b1903013d9b4bc72c000b','2','4028817a3357462e0133592355750006','4028817a3357462e0133591b86ec0002','C/3817/11',NULL,'2976','af417c8a-e44f-406e-b226-194d8a61df75.png','全明料糖缸带盖子\r\n尺寸：17.5X41CM高   底径：13CM\r\n重量不低于1800克/只\r\n1只/上下保利龙盖/彩盒     4只/大箱','1/4','PCS',144,0,'\0',NULL,NULL,NULL,NULL,NULL,NULL,NULL,'2448.00',NULL,36,NULL,NULL,NULL,'17.00',NULL,NULL,'\0',4),('402881e63d9b1903013d9b4bc75a0010','402881e63d9b1903013d9b4bc72c000b','1','4028817a3357462e01336d3a0be10018','4028817a3357462e01336d3a0be10014','11JK1078',NULL,'JK1014005','9ed4ab1e-d425-4b8d-beb3-1fa6dc63d1df.png','全明料低口杯，烤鱼白花纸\r\n尺寸：7.3X10.5CM高\r\n4只/五层内盒       24只/大箱\r\n花纸我司提供','4/24','PCS',1800,0,'\0',NULL,NULL,NULL,NULL,NULL,NULL,NULL,'9540.00',NULL,75,NULL,NULL,NULL,'5.30',NULL,NULL,'\0',9),('402881e63d9b1903013d9b4bc75a0011','402881e63d9b1903013d9b4bc72c000b','1','4028817a3357462e01336d3a0be10017','4028817a3357462e01336d3a0be10014','11JK1078',NULL,'JK1014006','edc6f494-cc9f-41f2-a04c-edff659df1af.png','全明料低口杯，烤6种白花纸\r\n尺寸：7.3X10.5CM高\r\n6只/五层内盒         24只/大箱\r\n6种花纸内盒中混装，白花纸我司供','6/24','PCS',1800,0,'\0',NULL,NULL,NULL,NULL,NULL,NULL,NULL,'9540.00',NULL,75,NULL,NULL,NULL,'5.30',NULL,NULL,'\0',8),('402881e63d9b1903013d9b4bc75a0012','402881e63d9b1903013d9b4bc72c000b','2','4028817a3357462e0133591b86ec0003','4028817a3357462e0133591b86ec0002','C/3817/11',NULL,'2965','2ba24918-4c3c-4632-8d8a-9d475d5e4d2d.png','全明料糖缸带盖子\r\n尺寸：16X40CM高  底径：11CM\r\n重量不低于1500克/只\r\n1只/上下保利龙盖/彩盒   6只/大箱','1/6','PCS',144,0,'\0',NULL,NULL,NULL,NULL,NULL,NULL,NULL,'2448.00',NULL,24,NULL,NULL,NULL,'17.00',NULL,NULL,'\0',1),('402881e63d9b1903013d9b4bc75a0013','402881e63d9b1903013d9b4bc72c000b','1','4028817a3357462e01336d3a0be10019','4028817a3357462e01336d3a0be10014','11JK1078',NULL,'JK1080766-3','21b5e24a-a58a-4a58-a705-1595faeec581.png','全明料低口杯，烤3种不同的白花纸\r\n尺寸：7.3X10.5CM \r\n3只/五层内盒            24只/大箱\r\n每种花纸600只，3种花纸混装\r\n花纸我司提供','3/24','PCS',1800,0,'\0',NULL,NULL,NULL,NULL,NULL,NULL,NULL,'9540.00',NULL,75,NULL,NULL,NULL,'5.30',NULL,NULL,'\0',10),('402881e63d9b1903013d9b4bc75a0014','402881e63d9b1903013d9b4bc72c000b','3','4028817a3357462e01336cc0879b0011','4028817a3357462e01336cc0877b0010','11JK1080',NULL,'JK1700011','05702b8f-6bda-4bca-9c4d-f15c18f279eb.png','全明料方形黄油缸\r\n尺寸：罩子：7.3X8CM高   盘：6X5CM\r\n1只/内盒       6只/中盒       24只/大箱','24','SETS',504,0,'\0',NULL,NULL,NULL,NULL,NULL,NULL,NULL,'2318.40',NULL,21,NULL,NULL,NULL,'4.60',NULL,NULL,'\0',5),('402881e63d9b1903013d9b4bc75a0015','402881e63d9b1903013d9b4bc72c000b','2','4028817a3357462e0133592355750005','4028817a3357462e0133591b86ec0002','C/3817/11',NULL,'2977','b5480a29-da8c-41e1-b91c-54a9fdb15834.png','全明料圆肚糖缸带盖子\r\n尺寸：16X36CM高    底径：12CM\r\n最大径：22CM    重量不低于1200克/只\r\n1只/上下保利龙盖/彩盒     2只/大箱','1/2','PCS',144,0,'\0',NULL,NULL,NULL,NULL,NULL,NULL,NULL,'2448.00',NULL,72,NULL,NULL,NULL,'17.00',NULL,NULL,'\0',3);


insert  into `ext_eproduct_c`(`EXT_EPRODUCT_ID`,`FACTORY_ID`,`EXPORT_PRODUCT_ID`,`CONTRACT_PRODUCT_ID`,`CTYPE`,`PRODUCT_NAME`,`PRODUCT_NO`,`PRODUCT_IMAGE`,`PRODUCT_DESC`,`LOADING_RATE`,`PACKING_UNIT`,`CNUMBER`,`OUT_NUMBER`,`FINISHED`,`GROSS_WEIGHT`,`NET_WEIGHT`,`SIZE_LENGTH`,`SIZE_WIDTH`,`SIZE_HEIGHT`,`PRODUCT_REQUEST`,`FACTORY`,`PRICE`,`AMOUNT`,`CUNIT`,`BOX_NUM`,`EX_PRICE`,`EX_UNIT`,`NO_TAX`,`TAX`,`COST_PRICE`,`COST_TAX`,`ACCESSORIES`,`ORDER_NO`) values ('20120219160812000000','19','4028817a3629a68e013629ffd1a8000f',NULL,2,NULL,'JK1501002-D','226f0e40-6c03-431d-8741-7bdd7adce345.jpg','黄金花纸\r\n配全明料蛋糕罩\r\n罩子尺寸：19X19.8CM高\r\n安全包装送祁县宏艺厂',NULL,'PCS',700,NULL,'\0',NULL,NULL,NULL,NULL,NULL,'1.产品的颜色、造型、尺寸、重量务必同我司封样一致；\r\n2.工厂免费提供2% 余量，以防损耗，代用包装送至指定工厂；请在外包装上注明相对应的合同号及货号；\r\n3.交期:2012年3月20日。',NULL,'9.50','6650.00',NULL,NULL,NULL,NULL,NULL,NULL,NULL,NULL,'\0',1),('20120219160812000001','19','4028817a3629a68e013629ffd199000d',NULL,2,NULL,'LYJK10/JK1502002','acf6a860-666a-450e-ba00-dbcc10ecc4f9.jpg','黄金花纸\r\n配全明料蛋糕罩\r\n罩子尺寸：12.5*13CM高\r\n安全包装送祁县宏艺',NULL,'PCS',1200,NULL,'\0',NULL,NULL,NULL,NULL,NULL,'1.产品的颜色、造型、尺寸、重量务必同我司封样一致；\r\n2.工厂免费提供2% 余量，以防损耗，代用包装送至指定工厂；请在外包装上注明相对应的合同号及货号；\r\n3.交期:2012年3月20日。',NULL,'4.20','5040.00',NULL,NULL,NULL,NULL,NULL,NULL,NULL,NULL,'\0',2),('20120219160812000002','19','4028817a3629a68e013629ffd1a8000e',NULL,2,NULL,'LYJK11/JK1502004','a41cf35b-8226-4bc8-8c34-a99f2a8d9c5e.jpg','黄金花纸\r\n配全明料蛋糕罩\r\n罩子尺寸：15*15.5CM高\r\n安全包装送祁县宏艺',NULL,'PCS',1000,NULL,'\0',NULL,NULL,NULL,NULL,NULL,'1.产品的颜色、造型、尺寸、重量务必同我司封样一致；\r\n2.工厂免费提供2% 余量，以防损耗，代用包装送至指定工厂；请在外包装上注明相对应的合同号及货号；\r\n3.交期:2012年3月20日。',NULL,'4.70','4700.00',NULL,NULL,NULL,NULL,NULL,NULL,NULL,NULL,'\0',3),('20120221120552000000','19','4028817a3632e8660136336eabe70003',NULL,2,NULL,'LYJK11/JK1502004','a41cf35b-8226-4bc8-8c34-a99f2a8d9c5e.jpg','黄金花纸\r\n配全明料蛋糕罩\r\n罩子尺寸：15*15.5CM高\r\n安全包装送祁县宏艺',NULL,'PCS',1000,NULL,'\0',NULL,NULL,NULL,NULL,NULL,'1.产品的颜色、造型、尺寸、重量务必同我司封样一致；\r\n2.工厂免费提供2% 余量，以防损耗，代用包装送至指定工厂；请在外包装上注明相对应的合同号及货号；\r\n3.交期:2012年3月20日。',NULL,'4.70','4700.00',NULL,NULL,NULL,NULL,NULL,NULL,NULL,NULL,'\0',3),('20120221120552000001','19','4028817a3632e8660136336eac250004',NULL,2,NULL,'LYJK10/JK1502002','acf6a860-666a-450e-ba00-dbcc10ecc4f9.jpg','黄金花纸\r\n配全明料蛋糕罩\r\n罩子尺寸：12.5*13CM高\r\n安全包装送祁县宏艺',NULL,'PCS',1200,NULL,'\0',NULL,NULL,NULL,NULL,NULL,'1.产品的颜色、造型、尺寸、重量务必同我司封样一致；\r\n2.工厂免费提供2% 余量，以防损耗，代用包装送至指定工厂；请在外包装上注明相对应的合同号及货号；\r\n3.交期:2012年3月20日。',NULL,'4.20','5040.00',NULL,NULL,NULL,NULL,NULL,NULL,NULL,NULL,'\0',2),('20120221120552000002','19','4028817a3632e8660136336eac350005',NULL,2,NULL,'JK1501002-D','226f0e40-6c03-431d-8741-7bdd7adce345.jpg','黄金花纸\r\n配全明料蛋糕罩\r\n罩子尺寸：19X19.8CM高\r\n安全包装送祁县宏艺厂',NULL,'PCS',700,NULL,'\0',NULL,NULL,NULL,NULL,NULL,'1.产品的颜色、造型、尺寸、重量务必同我司封样一致；\r\n2.工厂免费提供2% 余量，以防损耗，代用包装送至指定工厂；请在外包装上注明相对应的合同号及货号；\r\n3.交期:2012年3月20日。',NULL,'9.50','6650.00',NULL,NULL,NULL,NULL,NULL,NULL,NULL,NULL,'\0',1),('20120221120712000000','19','4028817a3632e8660136336fe38c0006',NULL,2,NULL,'LYJK11/JK1502004','a41cf35b-8226-4bc8-8c34-a99f2a8d9c5e.jpg','黄金花纸\r\n配全明料蛋糕罩\r\n罩子尺寸：15*15.5CM高\r\n安全包装送祁县宏艺',NULL,'PCS',1000,NULL,'\0',NULL,NULL,NULL,NULL,NULL,'1.产品的颜色、造型、尺寸、重量务必同我司封样一致；\r\n2.工厂免费提供2% 余量，以防损耗，代用包装送至指定工厂；请在外包装上注明相对应的合同号及货号；\r\n3.交期:2012年3月20日。',NULL,'4.70','4700.00',NULL,NULL,NULL,NULL,NULL,NULL,NULL,NULL,'\0',3),('20120221120712000001','19','4028817a3632e8660136336fe3cb0007',NULL,2,NULL,'LYJK10/JK1502002','acf6a860-666a-450e-ba00-dbcc10ecc4f9.jpg','黄金花纸\r\n配全明料蛋糕罩\r\n罩子尺寸：12.5*13CM高\r\n安全包装送祁县宏艺',NULL,'PCS',1200,NULL,'\0',NULL,NULL,NULL,NULL,NULL,'1.产品的颜色、造型、尺寸、重量务必同我司封样一致；\r\n2.工厂免费提供2% 余量，以防损耗，代用包装送至指定工厂；请在外包装上注明相对应的合同号及货号；\r\n3.交期:2012年3月20日。',NULL,'4.20','5040.00',NULL,NULL,NULL,NULL,NULL,NULL,NULL,NULL,'\0',2),('20120221120712000002','19','4028817a3632e8660136336fe3cb0008',NULL,2,NULL,'JK1501002-D','226f0e40-6c03-431d-8741-7bdd7adce345.jpg','黄金花纸\r\n配全明料蛋糕罩\r\n罩子尺寸：19X19.8CM高\r\n安全包装送祁县宏艺厂',NULL,'PCS',700,NULL,'\0',NULL,NULL,NULL,NULL,NULL,'1.产品的颜色、造型、尺寸、重量务必同我司封样一致；\r\n2.工厂免费提供2% 余量，以防损耗，代用包装送至指定工厂；请在外包装上注明相对应的合同号及货号；\r\n3.交期:2012年3月20日。',NULL,'9.50','6650.00',NULL,NULL,NULL,NULL,NULL,NULL,NULL,NULL,'\0',1),('20120222163324000000','19','4028817a3632e86601363989f7a9001c',NULL,2,NULL,'JK1201002/375402085','f8732bdc-f658-4bb0-9e22-566dd60a1f14.jpg','蒙砂白花纸	\r\n尺寸：1X2CM	\r\n送祁县宏艺厂',NULL,'PCS',300,NULL,'\0',NULL,NULL,NULL,NULL,NULL,'1.产品的颜色、造型、尺寸、重量务必同我司封样一致；\r\n2.工厂免费提供2% 余量，以防损耗，代用包装送至指定工厂；请在外包装上注明相对应的合同号及货号；\r\n3.交期:2012年3月10日。',NULL,'0.02','6.00',NULL,NULL,NULL,NULL,NULL,NULL,NULL,NULL,'\0',1),('20120222163324000001','20','4028817a3632e86601363989f79a001b',NULL,4,NULL,'JK1203065/JK1203066','482da511-cdc7-4e1e-ae2e-fb85e5ed6e8f.jpg','全明料小号方底座电镀		\r\n毛坯于2012年3月10日送		\r\n安全包装送祁县光华厂',NULL,'PCS',1302,NULL,'\0',NULL,NULL,NULL,NULL,NULL,'★   产品与封样无明显差异，唛头、标签及包装质量务必符合公司要求。 \r\n ★★  产品生产前期、中期、后期抽验率不得少于10%，质量和封样一致， \r\n       并将验货照片传回公司。 \r\n★★★ 重点客人的质量标准检验，产品抽验率不得少于50%，务必做到入箱前检查。 \r\n 交期：2012年3月15日送祁县光华厂。       没有经过我司同意无故延期交货造成严重后果的，按照客人的相关要求处理。 \r\n 开票：出货后请将增值税发票、验货报告、合同复印件及出库单一并寄至我司，以便我司安排付款。',NULL,'3.00','3906.00',NULL,NULL,NULL,NULL,NULL,NULL,NULL,NULL,'\0',2),('20120430151100000000','19','4028817a379b2a9701379c9551cc0014',NULL,2,NULL,'JK1050198/12860','','蒙砂白花纸\r\n烤在酒杯上（11X19CM)上\r\n送平遥鸿艺厂',NULL,'PCS',160,NULL,'\0',NULL,NULL,NULL,NULL,NULL,'1.产品的颜色、造型、尺寸、重量务必同我司封样一致；\r\n2.工厂免费提供2% 余量，以防损耗，代用包装送至指定工厂；请在外包装上注明相对应的合同号及货号；\r\n3.交期:2012年5月20日送工厂；',NULL,'0.49','78.40',NULL,NULL,NULL,NULL,NULL,NULL,NULL,NULL,'\0',1),('20120430151100000001','19','4028817a379b2a9701379c9551cc0013',NULL,2,NULL,'JK1070040/12786','undefined','蒙砂白花纸\r\n烤在低口杯上（9X10.5CM)\r\n送祁县精艺厂',NULL,'PCS',600,NULL,'\0',NULL,NULL,NULL,NULL,NULL,'1.产品的颜色、造型、尺寸、重量务必同我司封样一致；\r\n2.工厂免费提供2% 余量，以防损耗，代用包装送至指定工厂；请在外包装上注明相对应的合同号及货号；\r\n3.交期:2012年5月20日送工厂；',NULL,'0.40','240.00',NULL,NULL,NULL,NULL,NULL,NULL,NULL,NULL,'\0',2),('20120430162218000000','19','4028817a379b2a9701379cd69a430067',NULL,2,NULL,'JK1050198/12860','','蒙砂白花纸\r\n烤在酒杯上（11X19CM)上\r\n送平遥鸿艺厂',NULL,'PCS',160,NULL,'\0',NULL,NULL,NULL,NULL,NULL,'1.产品的颜色、造型、尺寸、重量务必同我司封样一致；\r\n2.工厂免费提供2% 余量，以防损耗，代用包装送至指定工厂；请在外包装上注明相对应的合同号及货号；\r\n3.交期:2012年5月20日送工厂；',NULL,'0.49','78.40',NULL,NULL,NULL,NULL,NULL,NULL,NULL,NULL,'\0',1),('20120430162218000001','19','4028817a379b2a9701379cd69a430068',NULL,2,NULL,'JK1070040/12786','undefined','蒙砂白花纸\r\n烤在低口杯上（9X10.5CM)\r\n送祁县精艺厂',NULL,'PCS',600,NULL,'\0',NULL,NULL,NULL,NULL,NULL,'1.产品的颜色、造型、尺寸、重量务必同我司封样一致；\r\n2.工厂免费提供2% 余量，以防损耗，代用包装送至指定工厂；请在外包装上注明相对应的合同号及货号；\r\n3.交期:2012年5月20日送工厂；',NULL,'0.40','240.00',NULL,NULL,NULL,NULL,NULL,NULL,NULL,NULL,'\0',2),('20120602140814000000','19','4028817a384511ae0138464db630000e',NULL,2,NULL,'JK1050201/12078','a92aa87c-c719-4c40-a59a-449a135f764b.jpg','蒙砂白花纸\r\n烤在蛋糕罩上（16.5X22CM)\r\n送祁县光华厂',NULL,'PCS',600,NULL,'\0',NULL,NULL,NULL,NULL,NULL,'1.产品的颜色、造型、尺寸、重量务必同我司封样一致；\r\n2.工厂免费提供2% 余量，以防损耗，代用包装送至指定工厂；请在外包装上注明相对应的合同号及货号；\r\n3.交期:2012年6月20日；',NULL,'0.80','480.00',NULL,NULL,NULL,NULL,NULL,NULL,NULL,NULL,'\0',1),('20120602140814000001','19','4028817a384511ae0138464db620000d',NULL,2,NULL,'JK1050195DECAL B/12859','undefined','蒙砂白花纸\r\n烤在香槟杯上（8X21CM)\r\n送平遥鸿艺厂',NULL,'PCS',400,NULL,'\0',NULL,NULL,NULL,NULL,NULL,'1.产品的颜色、造型、尺寸、重量务必同我司封样一致；\r\n2.工厂免费提供2% 余量，以防损耗，代用包装送至指定工厂；请在外包装上注明相对应的合同号及货号；\r\n3.交期:2012年6月20日；',NULL,'0.40','160.00',NULL,NULL,NULL,NULL,NULL,NULL,NULL,NULL,'\0',2),('20120602140814000002','19','4028817a384511ae0138464db630000f',NULL,2,NULL,'JK1050198/12860','undefined','蒙砂白花纸\r\n烤在红酒杯上（11X19CM)\r\n送平遥鸿艺厂',NULL,'PCS',304,NULL,'\0',NULL,NULL,NULL,NULL,NULL,'1.产品的颜色、造型、尺寸、重量务必同我司封样一致；\r\n2.工厂免费提供2% 余量，以防损耗，代用包装送至指定工厂；请在外包装上注明相对应的合同号及货号；\r\n3.交期:2012年6月20日；',NULL,'0.49','148.96',NULL,NULL,NULL,NULL,NULL,NULL,NULL,NULL,'\0',3),('20120611090145000000','16','4028817a387362980138738e5e19000b',NULL,1,NULL,'JK1050316/JK316','','白盒，上UV\r\n大揭盖盒型\r\n尺寸：18X18X17CM（翻单）',NULL,'PCS',600,NULL,'\0',NULL,NULL,NULL,NULL,NULL,'1.白盒要求250克面纸；\r\n2.工厂待用安全包装，待我司运至工厂；\r\n3.工厂免费提供1%余量，以防划伤，破损；\r\n4.交期:2012年6月20日；',NULL,'1.70','1020.00',NULL,NULL,NULL,NULL,NULL,NULL,NULL,NULL,'\0',1),('20120611090145000001','16','4028817a387362980138738e5dfa0007',NULL,1,NULL,'JK1050317/JK317','undefined','白盒，上UV\r\n大揭盖盒型\r\n尺寸：13X13X16CM（翻单）',NULL,'PCS',600,NULL,'\0',NULL,NULL,NULL,NULL,NULL,'1.彩盒要求250克面纸；\r\n2.工厂待用安全包装，待我司运至工厂；\r\n3.工厂免费提供1%余量，以防划伤，破损；\r\n4.交期:2012年6月20日；',NULL,'1.10','660.00',NULL,NULL,NULL,NULL,NULL,NULL,NULL,NULL,'\0',2),('20120611090145000002','16','4028817a387362980138738e5e0a0008',NULL,1,NULL,'JK103956-P/JK956/1','undefined','白盒，上UV\r\n侧面一面开口\r\n尺寸：34.5X14.5X7CM\r\n此款等盒子试了合适后再安排印刷',NULL,'PCS',180,NULL,'\0',NULL,NULL,NULL,NULL,NULL,'1.白盒要求250克面纸；\r\n2.工厂待用安全包装，待我司运至工厂；\r\n3.工厂免费提供1%余量，以防划伤，破损；\r\n4.交期:2012年6月20日；',NULL,'2.40','432.00',NULL,NULL,NULL,NULL,NULL,NULL,NULL,NULL,'\0',3),('20120611090145000003','16','4028817a387362980138738e5dfa0005',NULL,1,NULL,'JK1040042/JK042','undefined','白盒，上UV\r\n八爪鱼盒型\r\n尺寸：26.4X17.5X13.5CM (翻单）',NULL,'PCS',184,NULL,'\0',NULL,NULL,NULL,NULL,NULL,'1.彩盒要求250克面纸；\r\n2.工厂待用安全包装，待我司运至工厂；\r\n3.工厂免费提供1%余量，以防划伤，破损；\r\n4.交期:2012年6月20日；',NULL,'1.80','331.20',NULL,NULL,NULL,NULL,NULL,NULL,NULL,NULL,'\0',4),('20120611090146000000','18','4028817a387362980138738e5dea0004',NULL,1,NULL,'JK1050930/JK930','undefined','白盒，上UV\r\n八爪鱼盒型\r\n尺寸：28.5X19X15.5CM(翻单）\r\n之前的高度是15，现在增加了0.5CM\r\n货送完后，到月底给我们直接开票就行了，不用再和我们核对。开票资料同以前。\r\n含JK4110096数量',NULL,'PCS',420,NULL,'\0',NULL,NULL,NULL,NULL,NULL,'1.白盒要求250克面纸；\r\n2.工厂待用安全包装，待我司运至工厂；\r\n3.工厂免费提供1%余量，以防划伤，破损；\r\n4.交期:2012年6月20日送祁县精艺厂；联系人：小颉，15364882625.',NULL,'2.40','1008.00',NULL,NULL,NULL,NULL,NULL,NULL,NULL,NULL,'\0',5),('20120611090146000001','16','4028817a387362980138738e5dea0003',NULL,1,NULL,'JK103136','undefined','白盒，上UV\r\n八爪鱼盒型\r\n尺寸：29.4X19.6X19CM',NULL,'PCS',120,NULL,'\0',NULL,NULL,NULL,NULL,NULL,'1.白盒要求250克面纸；\r\n2.工厂待用安全包装，待我司运至工厂；\r\n3.工厂免费提供1%余量，以防划伤，破损；\r\n4.交期:2012年6月20日；',NULL,'2.20','264.00',NULL,NULL,NULL,NULL,NULL,NULL,NULL,NULL,'\0',6),('20120611090146000002','17','4028817a387362980138738e5e29000c',NULL,1,NULL,'JK4410026','undefined','白盒，上UV\r\n大揭盖盒型\r\n尺寸：20X20X25CM',NULL,'PCS',480,NULL,'\0',NULL,NULL,NULL,NULL,NULL,'1.白盒要求250克面纸；\r\n2.工厂待用安全包装，待我司运至工厂；\r\n3.工厂免费提供1%余量，以防划伤，破损；\r\n4.交期:2012年6月20日送祁县精艺厂，联系人：小颉（15364882625）',NULL,'2.30','1104.00',NULL,NULL,NULL,NULL,NULL,NULL,NULL,NULL,'\0',7),('20120611090146000003','17','4028817a387362980138738e5e0a0009',NULL,1,NULL,'JK4110029','undefined','白盒，上UV\r\n八爪鱼盒型\r\n尺寸：30X20X10.5CM',NULL,'PCS',300,NULL,'\0',NULL,NULL,NULL,NULL,NULL,'1.白盒要求250克面纸；\r\n2.工厂待用安全包装，待我司运至工厂；\r\n3.工厂免费提供1%余量，以防划伤，破损；\r\n4.交期:2012年6月20日送祁县精艺厂（15364882625）',NULL,'2.50','750.00',NULL,NULL,NULL,NULL,NULL,NULL,NULL,NULL,'\0',8),('20120611090146000004','17','4028817a387362980138738e5e19000a',NULL,1,NULL,'JK4100007','undefined','白盒，上UV\r\n大揭盖盒型\r\n尺寸：16X16X24.5CM',NULL,'PCS',480,NULL,'\0',NULL,NULL,NULL,NULL,NULL,'1.白盒要求250克面纸；\r\n2.工厂待用安全包装，待我司运至工厂；\r\n3.工厂免费提供1%余量，以防划伤，破损；\r\n4.交期:2012年6月20日送祁县精艺厂，联系人：小颉（15364882625）',NULL,'2.20','1056.00',NULL,NULL,NULL,NULL,NULL,NULL,NULL,NULL,'\0',9),('20120611090146000005','17','4028817a387362980138738e5dfa0006',NULL,1,NULL,'JK3600009','undefined','白盒，上UV\r\n大揭盖盒型\r\n是款带底座的盘子，可以从侧面开口\r\n尺寸：24X13.5X24CM',NULL,'PCS',600,NULL,'\0',NULL,NULL,NULL,NULL,NULL,'1,白盒要求250克面纸；\r\n2.工厂待用安全包装，待我司运至工厂；\r\n3.工厂免费提供1%余量，以防划伤，破损；\r\n4.交期:2012年6月20日送祁县天顺厂，联系人：小郭（0354-5299497）',NULL,'2.30','1380.00',NULL,NULL,NULL,NULL,NULL,NULL,NULL,NULL,'\0',10),('20120611090146000006','17','4028817a387362980138738e5ddb0002',NULL,1,NULL,'JK3600010','undefined','白盒，上UV\r\n大揭盖盒型,\r\n尺寸：33X15X33CM\r\n是款带底座的盘子，可以侧面开口',NULL,'PCS',600,NULL,'\0',NULL,NULL,NULL,NULL,NULL,'1.白盒要求250克面纸；\r\n2.工厂待用安全包装，待我司运至工厂；\r\n3.工厂免费提供1%余量，以防划伤，破损；\r\n4.交期:2012年6月20日，送祁县天顺厂，联系人：小郭（0354-5299497）',NULL,'3.00','1800.00',NULL,NULL,NULL,NULL,NULL,NULL,NULL,NULL,'\0',11),('20120613173100000000','4028817a33ecdbf70133ee202e49000b','4028817a387db33d01387fad4d3b0017',NULL,4,NULL,'6648','d8c16534-e4f7-4556-a029-5c33376c2fa3.jpg','麻花挺风灯，杯碗电镀喷琥珀色\r\n尺寸：35CM高',NULL,'PCS',252,NULL,'\0',NULL,NULL,NULL,NULL,NULL,'★   产品与封样无明显差异，唛头、标签及包装质量务必符合公司要求。 \r\n ★★  产品生产前期、中期、后期抽验率不得少于10%，质量和封样一致， \r\n       并将验货照片传回公司。 \r\n★★★ 重点客人的质量标准检验，产品抽验率不得少于50%，务必做到入箱前检查。 \r\n 交期：2012年7月15日/工厂。没有经过我司同意无故延期交货造成严重后果的，按照客人的相关要求处理。 \r\n 开票：出货后请将增值税发票、验货报告、合同复印件及出库单一并寄至我司，以便我司安排付款。',NULL,'3.00','756.00',NULL,NULL,NULL,NULL,NULL,NULL,NULL,NULL,'\0',1),('20120613173100000001','4028817a33ecdbf70133ee202e49000b','4028817a387db33d01387fad4d3b0018',NULL,4,NULL,'6650','9c897bd8-ae6f-445a-ae57-6a2e6bc8ca3c.jpg','麻花挺风灯，杯碗电镀喷紫色\r\n尺寸：35CM高',NULL,'PCS',252,NULL,'\0',NULL,NULL,NULL,NULL,NULL,'★   产品与封样无明显差异，唛头、标签及包装质量务必符合公司要求。 \r\n ★★  产品生产前期、中期、后期抽验率不得少于10%，质量和封样一致， \r\n       并将验货照片传回公司。 \r\n★★★ 重点客人的质量标准检验，产品抽验率不得少于50%，务必做到入箱前检查。 \r\n 交期：2012年7月15日/工厂。没有经过我司同意无故延期交货造成严重后果的，按照客人的相关要求处理。 \r\n 开票：出货后请将增值税发票、验货报告、合同复印件及出库单一并寄至我司，以便我司安排付款。',NULL,'3.00','756.00',NULL,NULL,NULL,NULL,NULL,NULL,NULL,NULL,'\0',2),('20120613173100000002','4028817a33ecdbf70133ee202e49000b','4028817a387db33d01387fad4d4b0019',NULL,4,NULL,'6652','2dab4a03-c448-4905-a813-31c85f1a0983.jpg','麻花挺风灯，杯碗电镀喷钴蓝色\r\n尺寸：35CM高',NULL,'PCS',252,NULL,'\0',NULL,NULL,NULL,NULL,NULL,'★   产品与封样无明显差异，唛头、标签及包装质量务必符合公司要求。 \r\n ★★  产品生产前期、中期、后期抽验率不得少于10%，质量和封样一致， \r\n       并将验货照片传回公司。 \r\n★★★ 重点客人的质量标准检验，产品抽验率不得少于50%，务必做到入箱前检查。 \r\n 交期：2012年7月15日/工厂。没有经过我司同意无故延期交货造成严重后果的，按照客人的相关要求处理。 \r\n 开票：出货后请将增值税发票、验货报告、合同复印件及出库单一并寄至我司，以便我司安排付款。',NULL,'3.00','756.00',NULL,NULL,NULL,NULL,NULL,NULL,NULL,NULL,'\0',3),('20120613173100000003','4028817a33ecdbf70133ee202e49000b','4028817a387db33d01387fad4d4b001a',NULL,4,NULL,'6655','5384acb3-e30c-4d7e-aa7e-780b324f4296.jpg','麻花挺风灯，杯碗电镀喷琥珀色\r\n尺寸：35CM高',NULL,'PCS',252,NULL,'\0',NULL,NULL,NULL,NULL,NULL,'★   产品与封样无明显差异，唛头、标签及包装质量务必符合公司要求。 \r\n ★★  产品生产前期、中期、后期抽验率不得少于10%，质量和封样一致， \r\n       并将验货照片传回公司。 \r\n★★★ 重点客人的质量标准检验，产品抽验率不得少于50%，务必做到入箱前检查。 \r\n 交期：2012年7月15日/工厂。没有经过我司同意无故延期交货造成严重后果的，按照客人的相关要求处理。 \r\n 开票：出货后请将增值税发票、验货报告、合同复印件及出库单一并寄至我司，以便我司安排付款。',NULL,'3.00','756.00',NULL,NULL,NULL,NULL,NULL,NULL,NULL,NULL,'\0',4),('20120613173100000004','4028817a33ecdbf70133ee202e49000b','4028817a387db33d01387fad4d2c0016',NULL,4,NULL,'6664','61ce7d72-80ab-48ab-94b8-aba80383e060.jpg','麻花挺风灯，杯碗电镀喷紫色\r\n尺寸：35CM',NULL,'PCS',252,NULL,'\0',NULL,NULL,NULL,NULL,NULL,'★   产品与封样无明显差异，唛头、标签及包装质量务必符合公司要求。 \r\n ★★  产品生产前期、中期、后期抽验率不得少于10%，质量和封样一致， \r\n       并将验货照片传回公司。 \r\n★★★ 重点客人的质量标准检验，产品抽验率不得少于50%，务必做到入箱前检查。 \r\n 交期：2012年7月15日/工厂。没有经过我司同意无故延期交货造成严重后果的，按照客人的相关要求处理。 \r\n 开票：出货后请将增值税发票、验货报告、合同复印件及出库单一并寄至我司，以便我司安排付款。',NULL,'3.00','756.00',NULL,NULL,NULL,NULL,NULL,NULL,NULL,NULL,'\0',5),('20120613173100000005','4028817a33ecdbf70133ee202e49000b','4028817a387db33d01387fad4d2c0015',NULL,4,NULL,'6672','d5a2bd30-a99d-4028-ac4b-4ed3e9c84f61.jpg','麻花挺风灯，杯碗电镀喷紫色\r\n尺寸：35CM',NULL,'PCS',252,NULL,'\0',NULL,NULL,NULL,NULL,NULL,'★   产品与封样无明显差异，唛头、标签及包装质量务必符合公司要求。 \r\n ★★  产品生产前期、中期、后期抽验率不得少于10%，质量和封样一致， \r\n       并将验货照片传回公司。 \r\n★★★ 重点客人的质量标准检验，产品抽验率不得少于50%，务必做到入箱前检查。 \r\n 交期：2012年7月15日/工厂。没有经过我司同意无故延期交货造成严重后果的，按照客人的相关要求处理。 \r\n 开票：出货后请将增值税发票、验货报告、合同复印件及出库单一并寄至我司，以便我司安排付款。',NULL,'3.00','756.00',NULL,NULL,NULL,NULL,NULL,NULL,NULL,NULL,'\0',6),('20120707162534000000','19','4028817a38fe72b00139003064460011',NULL,2,NULL,'JK1050198/12860','','蒙砂白花纸\r\n烤在红酒杯上（11X19CM)\r\n送平遥鸿艺厂',NULL,'PCS',240,NULL,'\0',NULL,NULL,NULL,NULL,NULL,'1.产品的颜色、造型、尺寸、重量务必同我司封样一致；\r\n2.工厂免费提供2% 余量，以防损耗，代用包装送至指定工厂；请在外包装上注明相对应的合同号及货号；\r\n3.交期:2012年6月20日；',NULL,'0.49','117.60',NULL,NULL,NULL,NULL,NULL,NULL,NULL,NULL,'\0',1),('20120707162534000001','19','4028817a38fe72b00139003064460010',NULL,2,NULL,'JK1070040/12786','undefined','蒙砂白花纸\r\n烤在低口杯上（9X10.5CM)\r\n送祁县精艺厂',NULL,'PCS',600,NULL,'\0',NULL,NULL,NULL,NULL,NULL,'1.产品的颜色、造型、尺寸、重量务必同我司封样一致；\r\n2.工厂免费提供2% 余量，以防损耗，代用包装送至指定工厂；请在外包装上注明相对应的合同号及货号；\r\n3.交期:2012年6月20日；',NULL,'0.40','240.00',NULL,NULL,NULL,NULL,NULL,NULL,NULL,NULL,'\0',2),('20120805143446000000','4028817a33ecdbf70133ee202e49000b','4028817a399492a2013995235f580004',NULL,4,NULL,'7297','1e145f14-743e-464e-b086-706a6faeff23.jpg','全明料麻花挺风灯，杯碗电镀喷红\r\n尺寸：35CM高\r\n1只/内盒          6只/大箱',NULL,'PCS',1200,NULL,'\0',NULL,NULL,NULL,NULL,NULL,'★   产品与封样无明显差异，唛头、标签及包装质量务必符合公司要求。 \r\n ★★  产品生产前期、中期、后期抽验率不得少于10%，质量和封样一致， \r\n       并将验货照片传回公司。 \r\n★★★ 重点客人的质量标准检验，产品抽验率不得少于50%，务必做到入箱前检查。 \r\n 交期：2012年8月05日/工厂。没有经过我司同意无故延期交货造成严重后果的，按照客人的相关要求处理。 \r\n 开票：出货后请将增值税发票、验货报告、合同复印件及出库单一并寄至我司，以便我司安排付款。',NULL,'3.00','3600.00',NULL,NULL,NULL,NULL,NULL,NULL,NULL,NULL,'\0',1),('20120805143446000001','4028817a33ecdbf70133ee202e49000b','4028817a399492a2013995235f580005',NULL,4,NULL,'7298','d93141e3-495f-4097-8c21-b9f8afe043ad.jpg','全明料麻花挺风灯，杯碗电镀\r\n尺寸：35CM\r\n1只/内盒         6只/大箱',NULL,'PCS',1800,NULL,'\0',NULL,NULL,NULL,NULL,NULL,'★   产品与封样无明显差异，唛头、标签及包装质量务必符合公司要求。 \r\n ★★  产品生产前期、中期、后期抽验率不得少于10%，质量和封样一致， \r\n       并将验货照片传回公司。 \r\n★★★ 重点客人的质量标准检验，产品抽验率不得少于50%，务必做到入箱前检查。 \r\n 交期：2012年8月05日/工厂。没有经过我司同意无故延期交货造成严重后果的，按照客人的相关要求处理。 \r\n 开票：出货后请将增值税发票、验货报告、合同复印件及出库单一并寄至我司，以便我司安排付款。',NULL,'3.00','5400.00',NULL,NULL,NULL,NULL,NULL,NULL,NULL,NULL,'\0',2),('20120805143446000002','4028817a33ecdbf70133ee202e49000b','4028817a399492a2013995235f580006',NULL,4,NULL,'7299','03247b89-7e9e-4b73-a07c-9e80528da2e7.jpg','全明料麻花挺风灯，杯碗电镀喷红\r\n尺寸：35CM高\r\n1只/内盒         6只/大箱',NULL,'PCS',1200,NULL,'\0',NULL,NULL,NULL,NULL,NULL,'★   产品与封样无明显差异，唛头、标签及包装质量务必符合公司要求。 \r\n ★★  产品生产前期、中期、后期抽验率不得少于10%，质量和封样一致， \r\n       并将验货照片传回公司。 \r\n★★★ 重点客人的质量标准检验，产品抽验率不得少于50%，务必做到入箱前检查。 \r\n 交期：2012年8月05日/工厂， 没有经过我司同意无故延期交货造成严重后果的，按照客人的相关要求处理。 \r\n 开票：出货后请将增值税发票、验货报告、合同复印件及出库单一并寄至我司，以便我司安排付款。',NULL,'3.00','3600.00',NULL,NULL,NULL,NULL,NULL,NULL,NULL,NULL,'\0',3),('20120805143446000003','4028817a33ecdbf70133ee202e49000b','4028817a399492a2013995235f670007',NULL,4,NULL,'7373','c92f1416-37de-49be-895c-d668b5c2dfb7.jpg','全明料麻花挺风灯，杯碗电镀\r\n尺寸：35CM\r\n1只/内盒          6只/大箱',NULL,'PCS',1800,NULL,'\0',NULL,NULL,NULL,NULL,NULL,'★   产品与封样无明显差异，唛头、标签及包装质量务必符合公司要求。 \r\n ★★  产品生产前期、中期、后期抽验率不得少于10%，质量和封样一致， \r\n       并将验货照片传回公司。 \r\n★★★ 重点客人的质量标准检验，产品抽验率不得少于50%，务必做到入箱前检查。 \r\n 交期：2012年8月05日/工厂。 没有经过我司同意无故延期交货造成严重后果的，按照客人的相关要求处理。 \r\n 开票：出货后请将增值税发票、验货报告、合同复印件及出库单一并寄至我司，以便我司安排付款。',NULL,'3.00','5400.00',NULL,NULL,NULL,NULL,NULL,NULL,NULL,NULL,'\0',4),('20120811100511000000','19','4028817a39b2b37f0139b312b5ec0004',NULL,2,NULL,'J859101141/109480','dd5f24e7-20f5-48c4-b229-b4f7eb5c2ca4.jpg','白金字母“RIVIERA MAISON\"花纸\r\n\r\n送祁县宏艺厂',NULL,'PCS',600,NULL,'\0',NULL,NULL,NULL,NULL,NULL,'1.产品的颜色、造型、尺寸、重量务必同我司封样一致；\r\n2.工厂免费提供2% 余量，以防损耗，代用包装送至指定工厂；请在外包装上注明相对应的合同号及货号；\r\n3.交期:2012年8月20日；',NULL,'0.36','216.00',NULL,NULL,NULL,NULL,NULL,NULL,NULL,NULL,'\0',1),('20120811100511000001','19','4028817a39b2b37f0139b312b5dd0003',NULL,2,NULL,'J859101767/124590','34473de8-387d-46e5-9781-5899dd37dd67.jpg','白金字母”RIVIERA MAISON\"花纸\r\n\r\n送祁县宏艺厂',NULL,'PCS',600,NULL,'\0',NULL,NULL,NULL,NULL,NULL,'1.产品的颜色、造型、尺寸、重量务必同我司封样一致；\r\n2.工厂免费提供2% 余量，以防损耗，代用包装送至指定工厂；请在外包装上注明相对应的合同号及货号；\r\n3.交期:2012年8月20日；',NULL,'0.75','450.00',NULL,NULL,NULL,NULL,NULL,NULL,NULL,NULL,'\0',2),('20120811100511000002','22','4028817a39b2b37f0139b312b5dd0003',NULL,4,NULL,'J859101767/124590','08828b5b-1ca7-438f-8ca6-4ce8fbb486b3.jpg','风灯口部电镀2.5CM宽\r\n蜡杯口部电镀2.5CM宽\r\n风灯尺寸：25X28CM\r\n蜡杯尺寸：12.5X20CM',NULL,'PCS',600,NULL,'\0',NULL,NULL,NULL,NULL,NULL,'交期：2012年9月20日工厂。 没有经过我司同意无故延期交货造成严重后果的，按照客人的相关要求处理。 \r\n开票：出货后请将增值税发票、验货报告、合同复印件及出库单一并寄至我司，以便我司安排付款。',NULL,'17.00','10200.00',NULL,NULL,NULL,NULL,NULL,NULL,NULL,NULL,'\0',3),('20120811100511000005','4028817a3632e86601363344d16d0001','4028817a39b2b37f0139b312b5ec0006',NULL,2,NULL,'160380/JK10501218','67a48bbf-26f0-4164-a6f6-227a842e00d2.jpg','字母白花纸+LOGO房子花纸\r\n\r\n小号三层糖缸\r\n\r\n祁县宏艺厂',NULL,'SETS',6000,NULL,'\0',NULL,NULL,NULL,NULL,NULL,'1.产品的颜色、造型、尺寸、重量务必同我司封样一致；\r\n2.工厂免费提供2% 余量，以防损耗，代用包装送至指定工厂；请在外包装上注明相对应的合同号及货号；\r\n3.交期:2012年8月20日；',NULL,'0.60','3600.00',NULL,NULL,NULL,NULL,NULL,NULL,NULL,NULL,'\0',5),('20120811100511000006','4028817a3632e86601363344d16d0001','4028817a39b2b37f0139b312b5ec0005',NULL,2,NULL,'JK1040009/141760','b2c5567b-b90e-4017-a1d4-4b2dbce6bdd9.jpg','字母白花纸+LOGO房子花纸\r\n大号三层糖缸\r\n\r\n祁县宏艺厂',NULL,'SETS',2400,NULL,'\0',NULL,NULL,NULL,NULL,NULL,'1.产品的颜色、造型、尺寸、重量务必同我司封样一致；\r\n2.工厂免费提供2% 余量，以防损耗，代用包装送至指定工厂；请在外包装上注明相对应的合同号及货号；\r\n3.交期:2012年8月15日；',NULL,'1.50','3600.00',NULL,NULL,NULL,NULL,NULL,NULL,NULL,NULL,'\0',4),('20120814105315000000','4028817a3632e86601363344d16d0001','4028817a39c236b00139c2b177790005',NULL,2,NULL,'JK1052446-S/201620','cdd29abe-400c-48e2-b91a-d07622d7ee37.jpg','字母白花纸+LOGO房子花纸\r\n\r\n祁县会龙厂',NULL,'SETS',1600,NULL,'\0',NULL,NULL,NULL,NULL,NULL,'1.产品的颜色、造型、尺寸、重量务必同我司封样一致；\r\n2.工厂免费提供2% 余量，以防损耗，代用包装送至指定工厂；请在外包装上注明相对应的合同号及货号；\r\n3.交期:2012年8月15日；',NULL,'0.15','240.00',NULL,NULL,NULL,NULL,NULL,NULL,NULL,NULL,'\0',7),('20120814105318000000','4028817a3632e86601363344d16d0001','4028817a39c236b00139c2b18d810006',NULL,2,NULL,'JK1052446/158080','ac0d36f2-a17b-434d-b0be-98abadccfb15.jpg','字母白花纸+LOGO房子花纸\r\n\r\n祁县会龙厂',NULL,'SETS',1200,NULL,'\0',NULL,NULL,NULL,NULL,NULL,'1.产品的颜色、造型、尺寸、重量务必同我司封样一致；\r\n2.工厂免费提供2% 余量，以防损耗，代用包装送至指定工厂；请在外包装上注明相对应的合同号及货号；\r\n3.交期:2012年8月15日;',NULL,'0.16','192.00',NULL,NULL,NULL,NULL,NULL,NULL,NULL,NULL,'\0',6),('20121008135129000000','19','4028817a3add7a3b013ade92bf5b0010',NULL,2,NULL,'JK1050201/12078','e31c0feb-a3fb-45ab-9428-f24cd05c2377.jpg','蒙砂白花纸\r\n小号蛋糕盘+罩子（16.5X22CM高）\r\n送祁县宏艺厂',NULL,'PCS',276,NULL,'\0',NULL,NULL,NULL,NULL,NULL,'1.产品的颜色、造型、尺寸、重量务必同我司封样一致；\r\n2.工厂免费提供2% 余量，以防损耗，代用包装送至指定工厂；请在外包装上注明相对应的合同号及货号；\r\n3.交期:2012年10月20日。',NULL,'0.80','220.80',NULL,NULL,NULL,NULL,NULL,NULL,NULL,NULL,'\0',3),('20121008135129000001','19','4028817a3add7a3b013ade92bf3b000f',NULL,2,NULL,'JK1050195 DECAL/12859','a31af353-d4de-4651-ae8e-365f72a8b578.jpg','蒙砂白花纸\r\n香槟杯（8X21CM高）\r\n送祁县升华厂',NULL,'PCS',400,NULL,'\0',NULL,NULL,NULL,NULL,NULL,'1.产品的颜色、造型、尺寸、重量务必同我司封样一致；\r\n2.工厂免费提供2% 余量，以防损耗，代用包装送至指定工厂；请在外包装上注明相对应的合同号及货号；\r\n3.交期:。2012年10月20日',NULL,'0.40','160.00',NULL,NULL,NULL,NULL,NULL,NULL,NULL,NULL,'\0',1),('20121008135129000002','19','4028817a3add7a3b013ade92bf1c000e',NULL,2,NULL,'JK1050198 DECAL/12860','abab4f8a-79c5-4577-a9f0-7ba079d91955.jpg','蒙砂白花纸\r\n酒杯（11X19CM高）\r\n送祁县升华厂',NULL,'PCS',240,NULL,'\0',NULL,NULL,NULL,NULL,NULL,'1.产品的颜色、造型、尺寸、重量务必同我司封样一致；\r\n2.工厂免费提供2% 余量，以防损耗，代用包装送至指定工厂；请在外包装上注明相对应的合同号及货号；\r\n3.交期：2012年10月20日',NULL,'0.49','117.60',NULL,NULL,NULL,NULL,NULL,NULL,NULL,NULL,'\0',2),('20121008135129000003','19','4028817a3add7a3b013ade92bf0d000d',NULL,2,NULL,'JK169340/13076','67bd9133-d3ac-433b-a76a-e105e4542f63.jpg','蒙砂白花纸\r\n大号蛋糕盘+罩子（24X26CM高）\r\n送祁县宏艺厂',NULL,'PCS',100,NULL,'\0',NULL,NULL,NULL,NULL,NULL,'1.产品的颜色、造型、尺寸、重量务必同我司封样一致；\r\n2.工厂免费提供2% 余量，以防损耗，代用包装送至指定工厂；请在外包装上注明相对应的合同号及货号；\r\n3.交期:2012年10月20日。',NULL,'1.60','160.00',NULL,NULL,NULL,NULL,NULL,NULL,NULL,NULL,'\0',4),('20121012105019000000','19','4028817a3af21635013af28652e80006',NULL,2,NULL,'7103-4000','6aae184c-60c4-450e-b883-eb547d950010.jpg','蒙砂字母白花纸H2O\r\n\r\n烤壶上（壶尺寸：4.5X24CM)\r\n\r\n祁县宏艺厂',NULL,'PCS',804,NULL,'\0',NULL,NULL,NULL,NULL,NULL,'1.产品的颜色、造型、尺寸、重量务必同我司封样一致；\r\n2.工厂免费提供2% 余量，以防损耗，代用包装送至指定工厂；请在外包装上注明相对应的合同号及货号；\r\n3.交期:2012年11月05日；',NULL,'0.15','120.60',NULL,NULL,NULL,NULL,NULL,NULL,NULL,NULL,'\0',1),('20121012105019000001','19','4028817a3af21635013af28652e80005',NULL,2,NULL,'7110-0020','0987ea25-bdd8-4aac-b2c2-b8f7867fd54d.jpg','蒙砂白花纸\r\n烤蛋糕罩上\r\n\r\n祁县宏艺厂',NULL,'PCS',360,NULL,'\0',NULL,NULL,NULL,NULL,NULL,'1.产品的颜色、造型、尺寸、重量务必同我司封样一致；\r\n2.工厂免费提供2% 余量，以防损耗，代用包装送至指定工厂；请在外包装上注明相对应的合同号及货号；\r\n3.交期:2012年11月05日；',NULL,'0.30','108.00',NULL,NULL,NULL,NULL,NULL,NULL,NULL,NULL,'\0',2),('20121012105019000002','19','4028817a3af21635013af28652e80004',NULL,2,NULL,'7107-0014','16b3d777-5612-490d-a457-099645842903.jpg','蒙砂字母白花纸 JE T\'AIME\r\n\r\n烤香槟杯上（5.5X18CM高）\r\n\r\n祁县海洋厂',NULL,'PCS',1536,NULL,'\0',NULL,NULL,NULL,NULL,NULL,'1.产品的颜色、造型、尺寸、重量务必同我司封样一致；\r\n2.工厂免费提供2% 余量，以防损耗，代用包装送至指定工厂；请在外包装上注明相对应的合同号及货号；\r\n3.交期:2012年11月5日；',NULL,'0.10','153.60',NULL,NULL,NULL,NULL,NULL,NULL,NULL,NULL,'\0',3),('20121012105019000003','19','4028817a3af21635013af28652e80003',NULL,2,NULL,'7102-0001','9f896470-0ed0-43ca-9e65-90e8e0cee7c4.jpg','金花纸，花型见照片\r\n\r\n烤低口杯上（7.8X10CM)\r\n\r\n祁县精艺厂',NULL,'PCS',2016,NULL,'\0',NULL,NULL,NULL,NULL,NULL,'1.产品的颜色、造型、尺寸、重量务必同我司封样一致；\r\n2.工厂免费提供2% 余量，以防损耗，代用包装送至指定工厂；请在外包装上注明相对应的合同号及货号；\r\n3.交期:2012年11月5日；',NULL,'2.70','5443.20',NULL,NULL,NULL,NULL,NULL,NULL,NULL,NULL,'\0',5),('20121012105019000004','19','4028817a3af21635013af2865317000d',NULL,2,NULL,'7102-0002','1c059f66-653b-48e6-a90b-28d4486c0469.jpg','金花纸，花型见照片\r\n烤低口杯上\r\n祁县精艺厂',NULL,'PCS',2016,NULL,'\0',NULL,NULL,NULL,NULL,NULL,'1.产品的颜色、造型、尺寸、重量务必同我司封样一致；\r\n2.工厂免费提供2% 余量，以防损耗，代用包装送至指定工厂；请在外包装上注明相对应的合同号及货号；\r\n3.交期:2012年11月5日；',NULL,'2.70','5443.20',NULL,NULL,NULL,NULL,NULL,NULL,NULL,NULL,'\0',6),('20121012105019000005','19','4028817a3af21635013af2865317000c',NULL,2,NULL,'7102-0011','ebab0e5d-469d-4c5e-af56-d683b57b6aba.jpg','金花纸，花型见照片\r\n烤高口杯上\r\n祁县精艺厂',NULL,'PCS',2016,NULL,'\0',NULL,NULL,NULL,NULL,NULL,'1.产品的颜色、造型、尺寸、重量务必同我司封样一致；\r\n2.工厂免费提供2% 余量，以防损耗，代用包装送至指定工厂；请在外包装上注明相对应的合同号及货号；\r\n3.交期:2012年11月5日；',NULL,'3.50','7056.00',NULL,NULL,NULL,NULL,NULL,NULL,NULL,NULL,'\0',7),('20121012105019000006','19','4028817a3af21635013af2865308000b',NULL,2,NULL,'7102-0022','b7c90df1-25a3-498e-84dd-da8f367d2ae1.jpg','金花纸，花型见照片\r\n烤高口杯上\r\n祁县精艺厂',NULL,'PCS',1752,NULL,'\0',NULL,NULL,NULL,NULL,NULL,'1.产品的颜色、造型、尺寸、重量务必同我司封样一致；\r\n2.工厂免费提供2% 余量，以防损耗，代用包装送至指定工厂；请在外包装上注明相对应的合同号及货号；\r\n3.交期:2012年11月5日；',NULL,'3.50','6132.00',NULL,NULL,NULL,NULL,NULL,NULL,NULL,NULL,'\0',8),('20121012105019000007','19','4028817a3af21635013af28653080009',NULL,2,NULL,'7102-0033','e036ca0c-60f2-443c-9763-4786aa10fccd.jpg','金花纸，花型见照片\r\n烤高口杯上\r\n祁县精艺厂',NULL,'PCS',1512,NULL,'\0',NULL,NULL,NULL,NULL,NULL,'1.产品的颜色、造型、尺寸、重量务必同我司封样一致；\r\n2.工厂免费提供2% 余量，以防损耗，代用包装送至指定工厂；请在外包装上注明相对应的合同号及货号；\r\n3.交期:2012年11月5日；',NULL,'3.50','5292.00',NULL,NULL,NULL,NULL,NULL,NULL,NULL,NULL,'\0',9),('20121012105020000000','19','4028817a3af21635013af28652f80008',NULL,2,NULL,'7108-0003','45eac707-c56b-4b0c-9b50-797989623027.jpg','蒙砂白花纸\r\n烤低口杯上（7X10CM)\r\n祁县宏艺厂',NULL,'PCS',1008,NULL,'\0',NULL,NULL,NULL,NULL,NULL,'1.产品的颜色、造型、尺寸、重量务必同我司封样一致；\r\n2.工厂免费提供2% 余量，以防损耗，代用包装送至指定工厂；请在外包装上注明相对应的合同号及货号；\r\n3.交期:2012年11月5日；',NULL,'0.30','302.40',NULL,NULL,NULL,NULL,NULL,NULL,NULL,NULL,'\0',10),('20121012105020000001','19','4028817a3af21635013af28652f80007',NULL,2,NULL,'7106-0007','11fb47e2-2c16-40db-8070-dcf97dcc9906.jpg','皇冠+字母 金花纸\r\n烤口杯上（8.2X5.6CM)\r\n祁县宏艺厂',NULL,'PCS',768,NULL,'\0',NULL,NULL,NULL,NULL,NULL,'1.产品的颜色、造型、尺寸、重量务必同我司封样一致；\r\n2.工厂免费提供2% 余量，以防损耗，代用包装送至指定工厂；请在外包装上注明相对应的合同号及货号；\r\n3.交期:2012年11月5日；',NULL,'0.25','192.00',NULL,NULL,NULL,NULL,NULL,NULL,NULL,NULL,'\0',11),('20121012105020000002','19','4028817a3af21635013af2865308000a',NULL,2,NULL,'7106-0008','765334a4-38ca-4eb2-8220-21216ae738ca.jpg','皇冠+字母 金花纸\r\n\r\n烤口杯上\r\n祁县宏艺厂',NULL,'PCS',768,NULL,'\0',NULL,NULL,NULL,NULL,NULL,'1.产品的颜色、造型、尺寸、重量务必同我司封样一致；\r\n2.工厂免费提供2% 余量，以防损耗，代用包装送至指定工厂；请在外包装上注明相对应的合同号及货号；\r\n3.交期:2012年11月5日；',NULL,'0.25','192.00',NULL,NULL,NULL,NULL,NULL,NULL,NULL,NULL,'\0',12),('20121012111035000000','19','4028817a3af21635013af298def40025',NULL,2,NULL,'7103-4000','6aae184c-60c4-450e-b883-eb547d950010.jpg','蒙砂字母白花纸H2O\r\n\r\n烤壶上（壶尺寸：4.5X24CM)\r\n\r\n祁县宏艺厂',NULL,'PCS',804,NULL,'\0',NULL,NULL,NULL,NULL,NULL,'1.产品的颜色、造型、尺寸、重量务必同我司封样一致；\r\n2.工厂免费提供2% 余量，以防损耗，代用包装送至指定工厂；请在外包装上注明相对应的合同号及货号；\r\n3.交期:2012年11月05日；',NULL,'0.15','120.60',NULL,NULL,NULL,NULL,NULL,NULL,NULL,NULL,'\0',1),('20121012111035000001','19','4028817a3af21635013af298dea6001d',NULL,2,NULL,'7110-0020','0987ea25-bdd8-4aac-b2c2-b8f7867fd54d.jpg','蒙砂白花纸\r\n烤蛋糕罩上\r\n\r\n祁县宏艺厂',NULL,'PCS',360,NULL,'\0',NULL,NULL,NULL,NULL,NULL,'1.产品的颜色、造型、尺寸、重量务必同我司封样一致；\r\n2.工厂免费提供2% 余量，以防损耗，代用包装送至指定工厂；请在外包装上注明相对应的合同号及货号；\r\n3.交期:2012年11月05日；',NULL,'0.30','108.00',NULL,NULL,NULL,NULL,NULL,NULL,NULL,NULL,'\0',2),('20121012111035000002','19','4028817a3af21635013af298df040027',NULL,2,NULL,'7107-0014','16b3d777-5612-490d-a457-099645842903.jpg','蒙砂字母白花纸 JE T\'AIME\r\n\r\n烤香槟杯上（5.5X18CM高）\r\n\r\n祁县海洋厂',NULL,'PCS',1536,NULL,'\0',NULL,NULL,NULL,NULL,NULL,'1.产品的颜色、造型、尺寸、重量务必同我司封样一致；\r\n2.工厂免费提供2% 余量，以防损耗，代用包装送至指定工厂；请在外包装上注明相对应的合同号及货号；\r\n3.交期:2012年11月5日；',NULL,'0.10','153.60',NULL,NULL,NULL,NULL,NULL,NULL,NULL,NULL,'\0',3),('20121012111035000003','19','4028817a3af21635013af298dea6001e',NULL,2,NULL,'7102-0001','9f896470-0ed0-43ca-9e65-90e8e0cee7c4.jpg','金花纸，花型见照片\r\n\r\n烤低口杯上（7.8X10CM)\r\n\r\n祁县精艺厂',NULL,'PCS',2016,NULL,'\0',NULL,NULL,NULL,NULL,NULL,'1.产品的颜色、造型、尺寸、重量务必同我司封样一致；\r\n2.工厂免费提供2% 余量，以防损耗，代用包装送至指定工厂；请在外包装上注明相对应的合同号及货号；\r\n3.交期:2012年11月5日；',NULL,'2.70','5443.20',NULL,NULL,NULL,NULL,NULL,NULL,NULL,NULL,'\0',5),('20121012111035000004','19','4028817a3af21635013af298deb6001f',NULL,2,NULL,'7102-0002','1c059f66-653b-48e6-a90b-28d4486c0469.jpg','金花纸，花型见照片\r\n烤低口杯上\r\n祁县精艺厂',NULL,'PCS',2016,NULL,'\0',NULL,NULL,NULL,NULL,NULL,'1.产品的颜色、造型、尺寸、重量务必同我司封样一致；\r\n2.工厂免费提供2% 余量，以防损耗，代用包装送至指定工厂；请在外包装上注明相对应的合同号及货号；\r\n3.交期:2012年11月5日；',NULL,'2.70','5443.20',NULL,NULL,NULL,NULL,NULL,NULL,NULL,NULL,'\0',6),('20121012111035000005','19','4028817a3af21635013af298deb60020',NULL,2,NULL,'7102-0011','ebab0e5d-469d-4c5e-af56-d683b57b6aba.jpg','金花纸，花型见照片\r\n烤高口杯上\r\n祁县精艺厂',NULL,'PCS',2016,NULL,'\0',NULL,NULL,NULL,NULL,NULL,'1.产品的颜色、造型、尺寸、重量务必同我司封样一致；\r\n2.工厂免费提供2% 余量，以防损耗，代用包装送至指定工厂；请在外包装上注明相对应的合同号及货号；\r\n3.交期:2012年11月5日；',NULL,'3.50','7056.00',NULL,NULL,NULL,NULL,NULL,NULL,NULL,NULL,'\0',7),('20121012111035000006','19','4028817a3af21635013af298dec60021',NULL,2,NULL,'7102-0022','b7c90df1-25a3-498e-84dd-da8f367d2ae1.jpg','金花纸，花型见照片\r\n烤高口杯上\r\n祁县精艺厂',NULL,'PCS',1752,NULL,'\0',NULL,NULL,NULL,NULL,NULL,'1.产品的颜色、造型、尺寸、重量务必同我司封样一致；\r\n2.工厂免费提供2% 余量，以防损耗，代用包装送至指定工厂；请在外包装上注明相对应的合同号及货号；\r\n3.交期:2012年11月5日；',NULL,'3.50','6132.00',NULL,NULL,NULL,NULL,NULL,NULL,NULL,NULL,'\0',8),('20121012111035000007','19','4028817a3af21635013af298ded50022',NULL,2,NULL,'7102-0033','e036ca0c-60f2-443c-9763-4786aa10fccd.jpg','金花纸，花型见照片\r\n烤高口杯上\r\n祁县精艺厂',NULL,'PCS',1512,NULL,'\0',NULL,NULL,NULL,NULL,NULL,'1.产品的颜色、造型、尺寸、重量务必同我司封样一致；\r\n2.工厂免费提供2% 余量，以防损耗，代用包装送至指定工厂；请在外包装上注明相对应的合同号及货号；\r\n3.交期:2012年11月5日；',NULL,'3.50','5292.00',NULL,NULL,NULL,NULL,NULL,NULL,NULL,NULL,'\0',9),('20121012111035000008','19','4028817a3af21635013af298dee50023',NULL,2,NULL,'7108-0003','45eac707-c56b-4b0c-9b50-797989623027.jpg','蒙砂白花纸\r\n烤低口杯上（7X10CM)\r\n祁县宏艺厂',NULL,'PCS',1008,NULL,'\0',NULL,NULL,NULL,NULL,NULL,'1.产品的颜色、造型、尺寸、重量务必同我司封样一致；\r\n2.工厂免费提供2% 余量，以防损耗，代用包装送至指定工厂；请在外包装上注明相对应的合同号及货号；\r\n3.交期:2012年11月5日；',NULL,'0.30','302.40',NULL,NULL,NULL,NULL,NULL,NULL,NULL,NULL,'\0',10),('20121012111035000009','19','4028817a3af21635013af298dee50024',NULL,2,NULL,'7106-0007','11fb47e2-2c16-40db-8070-dcf97dcc9906.jpg','皇冠+字母 金花纸\r\n烤口杯上（8.2X5.6CM)\r\n祁县宏艺厂',NULL,'PCS',768,NULL,'\0',NULL,NULL,NULL,NULL,NULL,'1.产品的颜色、造型、尺寸、重量务必同我司封样一致；\r\n2.工厂免费提供2% 余量，以防损耗，代用包装送至指定工厂；请在外包装上注明相对应的合同号及货号；\r\n3.交期:2012年11月5日；',NULL,'0.25','192.00',NULL,NULL,NULL,NULL,NULL,NULL,NULL,NULL,'\0',11),('20121012111035000010','19','4028817a3af21635013af298def40026',NULL,2,NULL,'7106-0008','765334a4-38ca-4eb2-8220-21216ae738ca.jpg','皇冠+字母 金花纸\r\n\r\n烤口杯上\r\n祁县宏艺厂',NULL,'PCS',768,NULL,'\0',NULL,NULL,NULL,NULL,NULL,'1.产品的颜色、造型、尺寸、重量务必同我司封样一致；\r\n2.工厂免费提供2% 余量，以防损耗，代用包装送至指定工厂；请在外包装上注明相对应的合同号及货号；\r\n3.交期:2012年11月5日；',NULL,'0.25','192.00',NULL,NULL,NULL,NULL,NULL,NULL,NULL,NULL,'\0',12),('20121012111716000003','19','4028817a3af21635013af29efe370042',NULL,2,NULL,'7102-0001','9f896470-0ed0-43ca-9e65-90e8e0cee7c4.jpg','金花纸，花型见照片\r\n\r\n烤低口杯上（7.8X10CM)\r\n\r\n祁县精艺厂',NULL,'PCS',2016,NULL,'\0',NULL,NULL,NULL,NULL,NULL,'1.产品的颜色、造型、尺寸、重量务必同我司封样一致；\r\n2.工厂免费提供2% 余量，以防损耗，代用包装送至指定工厂；请在外包装上注明相对应的合同号及货号；\r\n3.交期:2012年11月5日；',NULL,'2.70','5443.20',NULL,NULL,NULL,NULL,NULL,NULL,NULL,NULL,'\0',5),('20121012111716000004','19','4028817a3af21635013af29efe370043',NULL,2,NULL,'7102-0002','1c059f66-653b-48e6-a90b-28d4486c0469.jpg','金花纸，花型见照片\r\n烤低口杯上\r\n祁县精艺厂',NULL,'PCS',2016,NULL,'\0',NULL,NULL,NULL,NULL,NULL,'1.产品的颜色、造型、尺寸、重量务必同我司封样一致；\r\n2.工厂免费提供2% 余量，以防损耗，代用包装送至指定工厂；请在外包装上注明相对应的合同号及货号；\r\n3.交期:2012年11月5日；',NULL,'2.70','5443.20',NULL,NULL,NULL,NULL,NULL,NULL,NULL,NULL,'\0',6),('20121012111716000005','19','4028817a3af21635013af29efe370044',NULL,2,NULL,'7102-0011','ebab0e5d-469d-4c5e-af56-d683b57b6aba.jpg','金花纸，花型见照片\r\n烤高口杯上\r\n祁县精艺厂',NULL,'PCS',2016,NULL,'\0',NULL,NULL,NULL,NULL,NULL,'1.产品的颜色、造型、尺寸、重量务必同我司封样一致；\r\n2.工厂免费提供2% 余量，以防损耗，代用包装送至指定工厂；请在外包装上注明相对应的合同号及货号；\r\n3.交期:2012年11月5日；',NULL,'3.50','7056.00',NULL,NULL,NULL,NULL,NULL,NULL,NULL,NULL,'\0',7),('20121012111716000006','19','4028817a3af21635013af29efe08003c',NULL,2,NULL,'7102-0022','b7c90df1-25a3-498e-84dd-da8f367d2ae1.jpg','金花纸，花型见照片\r\n烤高口杯上\r\n祁县精艺厂',NULL,'PCS',1752,NULL,'\0',NULL,NULL,NULL,NULL,NULL,'1.产品的颜色、造型、尺寸、重量务必同我司封样一致；\r\n2.工厂免费提供2% 余量，以防损耗，代用包装送至指定工厂；请在外包装上注明相对应的合同号及货号；\r\n3.交期:2012年11月5日；',NULL,'3.50','6132.00',NULL,NULL,NULL,NULL,NULL,NULL,NULL,NULL,'\0',8),('20121012111716000007','19','4028817a3af21635013af29efe18003d',NULL,2,NULL,'7102-0033','e036ca0c-60f2-443c-9763-4786aa10fccd.jpg','金花纸，花型见照片\r\n烤高口杯上\r\n祁县精艺厂',NULL,'PCS',1512,NULL,'\0',NULL,NULL,NULL,NULL,NULL,'1.产品的颜色、造型、尺寸、重量务必同我司封样一致；\r\n2.工厂免费提供2% 余量，以防损耗，代用包装送至指定工厂；请在外包装上注明相对应的合同号及货号；\r\n3.交期:2012年11月5日；',NULL,'3.50','5292.00',NULL,NULL,NULL,NULL,NULL,NULL,NULL,NULL,'\0',9),('20121026141902000000','19','4028817a3b3a59cd013b3b5e6e0e001c',NULL,2,NULL,'JK0024/JK1104003-D','e28408c1-c443-4b41-b561-93a012688906.jpg','蒙砂花纸，配全明料香槟杯\r\n送祁县宏艺厂',NULL,'PCS',1200,NULL,'\0',NULL,NULL,NULL,NULL,NULL,'1.产品的颜色、造型、尺寸、重量务必同我司封样一致；\r\n2.工厂免费提供2% 余量，以防损耗，代用包装送至指定工厂；请在外包装上注明相对应的合同号及货号；\r\n3.交期:2012年11月20日。',NULL,'0.10','120.00',NULL,NULL,NULL,NULL,NULL,NULL,NULL,NULL,'\0',1),('20121026141902000001','19','4028817a3b3a59cd013b3b5e6dfe001b',NULL,2,NULL,'JK0025/JK1102331-D','244d0435-e05e-4795-993a-446872770c2c.jpg','蒙砂花纸，配全明料酒杯\r\n送祁县宏艺厂',NULL,'PCS',1206,NULL,'\0',NULL,NULL,NULL,NULL,NULL,'1.产品的颜色、造型、尺寸、重量务必同我司封样一致；\r\n2.工厂免费提供2% 余量，以防损耗，代用包装送至指定工厂；请在外包装上注明相对应的合同号及货号；\r\n3.交期:2012年11月20日。',NULL,'0.20','241.20',NULL,NULL,NULL,NULL,NULL,NULL,NULL,NULL,'\0',2),('20121026141902000002','19','4028817a3b3a59cd013b3b5e6e0e001d',NULL,2,NULL,'JK0026/JK1102332-D','0729169a-1bea-4cab-beea-6b020e7099af.jpg','蒙砂花纸，配全明料酒杯\r\n送祁县宏艺厂',NULL,'PCS',1206,NULL,'\0',NULL,NULL,NULL,NULL,NULL,'1.产品的颜色、造型、尺寸、重量务必同我司封样一致；\r\n2.工厂免费提供2% 余量，以防损耗，代用包装送至指定工厂；请在外包装上注明相对应的合同号及货号；\r\n3.交期:2012年11月20日。',NULL,'0.20','241.20',NULL,NULL,NULL,NULL,NULL,NULL,NULL,NULL,'\0',3),('20121026152046000000','4028817a33ecdbf70133ee202e49000b','4028817a3b3a59cd013b3b96f4830035',NULL,4,NULL,'5369','236db500-6d19-460e-afc7-4732067c084f.jpg','全明料小号蛋糕盘粘底座，电镀脏银\r\n尺寸：21X9.5CM高\r\n1只/五层内盒      4只/大箱',NULL,'PCS',600,0,'\0',NULL,NULL,NULL,NULL,NULL,'★   产品与封样无明显差异，唛头、标签及包装质量务必符合公司要求。 \r\n ★★  产品生产前期、中期、后期抽验率不得少于10%，质量和封样一致， \r\n       并将验货照片传回公司。 \r\n★★★ 重点客人的质量标准检验，产品抽验率不得少于50%，务必做到入箱前检查。 \r\n 交期：2012年11月30日/工厂。 没有经过我司同意无故延期交货造成严重后果的，按照客人的相关要求处理。 \r\n 开票：出货后请将增值税发票、验货报告、合同复印件及出库单一并寄至我司，以便我司安排付款。',NULL,'4.50','2700.00',NULL,NULL,NULL,NULL,NULL,NULL,NULL,NULL,'\0',1),('20121026152046000001','4028817a33ecdbf70133ee202e49000b','4028817a3b3a59cd013b3b96f4830036',NULL,4,NULL,'5370','4ab5bf66-455f-4c8a-980b-aa352fb4b7ba.jpg','全明料中号蛋糕盘粘底座，电镀脏银\r\n尺寸：25.5CMX9.5CM高\r\n1只/五层内盒      4只/大箱',NULL,'PCS',600,0,'\0',NULL,NULL,NULL,NULL,NULL,'★   产品与封样无明显差异，唛头、标签及包装质量务必符合公司要求。 \r\n ★★  产品生产前期、中期、后期抽验率不得少于10%，质量和封样一致， \r\n       并将验货照片传回公司。 \r\n★★★ 重点客人的质量标准检验，产品抽验率不得少于50%，务必做到入箱前检查。 \r\n 交期：2012年11月30日/工 ，没有经过我司同意无故延期交货造成严重后果的，按照客人的相关要求处理。 \r\n 开票：出货后请将增值税发票、验货报告、合同复印件及出库单一并寄至我司，以便我司安排付款。',NULL,'5.00','3000.00',NULL,NULL,NULL,NULL,NULL,NULL,NULL,NULL,'\0',2),('20121026152046000002','4028817a33ecdbf70133ee202e49000b','4028817a3b3a59cd013b3b96f4930037',NULL,4,NULL,'5371','a898b1a1-0521-459a-8700-a6418b64ec2b.jpg','全明料大号蛋糕盘粘底座，电镀脏银\r\n尺寸：30.5X10CM高\r\n1只/五层内盒      4只/大箱',NULL,'PCS',600,0,'\0',NULL,NULL,NULL,NULL,NULL,'★   产品与封样无明显差异，唛头、标签及包装质量务必符合公司要求。 \r\n ★★  产品生产前期、中期、后期抽验率不得少于10%，质量和封样一致， \r\n       并将验货照片传回公司。 \r\n★★★ 重点客人的质量标准检验，产品抽验率不得少于50%，务必做到入箱前检查。 \r\n 交期：2012年6月30日/工厂。 没有经过我司同意无故延期交货造成严重后果的，按照客人的相关要求处理。 \r\n 开票：出货后请将增值税发票、验货报告、合同复印件及出库单一并寄至我司，以便我司安排付款。',NULL,'6.20','3720.00',NULL,NULL,NULL,NULL,NULL,NULL,NULL,NULL,'\0',3),('20121026152046000003','4028817a33ecdbf70133ee202e49000b','4028817a3b3a59cd013b3b96f4930038',NULL,4,NULL,'5375','2b9a92d0-d875-4c8c-85e8-f9fba468d60f.jpg','全明料小号蛋糕盘粘底座，电镀脏银\r\n尺寸：20.5X12CM高\r\n1只/五层内盒        4只/大箱',NULL,'PCS',600,0,'\0',NULL,NULL,NULL,NULL,NULL,'★   产品与封样无明显差异，唛头、标签及包装质量务必符合公司要求。 \r\n ★★  产品生产前期、中期、后期抽验率不得少于10%，质量和封样一致， \r\n       并将验货照片传回公司。 \r\n★★★ 重点客人的质量标准检验，产品抽验率不得少于50%，务必做到入箱前检查。 \r\n 交期：2012年11月30日/工厂。 没有经过我司同意无故延期交货造成严重后果的，按照客人的相关要求处理。 \r\n 开票：出货后请将增值税发票、验货报告、合同复印件及出库单一并寄至我司，以便我司安排付款。',NULL,'4.50','2700.00',NULL,NULL,NULL,NULL,NULL,NULL,NULL,NULL,'\0',4),('20121026152046000004','4028817a33ecdbf70133ee202e49000b','4028817a3b3a59cd013b3b96f4930039',NULL,4,NULL,'5376','d59a0731-b413-4378-9720-bf66617a135f.jpg','全明料中号蛋糕盘粘底座，电镀脏银\r\n尺寸：25.5X12.5CM高\r\n1只/五层内盒        4只/大箱',NULL,'PCS',600,0,'\0',NULL,NULL,NULL,NULL,NULL,'★   产品与封样无明显差异，唛头、标签及包装质量务必符合公司要求。 \r\n ★★  产品生产前期、中期、后期抽验率不得少于10%，质量和封样一致， \r\n       并将验货照片传回公司。 \r\n★★★ 重点客人的质量标准检验，产品抽验率不得少于50%，务必做到入箱前检查。 \r\n 交期：2012年11月30人/工厂。 没有经过我司同意无故延期交货造成严重后果的，按照客人的相关要求处理。 \r\n 开票：出货后请将增值税发票、验货报告、合同复印件及出库单一并寄至我司，以便我司安排付款。',NULL,'5.00','3000.00',NULL,NULL,NULL,NULL,NULL,NULL,NULL,NULL,'\0',5),('20121026152046000005','4028817a33ecdbf70133ee202e49000b','4028817a3b3a59cd013b3b96f4830034',NULL,4,NULL,'5377','07a87b8a-5815-435b-bd78-39f3e12f8224.jpg','全明料大号蛋糕盘粘底座，电镀脏银\r\n尺寸：31.5X12.5CM高\r\n1只/五层内盒       4只/大箱',NULL,'PCS',600,0,'\0',NULL,NULL,NULL,NULL,NULL,'★   产品与封样无明显差异，唛头、标签及包装质量务必符合公司要求。 \r\n ★★  产品生产前期、中期、后期抽验率不得少于10%，质量和封样一致， \r\n       并将验货照片传回公司。 \r\n★★★ 重点客人的质量标准检验，产品抽验率不得少于50%，务必做到入箱前检查。 \r\n 交期：2012年11月30日/工厂。  没有经过我司同意无故延期交货造成严重后果的，按照客人的相关要求处理。 \r\n 开票：出货后请将增值税发票、验货报告、合同复印件及出库单一并寄至我司，以便我司安排付款。',NULL,'6.20','3720.00',NULL,NULL,NULL,NULL,NULL,NULL,NULL,NULL,'\0',6),('2012919150602000000','16','4028817a3a714bbf013a77d7cebc002d',NULL,1,NULL,'22298','777e549f-9373-4420-8930-970580f3e572.jpg','白盒			\r\n350克面纸，环保油UV印刷	\r\n配明料果汁缸		\r\n白盒尺寸：43.5X23.5X38.8CM',NULL,'PCS',650,0,'\0',NULL,NULL,NULL,NULL,NULL,'1.彩盒要求350克面纸；\r\n2.工厂待用安全包装。\r\n3.工厂免费提供1%余量，以防划伤，破损；\r\n4.交期:2012年10月10日送文水志远厂。',NULL,'6.10','3965.00',NULL,NULL,NULL,NULL,NULL,NULL,NULL,NULL,'\0',1),('2012919150602000001','21','4028817a3a714bbf013a77d7cebc002d',NULL,3,NULL,'22298','d543b8c4-9f84-4cfa-99ec-abc39bd9fd44.jpg','全包保利龙\r\n配方形糖缸',NULL,'PCS',650,0,'\0',NULL,NULL,NULL,NULL,NULL,'1.产品质量要好，颗粒细小，压制密实，无毛边；\r\n2.工厂待用安全包装，运至指定工厂；\r\n3.交期：2012年10月10日送文水志远厂。',NULL,'6.00','3900.00',NULL,NULL,NULL,NULL,NULL,NULL,NULL,NULL,'\0',2),('4028817a3357462e013359291f540007','16','402881e63d9b1903013d9b4bc75a0012',NULL,1,NULL,'2965','undefined','彩盒，新菲林\r\n配全明料糖缸带盖子\r\n彩盒尺寸：20X20X41CM',NULL,'PCS',144,NULL,'\0',NULL,NULL,NULL,NULL,NULL,'1.彩盒要求350克面纸；\r\n2.工厂待用安全包装，待我司运至工厂；\r\n3.工厂免费提供1%余量，以防划伤，破损；\r\n4.交期:2011年11月05日。',NULL,'3.20','460.80',NULL,NULL,NULL,NULL,NULL,NULL,NULL,NULL,'\0',2),('4028817a3357462e013359291f640008','16','402881e63d9b1903013d9b4bc75a000e',NULL,1,NULL,'2964','','彩盒，新菲林\r\n配全明料糖缸带盖子\r\n彩盒尺寸：22.5X22.5X48.5CM',NULL,'PCS',144,NULL,'\0',NULL,NULL,NULL,NULL,NULL,'1.彩盒要求350克面纸；\r\n2.工厂待用安全包装，待我司运至工厂；\r\n3.工厂免费提供1%余量，以防划伤，破损；\r\n4.交期:2011年11月05日。',NULL,'4.00','576.00',NULL,NULL,NULL,NULL,NULL,NULL,NULL,NULL,'\0',1),('4028817a3357462e013359291f640009','16','402881e63d9b1903013d9b4bc75a000f',NULL,1,NULL,'2976','undefined','彩盒，新菲林\r\n配明料糖缸带盖子\r\n彩盒尺寸：25.7X25.7X35.7CM',NULL,'PCS',144,NULL,'\0',NULL,NULL,NULL,NULL,NULL,'1.彩盒要求350克面纸；\r\n2.工厂待用安全包装，待我司运至工厂；\r\n3.工厂免费提供1%余量，以防划伤，破损；\r\n4.交期:2011年11月05日。',NULL,'3.90','561.60',NULL,NULL,NULL,NULL,NULL,NULL,NULL,NULL,'\0',4),('4028817a3357462e013359291f64000a','16','402881e63d9b1903013d9b4bc75a000f',NULL,1,NULL,'2976','undefined','彩盒，新菲林\r\n配全明料糖缸带盖子\r\n彩盒尺寸：21.5X21.5X41CM',NULL,'PCS',144,NULL,'\0',NULL,NULL,NULL,NULL,NULL,'1.彩盒要求350克面纸；\r\n2.工厂待用安全包装，待我司运至工厂；\r\n3.工厂免费提供1%余量，以防划伤，破损；\r\n4.交期:2011年11月05日。',NULL,'3.30','475.20',NULL,NULL,NULL,NULL,NULL,NULL,NULL,NULL,'\0',3),('4028817a33ecdbf70133edfc84d40001','19','402881e63d9b1903013d9b4bc75a0010',NULL,2,NULL,'JK1014005','94d2d773-24b6-412e-b0e3-0fc9dddf0955.png','低温鱼花纸\r\n明料低口杯\r\n祁县宏艺厂',NULL,'PCS',1800,NULL,'\0',NULL,NULL,NULL,NULL,NULL,'1.产品的颜色、造型、尺寸、务必同提供的样品一致；\r\n2.工厂免费提供2% 余量，以防损耗，代用包装送至指定工厂；请在外包装上注明相对应的合同号及货号；\r\n3.交期:2011年12月10；',NULL,'1.20','2160.00',NULL,NULL,NULL,NULL,NULL,NULL,NULL,NULL,'\0',4),('4028817a33ecdbf70133edfc84e40002','19','402881e63d9b1903013d9b4bc75a0013',NULL,2,NULL,'JK1080766-3','29bb909d-d527-475d-bfbe-e5e05a02349c.png','套3白花纸\r\n\r\n送祁县宏艺厂',NULL,'SETS',600,NULL,'\0',NULL,NULL,NULL,NULL,NULL,'1.产品的颜色、造型、尺寸、务必同提供的样品一致；\r\n2.工厂免费提供2% 余量，以防损耗，代用包装送至指定工厂；请在外包装上注明相对应的合同号及货号；\r\n3.交期:2011年12月10；',NULL,'0.60','360.00',NULL,NULL,NULL,NULL,NULL,NULL,NULL,NULL,'\0',1),('4028817a33ecdbf70133edfc84e40003','19','402881e63d9b1903013d9b4bc75a0011',NULL,2,NULL,'JK1014006','7be85008-7652-4995-aaca-3ade8405eca9.png','套6彩色花纸\r\n明料低口杯\r\n祁县宏艺厂',NULL,'SETS',300,NULL,'\0',NULL,NULL,NULL,NULL,NULL,'1.产品的颜色、造型、尺寸、务必同提供的样品一致；\r\n2.工厂免费提供2% 余量，以防损耗，代用包装送至指定工厂；请在外包装上注明相对应的合同号及货号；\r\n3.交期:2011年12月10；',NULL,'9.00','2700.00',NULL,NULL,NULL,NULL,NULL,NULL,NULL,NULL,'\0',5),('4028817a33ecdbf70133edfc84e40004','19','402881e63d9b1903013d9b4bc72c000c',NULL,2,NULL,'JK1014001','7a3d341f-f473-44ce-9bd4-c7f2b87343ca.png','低温鱼花纸\r\n明料大碗\r\n送祁县宏艺厂',NULL,'PCS',1000,NULL,'\0',NULL,NULL,NULL,NULL,NULL,'1.产品的颜色、造型、尺寸、务必同提供的样品一致；\r\n2.工厂免费提供2% 余量，以防损耗，代用包装送至指定工厂；请在外包装上注明相对应的合同号及货号；\r\n3.交期:2011年12月10；',NULL,'2.40','2400.00',NULL,NULL,NULL,NULL,NULL,NULL,NULL,NULL,'\0',2),('4028817a33ecdbf70133edfc84e40005','19','402881e63d9b1903013d9b4bc74b000d',NULL,2,NULL,'JK1014003','73980c53-44f6-4232-8c04-9d08a66eeccb.png','低温鱼花纸\r\n明料盘子\r\n\r\n送祁县天顺厂',NULL,'PCS',1200,NULL,'\0',NULL,NULL,NULL,NULL,NULL,'1.产品的颜色、造型、尺寸、务必同提供的样品一致；\r\n2.工厂免费提供2% 余量，以防损耗，代用包装送至指定工厂；请在外包装上注明相对应的合同号及货号；\r\n3.交期:2011年12月10；',NULL,'3.80','4560.00',NULL,NULL,NULL,NULL,NULL,NULL,NULL,NULL,'\0',3),('ff8080813298f1200132992931700006','18','ff80808132ddb21d0132ddb4771a0001',NULL,1,NULL,'JK1080579','','彩盒 \r\n尺寸：23X23X24',NULL,'PCS',600,NULL,'\0',NULL,NULL,NULL,NULL,NULL,'不可划伤',NULL,'2.30','1380.00',NULL,NULL,NULL,NULL,NULL,NULL,NULL,NULL,'\0',2),('ff8080813298f1200132992931700007','18','ff80808132ddb21d0132ddb477490002',NULL,1,NULL,'JK1087578','','彩盒 \r\n尺寸：23X23X24',NULL,'PCS',500,NULL,'\0',NULL,NULL,NULL,NULL,NULL,'不可划伤',NULL,'2.30','1150.00',NULL,NULL,NULL,NULL,NULL,NULL,NULL,NULL,'\0',1);

