{
  "id": "realm",
  "realm": "realm",
  "notBefore": 0,
  "revokeRefreshToken": false,
  "refreshTokenMaxReuse": 0,
  "accessTokenLifespan": 300,
  "accessTokenLifespanForImplicitFlow": 900,
  "ssoSessionIdleTimeout": 1800,
  "ssoSessionMaxLifespan": 36000,
  "offlineSessionIdleTimeout": 2592000,
  "accessCodeLifespan": 60,
  "accessCodeLifespanUserAction": 300,
  "accessCodeLifespanLogin": 1800,
  "actionTokenGeneratedByAdminLifespan": 43200,
  "actionTokenGeneratedByUserLifespan": 300,
  "enabled": true,
  "sslRequired": "external",
  "registrationAllowed": false,
  "registrationEmailAsUsername": false,
  "rememberMe": false,
  "verifyEmail": false,
  "loginWithEmailAllowed": true,
  "duplicateEmailsAllowed": false,
  "resetPasswordAllowed": false,
  "editUsernameAllowed": false,
  "bruteForceProtected": false,
  "permanentLockout": false,
  "maxFailureWaitSeconds": 900,
  "minimumQuickLoginWaitSeconds": 60,
  "waitIncrementSeconds": 60,
  "quickLoginCheckMilliSeconds": 1000,
  "maxDeltaTimeSeconds": 43200,
  "failureFactor": 30,
  "roles": {
    "realm": [
      {
        "id": "8c40b518-4f25-471d-9ec9-70578792e1a1",
        "name": "uma_authorization",
        "description": "${role_uma_authorization}",
        "scopeParamRequired": false,
        "composite": false,
        "clientRole": false,
        "containerId": "realm"
      },
      {
        "id": "a199268f-db7d-4863-bd27-31da62da764c",
        "name": "user-role",
        "scopeParamRequired": false,
        "composite": false,
        "clientRole": false,
        "containerId": "realm"
      },
      {
        "id": "55ebd9de-2b25-4ad7-b93b-18a93f20d8c6",
        "name": "offline_access",
        "description": "${role_offline-access}",
        "scopeParamRequired": true,
        "composite": false,
        "clientRole": false,
        "containerId": "realm"
      },
      {
        "id": "91f1f8d1-7ff5-4e2f-a5d8-16e3cde197ae",
        "name": "test-role",
        "scopeParamRequired": false,
        "composite": false,
        "clientRole": false,
        "containerId": "realm"
      }
    ],
    "client": {
      "zuul-server": [],
      "realm-management": [
        {
          "id": "8c6978fc-fb33-4501-b9b9-d21c2c3156c5",
          "name": "view-clients",
          "description": "${role_view-clients}",
          "scopeParamRequired": false,
          "composite": true,
          "composites": {
            "client": {
              "realm-management": [
                "query-clients"
              ]
            }
          },
          "clientRole": true,
          "containerId": "de97dfea-f43a-4bf2-869e-4c08c598fbc9"
        },
        {
          "id": "d97dd131-0e8f-45a8-806d-dd1fa72ed313",
          "name": "view-identity-providers",
          "description": "${role_view-identity-providers}",
          "scopeParamRequired": false,
          "composite": false,
          "clientRole": true,
          "containerId": "de97dfea-f43a-4bf2-869e-4c08c598fbc9"
        },
        {
          "id": "fee74d3d-7d5c-451a-93ab-b46195bf732f",
          "name": "impersonation",
          "description": "${role_impersonation}",
          "scopeParamRequired": false,
          "composite": false,
          "clientRole": true,
          "containerId": "de97dfea-f43a-4bf2-869e-4c08c598fbc9"
        },
        {
          "id": "904df56b-ff4e-4e3d-a89b-8ffcab050b14",
          "name": "realm-admin",
          "description": "${role_realm-admin}",
          "scopeParamRequired": false,
          "composite": true,
          "composites": {
            "client": {
              "realm-management": [
                "view-clients",
                "view-identity-providers",
                "impersonation",
                "manage-authorization",
                "manage-identity-providers",
                "create-client",
                "query-groups",
                "manage-users",
                "query-clients",
                "manage-clients",
                "query-realms",
                "view-events",
                "manage-events",
                "manage-realm",
                "query-users",
                "view-realm",
                "view-users",
                "view-authorization"
              ]
            }
          },
          "clientRole": true,
          "containerId": "de97dfea-f43a-4bf2-869e-4c08c598fbc9"
        },
        {
          "id": "022e2597-996a-484b-83f9-ec77a56ebc9f",
          "name": "manage-authorization",
          "description": "${role_manage-authorization}",
          "scopeParamRequired": false,
          "composite": false,
          "clientRole": true,
          "containerId": "de97dfea-f43a-4bf2-869e-4c08c598fbc9"
        },
        {
          "id": "33ad01e9-c498-4ab2-b38c-ec4b62b8ce02",
          "name": "manage-identity-providers",
          "description": "${role_manage-identity-providers}",
          "scopeParamRequired": false,
          "composite": false,
          "clientRole": true,
          "containerId": "de97dfea-f43a-4bf2-869e-4c08c598fbc9"
        },
        {
          "id": "3de30114-f108-4ffd-be88-3afa42a0ad56",
          "name": "create-client",
          "description": "${role_create-client}",
          "scopeParamRequired": false,
          "composite": false,
          "clientRole": true,
          "containerId": "de97dfea-f43a-4bf2-869e-4c08c598fbc9"
        },
        {
          "id": "ac41017d-755f-458d-9e87-b4361a88bee7",
          "name": "query-groups",
          "description": "${role_query-groups}",
          "scopeParamRequired": false,
          "composite": false,
          "clientRole": true,
          "containerId": "de97dfea-f43a-4bf2-869e-4c08c598fbc9"
        },
        {
          "id": "c0953c3b-376e-43f3-ba20-09f2f76bcc27",
          "name": "manage-users",
          "description": "${role_manage-users}",
          "scopeParamRequired": false,
          "composite": false,
          "clientRole": true,
          "containerId": "de97dfea-f43a-4bf2-869e-4c08c598fbc9"
        },
        {
          "id": "02aa251b-efab-415a-a98b-1629d135b79f",
          "name": "query-clients",
          "description": "${role_query-clients}",
          "scopeParamRequired": false,
          "composite": false,
          "clientRole": true,
          "containerId": "de97dfea-f43a-4bf2-869e-4c08c598fbc9"
        },
        {
          "id": "e17d793e-3a46-4635-a539-ff7084f3511a",
          "name": "view-events",
          "description": "${role_view-events}",
          "scopeParamRequired": false,
          "composite": false,
          "clientRole": true,
          "containerId": "de97dfea-f43a-4bf2-869e-4c08c598fbc9"
        },
        {
          "id": "d4c25d87-2e99-45cb-a088-9a10fa1c760d",
          "name": "manage-clients",
          "description": "${role_manage-clients}",
          "scopeParamRequired": false,
          "composite": false,
          "clientRole": true,
          "containerId": "de97dfea-f43a-4bf2-869e-4c08c598fbc9"
        },
        {
          "id": "da4f8025-fe68-49c1-894a-9f87913d913f",
          "name": "query-realms",
          "description": "${role_query-realms}",
          "scopeParamRequired": false,
          "composite": false,
          "clientRole": true,
          "containerId": "de97dfea-f43a-4bf2-869e-4c08c598fbc9"
        },
        {
          "id": "82cf2cf6-08c3-4a06-925d-d48a96635d1b",
          "name": "manage-events",
          "description": "${role_manage-events}",
          "scopeParamRequired": false,
          "composite": false,
          "clientRole": true,
          "containerId": "de97dfea-f43a-4bf2-869e-4c08c598fbc9"
        },
        {
          "id": "a8e438db-7357-46ea-af5c-f696b1705739",
          "name": "manage-realm",
          "description": "${role_manage-realm}",
          "scopeParamRequired": false,
          "composite": false,
          "clientRole": true,
          "containerId": "de97dfea-f43a-4bf2-869e-4c08c598fbc9"
        },
        {
          "id": "684f2ed4-a503-4e76-9903-c978cba096e5",
          "name": "view-realm",
          "description": "${role_view-realm}",
          "scopeParamRequired": false,
          "composite": false,
          "clientRole": true,
          "containerId": "de97dfea-f43a-4bf2-869e-4c08c598fbc9"
        },
        {
          "id": "364544b3-a24d-4dd7-b40b-6f93e672cc88",
          "name": "query-users",
          "description": "${role_query-users}",
          "scopeParamRequired": false,
          "composite": false,
          "clientRole": true,
          "containerId": "de97dfea-f43a-4bf2-869e-4c08c598fbc9"
        },
        {
          "id": "b639fa55-ae27-42f1-b049-77fc403f2aaf",
          "name": "view-users",
          "description": "${role_view-users}",
          "scopeParamRequired": false,
          "composite": true,
          "composites": {
            "client": {
              "realm-management": [
                "query-users",
                "query-groups"
              ]
            }
          },
          "clientRole": true,
          "containerId": "de97dfea-f43a-4bf2-869e-4c08c598fbc9"
        },
        {
          "id": "b1571b78-5406-461d-ad1e-9d5830b46170",
          "name": "view-authorization",
          "description": "${role_view-authorization}",
          "scopeParamRequired": false,
          "composite": false,
          "clientRole": true,
          "containerId": "de97dfea-f43a-4bf2-869e-4c08c598fbc9"
        }
      ],
      "ms-consumer-sample": [],
      "ms-content-sample": [],
      "security-admin-console": [],
      "admin-cli": [],
      "broker": [
        {
          "id": "a8b3d60e-5699-410d-808e-187f0cf975cf",
          "name": "read-token",
          "description": "${role_read-token}",
          "scopeParamRequired": false,
          "composite": false,
          "clientRole": true,
          "containerId": "d5e2fbf4-1ffa-4eb2-9f8f-747100c701d9"
        }
      ],
      "account": [
        {
          "id": "54b2dd57-be2c-4d7a-b370-76cfd2e3392a",
          "name": "view-profile",
          "description": "${role_view-profile}",
          "scopeParamRequired": false,
          "composite": false,
          "clientRole": true,
          "containerId": "f182028d-70dc-4644-9294-df398ea8ac7b"
        },
        {
          "id": "9a5124b5-aea6-4423-8112-8a64ec33afb6",
          "name": "manage-account",
          "description": "${role_manage-account}",
          "scopeParamRequired": false,
          "composite": true,
          "composites": {
            "client": {
              "account": [
                "manage-account-links"
              ]
            }
          },
          "clientRole": true,
          "containerId": "f182028d-70dc-4644-9294-df398ea8ac7b"
        },
        {
          "id": "ae0e2b81-8bde-4fb9-9f1c-a33fc391d6d3",
          "name": "manage-account-links",
          "description": "${role_manage-account-links}",
          "scopeParamRequired": false,
          "composite": false,
          "clientRole": true,
          "containerId": "f182028d-70dc-4644-9294-df398ea8ac7b"
        }
      ]
    }
  },
  "groups": [],
  "defaultRoles": [
    "offline_access",
    "uma_authorization"
  ],
  "requiredCredentials": [
    "password"
  ],
  "otpPolicyType": "totp",
  "otpPolicyAlgorithm": "HmacSHA1",
  "otpPolicyInitialCounter": 0,
  "otpPolicyDigits": 6,
  "otpPolicyLookAheadWindow": 1,
  "otpPolicyPeriod": 30,
  "clients": [
    {
      "id": "6d5bc90d-576b-4606-ab24-053dfb8df891",
      "clientId": "ms-consumer-sample",
      "surrogateAuthRequired": false,
      "enabled": true,
      "clientAuthenticatorType": "client-secret",
      "secret": "**********",
      "redirectUris": [],
      "webOrigins": [],
      "notBefore": 0,
      "bearerOnly": true,
      "consentRequired": false,
      "standardFlowEnabled": true,
      "implicitFlowEnabled": false,
      "directAccessGrantsEnabled": true,
      "serviceAccountsEnabled": false,
      "publicClient": false,
      "frontchannelLogout": false,
      "protocol": "openid-connect",
      "attributes": {
        "saml.assertion.signature": "false",
        "saml.force.post.binding": "false",
        "saml.multivalued.roles": "false",
        "saml.encrypt": "false",
        "saml_force_name_id_format": "false",
        "saml.client.signature": "false",
        "saml.authnstatement": "false",
        "saml.server.signature": "false",
        "saml.server.signature.keyinfo.ext": "false",
        "saml.onetimeuse.condition": "false"
      },
      "fullScopeAllowed": true,
      "nodeReRegistrationTimeout": -1,
      "protocolMappers": [
        {
          "id": "b81fecc2-169a-4811-9a0c-bf47440cfa29",
          "name": "role list",
          "protocol": "saml",
          "protocolMapper": "saml-role-list-mapper",
          "consentRequired": false,
          "config": {
            "single": "false",
            "attribute.nameformat": "Basic",
            "attribute.name": "Role"
          }
        },
        {
          "id": "ab2f00c3-496e-4812-81eb-369307dcd51a",
          "name": "username",
          "protocol": "openid-connect",
          "protocolMapper": "oidc-usermodel-property-mapper",
          "consentRequired": true,
          "consentText": "${username}",
          "config": {
            "userinfo.token.claim": "true",
            "user.attribute": "username",
            "id.token.claim": "true",
            "access.token.claim": "true",
            "claim.name": "preferred_username",
            "jsonType.label": "String"
          }
        },
        {
          "id": "f6cb4f4c-e264-499c-90c1-9e657a2d34cc",
          "name": "full name",
          "protocol": "openid-connect",
          "protocolMapper": "oidc-full-name-mapper",
          "consentRequired": true,
          "consentText": "${fullName}",
          "config": {
            "id.token.claim": "true",
            "access.token.claim": "true"
          }
        },
        {
          "id": "63da8104-a197-4656-b204-6c4fdea03caf",
          "name": "given name",
          "protocol": "openid-connect",
          "protocolMapper": "oidc-usermodel-property-mapper",
          "consentRequired": true,
          "consentText": "${givenName}",
          "config": {
            "userinfo.token.claim": "true",
            "user.attribute": "firstName",
            "id.token.claim": "true",
            "access.token.claim": "true",
            "claim.name": "given_name",
            "jsonType.label": "String"
          }
        },
        {
          "id": "787838fc-54af-421d-ab4a-ec43aa14effa",
          "name": "email",
          "protocol": "openid-connect",
          "protocolMapper": "oidc-usermodel-property-mapper",
          "consentRequired": true,
          "consentText": "${email}",
          "config": {
            "userinfo.token.claim": "true",
            "user.attribute": "email",
            "id.token.claim": "true",
            "access.token.claim": "true",
            "claim.name": "email",
            "jsonType.label": "String"
          }
        },
        {
          "id": "45d60f3b-1d29-470c-be9a-d60faeb9343f",
          "name": "family name",
          "protocol": "openid-connect",
          "protocolMapper": "oidc-usermodel-property-mapper",
          "consentRequired": true,
          "consentText": "${familyName}",
          "config": {
            "userinfo.token.claim": "true",
            "user.attribute": "lastName",
            "id.token.claim": "true",
            "access.token.claim": "true",
            "claim.name": "family_name",
            "jsonType.label": "String"
          }
        }
      ],
      "useTemplateConfig": false,
      "useTemplateScope": false,
      "useTemplateMappers": false
    },
    {
      "id": "de97dfea-f43a-4bf2-869e-4c08c598fbc9",
      "clientId": "realm-management",
      "name": "${client_realm-management}",
      "surrogateAuthRequired": false,
      "enabled": true,
      "clientAuthenticatorType": "client-secret",
      "secret": "**********",
      "redirectUris": [],
      "webOrigins": [],
      "notBefore": 0,
      "bearerOnly": true,
      "consentRequired": false,
      "standardFlowEnabled": true,
      "implicitFlowEnabled": false,
      "directAccessGrantsEnabled": false,
      "serviceAccountsEnabled": false,
      "publicClient": false,
      "frontchannelLogout": false,
      "protocol": "openid-connect",
      "attributes": {},
      "fullScopeAllowed": false,
      "nodeReRegistrationTimeout": 0,
      "protocolMappers": [
        {
          "id": "e4a56605-dafa-42b1-82e8-2d48396464cb",
          "name": "given name",
          "protocol": "openid-connect",
          "protocolMapper": "oidc-usermodel-property-mapper",
          "consentRequired": true,
          "consentText": "${givenName}",
          "config": {
            "userinfo.token.claim": "true",
            "user.attribute": "firstName",
            "id.token.claim": "true",
            "access.token.claim": "true",
            "claim.name": "given_name",
            "jsonType.label": "String"
          }
        },
        {
          "id": "9c83f73e-6833-4b92-b302-36a40efcb47b",
          "name": "role list",
          "protocol": "saml",
          "protocolMapper": "saml-role-list-mapper",
          "consentRequired": false,
          "config": {
            "single": "false",
            "attribute.nameformat": "Basic",
            "attribute.name": "Role"
          }
        },
        {
          "id": "14f53ab1-9e2c-423c-8fa9-a34cb7fe26df",
          "name": "full name",
          "protocol": "openid-connect",
          "protocolMapper": "oidc-full-name-mapper",
          "consentRequired": true,
          "consentText": "${fullName}",
          "config": {
            "id.token.claim": "true",
            "access.token.claim": "true"
          }
        },
        {
          "id": "c8f984ea-c0db-4b66-8400-2948f3d6004e",
          "name": "username",
          "protocol": "openid-connect",
          "protocolMapper": "oidc-usermodel-property-mapper",
          "consentRequired": true,
          "consentText": "${username}",
          "config": {
            "userinfo.token.claim": "true",
            "user.attribute": "username",
            "id.token.claim": "true",
            "access.token.claim": "true",
            "claim.name": "preferred_username",
            "jsonType.label": "String"
          }
        },
        {
          "id": "b8daa503-5488-46f9-a4c0-274051080adb",
          "name": "family name",
          "protocol": "openid-connect",
          "protocolMapper": "oidc-usermodel-property-mapper",
          "consentRequired": true,
          "consentText": "${familyName}",
          "config": {
            "userinfo.token.claim": "true",
            "user.attribute": "lastName",
            "id.token.claim": "true",
            "access.token.claim": "true",
            "claim.name": "family_name",
            "jsonType.label": "String"
          }
        },
        {
          "id": "afae67ee-f5a6-4137-92da-9476bde97856",
          "name": "email",
          "protocol": "openid-connect",
          "protocolMapper": "oidc-usermodel-property-mapper",
          "consentRequired": true,
          "consentText": "${email}",
          "config": {
            "userinfo.token.claim": "true",
            "user.attribute": "email",
            "id.token.claim": "true",
            "access.token.claim": "true",
            "claim.name": "email",
            "jsonType.label": "String"
          }
        }
      ],
      "useTemplateConfig": false,
      "useTemplateScope": false,
      "useTemplateMappers": false
    },
    {
      "id": "fd83fbb3-7639-45e8-b370-55c8bb652e2c",
      "clientId": "zuul-server",
      "surrogateAuthRequired": false,
      "enabled": true,
      "clientAuthenticatorType": "client-secret",
      "secret": "**********",
      "redirectUris": [
        "http://localhost:5566/*"
      ],
      "webOrigins": [],
      "notBefore": 0,
      "bearerOnly": false,
      "consentRequired": false,
      "standardFlowEnabled": true,
      "implicitFlowEnabled": false,
      "directAccessGrantsEnabled": true,
      "serviceAccountsEnabled": false,
      "publicClient": true,
      "frontchannelLogout": false,
      "protocol": "openid-connect",
      "attributes": {
        "saml.assertion.signature": "false",
        "saml.force.post.binding": "false",
        "saml.multivalued.roles": "false",
        "saml.encrypt": "false",
        "saml_force_name_id_format": "false",
        "saml.client.signature": "false",
        "saml.authnstatement": "false",
        "saml.server.signature": "false",
        "saml.server.signature.keyinfo.ext": "false",
        "saml.onetimeuse.condition": "false"
      },
      "fullScopeAllowed": true,
      "nodeReRegistrationTimeout": -1,
      "protocolMappers": [
        {
          "id": "226751e4-9169-4d7e-aa9a-985cd00ff6bc",
          "name": "full name",
          "protocol": "openid-connect",
          "protocolMapper": "oidc-full-name-mapper",
          "consentRequired": true,
          "consentText": "${fullName}",
          "config": {
            "id.token.claim": "true",
            "access.token.claim": "true"
          }
        },
        {
          "id": "9f33d96f-32fb-4d7f-b887-6a41becff57b",
          "name": "role list",
          "protocol": "saml",
          "protocolMapper": "saml-role-list-mapper",
          "consentRequired": false,
          "config": {
            "single": "false",
            "attribute.nameformat": "Basic",
            "attribute.name": "Role"
          }
        },
        {
          "id": "caba42f8-1781-40a3-aa0d-d7780fdfd4dc",
          "name": "username",
          "protocol": "openid-connect",
          "protocolMapper": "oidc-usermodel-property-mapper",
          "consentRequired": true,
          "consentText": "${username}",
          "config": {
            "userinfo.token.claim": "true",
            "user.attribute": "username",
            "id.token.claim": "true",
            "access.token.claim": "true",
            "claim.name": "preferred_username",
            "jsonType.label": "String"
          }
        },
        {
          "id": "83fc9a7d-1a92-4472-b41e-cbd610913cd4",
          "name": "given name",
          "protocol": "openid-connect",
          "protocolMapper": "oidc-usermodel-property-mapper",
          "consentRequired": true,
          "consentText": "${givenName}",
          "config": {
            "userinfo.token.claim": "true",
            "user.attribute": "firstName",
            "id.token.claim": "true",
            "access.token.claim": "true",
            "claim.name": "given_name",
            "jsonType.label": "String"
          }
        },
        {
          "id": "b0926f1b-36bc-49e0-aa68-22a6d5d9e72f",
          "name": "family name",
          "protocol": "openid-connect",
          "protocolMapper": "oidc-usermodel-property-mapper",
          "consentRequired": true,
          "consentText": "${familyName}",
          "config": {
            "userinfo.token.claim": "true",
            "user.attribute": "lastName",
            "id.token.claim": "true",
            "access.token.claim": "true",
            "claim.name": "family_name",
            "jsonType.label": "String"
          }
        },
        {
          "id": "c2959105-9c0e-475f-aefb-cd26ac525674",
          "name": "email",
          "protocol": "openid-connect",
          "protocolMapper": "oidc-usermodel-property-mapper",
          "consentRequired": true,
          "consentText": "${email}",
          "config": {
            "userinfo.token.claim": "true",
            "user.attribute": "email",
            "id.token.claim": "true",
            "access.token.claim": "true",
            "claim.name": "email",
            "jsonType.label": "String"
          }
        }
      ],
      "useTemplateConfig": false,
      "useTemplateScope": false,
      "useTemplateMappers": false
    },
    {
      "id": "f49178a7-9a0a-4875-a537-05e4248abf0d",
      "clientId": "ms-content-sample",
      "surrogateAuthRequired": false,
      "enabled": true,
      "clientAuthenticatorType": "client-secret",
      "secret": "**********",
      "redirectUris": [],
      "webOrigins": [],
      "notBefore": 0,
      "bearerOnly": true,
      "consentRequired": false,
      "standardFlowEnabled": true,
      "implicitFlowEnabled": false,
      "directAccessGrantsEnabled": true,
      "serviceAccountsEnabled": false,
      "publicClient": false,
      "frontchannelLogout": false,
      "protocol": "openid-connect",
      "attributes": {
        "saml.assertion.signature": "false",
        "saml.force.post.binding": "false",
        "saml.multivalued.roles": "false",
        "saml.encrypt": "false",
        "saml_force_name_id_format": "false",
        "saml.client.signature": "false",
        "saml.authnstatement": "false",
        "saml.server.signature": "false",
        "saml.server.signature.keyinfo.ext": "false",
        "saml.onetimeuse.condition": "false"
      },
      "fullScopeAllowed": true,
      "nodeReRegistrationTimeout": -1,
      "protocolMappers": [
        {
          "id": "84f46f83-edcc-4f03-8fd4-038a90df1d40",
          "name": "full name",
          "protocol": "openid-connect",
          "protocolMapper": "oidc-full-name-mapper",
          "consentRequired": true,
          "consentText": "${fullName}",
          "config": {
            "id.token.claim": "true",
            "access.token.claim": "true"
          }
        },
        {
          "id": "5f7b4cff-a784-4d5c-90c4-e49e7d410912",
          "name": "given name",
          "protocol": "openid-connect",
          "protocolMapper": "oidc-usermodel-property-mapper",
          "consentRequired": true,
          "consentText": "${givenName}",
          "config": {
            "userinfo.token.claim": "true",
            "user.attribute": "firstName",
            "id.token.claim": "true",
            "access.token.claim": "true",
            "claim.name": "given_name",
            "jsonType.label": "String"
          }
        },
        {
          "id": "7ce7f840-f15c-4ec9-a7da-81595c23faa6",
          "name": "family name",
          "protocol": "openid-connect",
          "protocolMapper": "oidc-usermodel-property-mapper",
          "consentRequired": true,
          "consentText": "${familyName}",
          "config": {
            "userinfo.token.claim": "true",
            "user.attribute": "lastName",
            "id.token.claim": "true",
            "access.token.claim": "true",
            "claim.name": "family_name",
            "jsonType.label": "String"
          }
        },
        {
          "id": "a3dd8231-8bb1-4c30-8dba-ec4dc9265328",
          "name": "role list",
          "protocol": "saml",
          "protocolMapper": "saml-role-list-mapper",
          "consentRequired": false,
          "config": {
            "single": "false",
            "attribute.nameformat": "Basic",
            "attribute.name": "Role"
          }
        },
        {
          "id": "1ebe6706-a678-49d2-96f9-e4919812b334",
          "name": "username",
          "protocol": "openid-connect",
          "protocolMapper": "oidc-usermodel-property-mapper",
          "consentRequired": true,
          "consentText": "${username}",
          "config": {
            "userinfo.token.claim": "true",
            "user.attribute": "username",
            "id.token.claim": "true",
            "access.token.claim": "true",
            "claim.name": "preferred_username",
            "jsonType.label": "String"
          }
        },
        {
          "id": "da59d704-5644-4172-8629-f453b3907f2b",
          "name": "email",
          "protocol": "openid-connect",
          "protocolMapper": "oidc-usermodel-property-mapper",
          "consentRequired": true,
          "consentText": "${email}",
          "config": {
            "userinfo.token.claim": "true",
            "user.attribute": "email",
            "id.token.claim": "true",
            "access.token.claim": "true",
            "claim.name": "email",
            "jsonType.label": "String"
          }
        }
      ],
      "useTemplateConfig": false,
      "useTemplateScope": false,
      "useTemplateMappers": false
    },
    {
      "id": "bac61888-8f3e-4d16-90d8-6ecd49e6fea8",
      "clientId": "admin-cli",
      "name": "${client_admin-cli}",
      "surrogateAuthRequired": false,
      "enabled": true,
      "clientAuthenticatorType": "client-secret",
      "secret": "**********",
      "redirectUris": [],
      "webOrigins": [],
      "notBefore": 0,
      "bearerOnly": false,
      "consentRequired": false,
      "standardFlowEnabled": false,
      "implicitFlowEnabled": false,
      "directAccessGrantsEnabled": true,
      "serviceAccountsEnabled": false,
      "publicClient": true,
      "frontchannelLogout": false,
      "protocol": "openid-connect",
      "attributes": {},
      "fullScopeAllowed": false,
      "nodeReRegistrationTimeout": 0,
      "protocolMappers": [
        {
          "id": "c7520980-3026-4a48-987c-0af502031205",
          "name": "full name",
          "protocol": "openid-connect",
          "protocolMapper": "oidc-full-name-mapper",
          "consentRequired": true,
          "consentText": "${fullName}",
          "config": {
            "id.token.claim": "true",
            "access.token.claim": "true"
          }
        },
        {
          "id": "1fc1803e-b74a-4201-878c-94f658c82e1e",
          "name": "username",
          "protocol": "openid-connect",
          "protocolMapper": "oidc-usermodel-property-mapper",
          "consentRequired": true,
          "consentText": "${username}",
          "config": {
            "userinfo.token.claim": "true",
            "user.attribute": "username",
            "id.token.claim": "true",
            "access.token.claim": "true",
            "claim.name": "preferred_username",
            "jsonType.label": "String"
          }
        },
        {
          "id": "1dc1a9d1-5d48-462b-94bc-697118a8af5f",
          "name": "given name",
          "protocol": "openid-connect",
          "protocolMapper": "oidc-usermodel-property-mapper",
          "consentRequired": true,
          "consentText": "${givenName}",
          "config": {
            "userinfo.token.claim": "true",
            "user.attribute": "firstName",
            "id.token.claim": "true",
            "access.token.claim": "true",
            "claim.name": "given_name",
            "jsonType.label": "String"
          }
        },
        {
          "id": "e2b02a80-a8d6-4b91-811a-104dd5dcc02d",
          "name": "role list",
          "protocol": "saml",
          "protocolMapper": "saml-role-list-mapper",
          "consentRequired": false,
          "config": {
            "single": "false",
            "attribute.nameformat": "Basic",
            "attribute.name": "Role"
          }
        },
        {
          "id": "c707024a-ec0c-4da8-982e-56b97f22df02",
          "name": "family name",
          "protocol": "openid-connect",
          "protocolMapper": "oidc-usermodel-property-mapper",
          "consentRequired": true,
          "consentText": "${familyName}",
          "config": {
            "userinfo.token.claim": "true",
            "user.attribute": "lastName",
            "id.token.claim": "true",
            "access.token.claim": "true",
            "claim.name": "family_name",
            "jsonType.label": "String"
          }
        },
        {
          "id": "270ce5b2-d71b-4e37-8f58-fcfde58fd745",
          "name": "email",
          "protocol": "openid-connect",
          "protocolMapper": "oidc-usermodel-property-mapper",
          "consentRequired": true,
          "consentText": "${email}",
          "config": {
            "userinfo.token.claim": "true",
            "user.attribute": "email",
            "id.token.claim": "true",
            "access.token.claim": "true",
            "claim.name": "email",
            "jsonType.label": "String"
          }
        }
      ],
      "useTemplateConfig": false,
      "useTemplateScope": false,
      "useTemplateMappers": false
    },
    {
      "id": "d5e2fbf4-1ffa-4eb2-9f8f-747100c701d9",
      "clientId": "broker",
      "name": "${client_broker}",
      "surrogateAuthRequired": false,
      "enabled": true,
      "clientAuthenticatorType": "client-secret",
      "secret": "**********",
      "redirectUris": [],
      "webOrigins": [],
      "notBefore": 0,
      "bearerOnly": false,
      "consentRequired": false,
      "standardFlowEnabled": true,
      "implicitFlowEnabled": false,
      "directAccessGrantsEnabled": false,
      "serviceAccountsEnabled": false,
      "publicClient": false,
      "frontchannelLogout": false,
      "protocol": "openid-connect",
      "attributes": {},
      "fullScopeAllowed": false,
      "nodeReRegistrationTimeout": 0,
      "protocolMappers": [
        {
          "id": "a0aa4e1c-7e06-4137-8f66-d89cc07e110f",
          "name": "role list",
          "protocol": "saml",
          "protocolMapper": "saml-role-list-mapper",
          "consentRequired": false,
          "config": {
            "single": "false",
            "attribute.nameformat": "Basic",
            "attribute.name": "Role"
          }
        },
        {
          "id": "8ae39d07-b797-4b7f-9a42-6fee49faafe8",
          "name": "given name",
          "protocol": "openid-connect",
          "protocolMapper": "oidc-usermodel-property-mapper",
          "consentRequired": true,
          "consentText": "${givenName}",
          "config": {
            "userinfo.token.claim": "true",
            "user.attribute": "firstName",
            "id.token.claim": "true",
            "access.token.claim": "true",
            "claim.name": "given_name",
            "jsonType.label": "String"
          }
        },
        {
          "id": "bdad7270-6c11-4e43-ada4-22123466e61f",
          "name": "full name",
          "protocol": "openid-connect",
          "protocolMapper": "oidc-full-name-mapper",
          "consentRequired": true,
          "consentText": "${fullName}",
          "config": {
            "id.token.claim": "true",
            "access.token.claim": "true"
          }
        },
        {
          "id": "fe4a0c77-8092-4ba0-82bc-d0e6925e89ab",
          "name": "email",
          "protocol": "openid-connect",
          "protocolMapper": "oidc-usermodel-property-mapper",
          "consentRequired": true,
          "consentText": "${email}",
          "config": {
            "userinfo.token.claim": "true",
            "user.attribute": "email",
            "id.token.claim": "true",
            "access.token.claim": "true",
            "claim.name": "email",
            "jsonType.label": "String"
          }
        },
        {
          "id": "d1372b6a-e0f4-494d-b5df-f86f2b2370b1",
          "name": "username",
          "protocol": "openid-connect",
          "protocolMapper": "oidc-usermodel-property-mapper",
          "consentRequired": true,
          "consentText": "${username}",
          "config": {
            "userinfo.token.claim": "true",
            "user.attribute": "username",
            "id.token.claim": "true",
            "access.token.claim": "true",
            "claim.name": "preferred_username",
            "jsonType.label": "String"
          }
        },
        {
          "id": "58078093-1b5d-4615-8b50-8c8116268245",
          "name": "family name",
          "protocol": "openid-connect",
          "protocolMapper": "oidc-usermodel-property-mapper",
          "consentRequired": true,
          "consentText": "${familyName}",
          "config": {
            "userinfo.token.claim": "true",
            "user.attribute": "lastName",
            "id.token.claim": "true",
            "access.token.claim": "true",
            "claim.name": "family_name",
            "jsonType.label": "String"
          }
        }
      ],
      "useTemplateConfig": false,
      "useTemplateScope": false,
      "useTemplateMappers": false
    },
    {
      "id": "f182028d-70dc-4644-9294-df398ea8ac7b",
      "clientId": "account",
      "name": "${client_account}",
      "baseUrl": "/auth/realms/realm/account",
      "surrogateAuthRequired": false,
      "enabled": true,
      "clientAuthenticatorType": "client-secret",
      "secret": "**********",
      "defaultRoles": [
        "view-profile",
        "manage-account"
      ],
      "redirectUris": [
        "/auth/realms/realm/account/*"
      ],
      "webOrigins": [],
      "notBefore": 0,
      "bearerOnly": false,
      "consentRequired": false,
      "standardFlowEnabled": true,
      "implicitFlowEnabled": false,
      "directAccessGrantsEnabled": false,
      "serviceAccountsEnabled": false,
      "publicClient": false,
      "frontchannelLogout": false,
      "protocol": "openid-connect",
      "attributes": {},
      "fullScopeAllowed": false,
      "nodeReRegistrationTimeout": 0,
      "protocolMappers": [
        {
          "id": "85110c33-1a67-4e81-9982-8b312b9e987d",
          "name": "given name",
          "protocol": "openid-connect",
          "protocolMapper": "oidc-usermodel-property-mapper",
          "consentRequired": true,
          "consentText": "${givenName}",
          "config": {
            "userinfo.token.claim": "true",
            "user.attribute": "firstName",
            "id.token.claim": "true",
            "access.token.claim": "true",
            "claim.name": "given_name",
            "jsonType.label": "String"
          }
        },
        {
          "id": "3e7b9900-b919-4d17-9f52-707e9ef50e28",
          "name": "email",
          "protocol": "openid-connect",
          "protocolMapper": "oidc-usermodel-property-mapper",
          "consentRequired": true,
          "consentText": "${email}",
          "config": {
            "userinfo.token.claim": "true",
            "user.attribute": "email",
            "id.token.claim": "true",
            "access.token.claim": "true",
            "claim.name": "email",
            "jsonType.label": "String"
          }
        },
        {
          "id": "676fcfa6-8246-4dd4-8ea7-318cfb3903ea",
          "name": "username",
          "protocol": "openid-connect",
          "protocolMapper": "oidc-usermodel-property-mapper",
          "consentRequired": true,
          "consentText": "${username}",
          "config": {
            "userinfo.token.claim": "true",
            "user.attribute": "username",
            "id.token.claim": "true",
            "access.token.claim": "true",
            "claim.name": "preferred_username",
            "jsonType.label": "String"
          }
        },
        {
          "id": "274faec4-1434-4f79-a20f-11160810196f",
          "name": "family name",
          "protocol": "openid-connect",
          "protocolMapper": "oidc-usermodel-property-mapper",
          "consentRequired": true,
          "consentText": "${familyName}",
          "config": {
            "userinfo.token.claim": "true",
            "user.attribute": "lastName",
            "id.token.claim": "true",
            "access.token.claim": "true",
            "claim.name": "family_name",
            "jsonType.label": "String"
          }
        },
        {
          "id": "847be23f-a5d6-4470-8b7d-8949c7f92fca",
          "name": "role list",
          "protocol": "saml",
          "protocolMapper": "saml-role-list-mapper",
          "consentRequired": false,
          "config": {
            "single": "false",
            "attribute.nameformat": "Basic",
            "attribute.name": "Role"
          }
        },
        {
          "id": "ce54ccdd-6f49-424b-a824-b707b3f7a6ac",
          "name": "full name",
          "protocol": "openid-connect",
          "protocolMapper": "oidc-full-name-mapper",
          "consentRequired": true,
          "consentText": "${fullName}",
          "config": {
            "id.token.claim": "true",
            "access.token.claim": "true"
          }
        }
      ],
      "useTemplateConfig": false,
      "useTemplateScope": false,
      "useTemplateMappers": false
    },
    {
      "id": "7b7c9c28-5055-4e6c-b1a8-50e9c2f11610",
      "clientId": "security-admin-console",
      "name": "${client_security-admin-console}",
      "baseUrl": "/auth/admin/realm/console/index.html",
      "surrogateAuthRequired": false,
      "enabled": true,
      "clientAuthenticatorType": "client-secret",
      "secret": "**********",
      "redirectUris": [
        "/auth/admin/realm/console/*"
      ],
      "webOrigins": [],
      "notBefore": 0,
      "bearerOnly": false,
      "consentRequired": false,
      "standardFlowEnabled": true,
      "implicitFlowEnabled": false,
      "directAccessGrantsEnabled": false,
      "serviceAccountsEnabled": false,
      "publicClient": true,
      "frontchannelLogout": false,
      "protocol": "openid-connect",
      "attributes": {},
      "fullScopeAllowed": false,
      "nodeReRegistrationTimeout": 0,
      "protocolMappers": [
        {
          "id": "472bcc56-e9f9-4e11-bda5-bb13076f98f3",
          "name": "family name",
          "protocol": "openid-connect",
          "protocolMapper": "oidc-usermodel-property-mapper",
          "consentRequired": true,
          "consentText": "${familyName}",
          "config": {
            "userinfo.token.claim": "true",
            "user.attribute": "lastName",
            "id.token.claim": "true",
            "access.token.claim": "true",
            "claim.name": "family_name",
            "jsonType.label": "String"
          }
        },
        {
          "id": "1002fdba-034b-44de-bf15-452c17a0f866",
          "name": "given name",
          "protocol": "openid-connect",
          "protocolMapper": "oidc-usermodel-property-mapper",
          "consentRequired": true,
          "consentText": "${givenName}",
          "config": {
            "userinfo.token.claim": "true",
            "user.attribute": "firstName",
            "id.token.claim": "true",
            "access.token.claim": "true",
            "claim.name": "given_name",
            "jsonType.label": "String"
          }
        },
        {
          "id": "b4cf7d72-0391-4864-a193-538329862eda",
          "name": "username",
          "protocol": "openid-connect",
          "protocolMapper": "oidc-usermodel-property-mapper",
          "consentRequired": true,
          "consentText": "${username}",
          "config": {
            "userinfo.token.claim": "true",
            "user.attribute": "username",
            "id.token.claim": "true",
            "access.token.claim": "true",
            "claim.name": "preferred_username",
            "jsonType.label": "String"
          }
        },
        {
          "id": "7eeb5c62-3558-43cc-ba1c-2fd89130f689",
          "name": "email",
          "protocol": "openid-connect",
          "protocolMapper": "oidc-usermodel-property-mapper",
          "consentRequired": true,
          "consentText": "${email}",
          "config": {
            "userinfo.token.claim": "true",
            "user.attribute": "email",
            "id.token.claim": "true",
            "access.token.claim": "true",
            "claim.name": "email",
            "jsonType.label": "String"
          }
        },
        {
          "id": "f812bc2f-b16c-490a-ba9b-b9f9f970d2e9",
          "name": "full name",
          "protocol": "openid-connect",
          "protocolMapper": "oidc-full-name-mapper",
          "consentRequired": true,
          "consentText": "${fullName}",
          "config": {
            "id.token.claim": "true",
            "access.token.claim": "true"
          }
        },
        {
          "id": "f1e10df7-554c-4c62-82a0-32e2319a4c9b",
          "name": "role list",
          "protocol": "saml",
          "protocolMapper": "saml-role-list-mapper",
          "consentRequired": false,
          "config": {
            "single": "false",
            "attribute.nameformat": "Basic",
            "attribute.name": "Role"
          }
        },
        {
          "id": "1a0197d5-3c5a-4f4b-b760-0c7128fa674c",
          "name": "locale",
          "protocol": "openid-connect",
          "protocolMapper": "oidc-usermodel-attribute-mapper",
          "consentRequired": false,
          "consentText": "${locale}",
          "config": {
            "userinfo.token.claim": "true",
            "user.attribute": "locale",
            "id.token.claim": "true",
            "access.token.claim": "true",
            "claim.name": "locale",
            "jsonType.label": "String"
          }
        }
      ],
      "useTemplateConfig": false,
      "useTemplateScope": false,
      "useTemplateMappers": false
    }
  ],
  "clientTemplates": [],
  "browserSecurityHeaders": {
    "xContentTypeOptions": "nosniff",
    "xRobotsTag": "none",
    "xFrameOptions": "SAMEORIGIN",
    "xXSSProtection": "1; mode=block",
    "contentSecurityPolicy": "frame-src 'self'; frame-ancestors 'self'; object-src 'none';",
    "strictTransportSecurity": "max-age=31536000; includeSubDomains"
  },
  "smtpServer": {},
  "eventsEnabled": false,
  "eventsListeners": [
    "jboss-logging"
  ],
  "enabledEventTypes": [],
  "adminEventsEnabled": false,
  "adminEventsDetailsEnabled": false,
  "components": {
    "org.keycloak.services.clientregistration.policy.ClientRegistrationPolicy": [
      {
        "id": "17284087-727e-4bfc-b8ad-939aaefb1344",
        "name": "Allowed Client Templates",
        "providerId": "allowed-client-templates",
        "subType": "anonymous",
        "subComponents": {},
        "config": {}
      },
      {
        "id": "f4087192-0cf5-4ae6-922d-5e63e9254869",
        "name": "Allowed Protocol Mapper Types",
        "providerId": "allowed-protocol-mappers",
        "subType": "anonymous",
        "subComponents": {},
        "config": {
          "allowed-protocol-mapper-types": [
            "oidc-usermodel-attribute-mapper",
            "saml-user-attribute-mapper",
            "oidc-sha256-pairwise-sub-mapper",
            "oidc-usermodel-property-mapper",
            "oidc-full-name-mapper",
            "saml-user-property-mapper",
            "oidc-address-mapper",
            "saml-role-list-mapper"
          ],
          "consent-required-for-all-mappers": [
            "true"
          ]
        }
      },
      {
        "id": "dbe8d8b3-dc22-4ee7-969d-9fcfc0dfe148",
        "name": "Max Clients Limit",
        "providerId": "max-clients",
        "subType": "anonymous",
        "subComponents": {},
        "config": {
          "max-clients": [
            "200"
          ]
        }
      },
      {
        "id": "7992389c-af3a-495c-9d18-710a9593c4c6",
        "name": "Allowed Protocol Mapper Types",
        "providerId": "allowed-protocol-mappers",
        "subType": "authenticated",
        "subComponents": {},
        "config": {
          "allowed-protocol-mapper-types": [
            "saml-user-attribute-mapper",
            "saml-user-property-mapper",
            "oidc-usermodel-property-mapper",
            "oidc-usermodel-attribute-mapper",
            "saml-role-list-mapper",
            "oidc-sha256-pairwise-sub-mapper",
            "oidc-full-name-mapper",
            "oidc-address-mapper"
          ],
          "consent-required-for-all-mappers": [
            "true"
          ]
        }
      },
      {
        "id": "b0863275-c608-4cea-9184-bb1b051985e9",
        "name": "Full Scope Disabled",
        "providerId": "scope",
        "subType": "anonymous",
        "subComponents": {},
        "config": {}
      },
      {
        "id": "ba4f046e-c2d2-4c35-9c28-caa558c33497",
        "name": "Trusted Hosts",
        "providerId": "trusted-hosts",
        "subType": "anonymous",
        "subComponents": {},
        "config": {
          "host-sending-registration-request-must-match": [
            "true"
          ],
          "client-uris-must-match": [
            "true"
          ]
        }
      },
      {
        "id": "70f356da-7e7e-4db1-87d7-a7790be19848",
        "name": "Allowed Client Templates",
        "providerId": "allowed-client-templates",
        "subType": "authenticated",
        "subComponents": {},
        "config": {}
      },
      {
        "id": "57a6e29a-1807-4fb6-9cc0-eca6afb0daea",
        "name": "Consent Required",
        "providerId": "consent-required",
        "subType": "anonymous",
        "subComponents": {},
        "config": {}
      }
    ],
    "org.keycloak.keys.KeyProvider": [
      {
        "id": "d75be39c-a36f-48df-8c1f-21a1792fff88",
        "name": "aes-generated",
        "providerId": "aes-generated",
        "subComponents": {},
        "config": {
          "priority": [
            "100"
          ]
        }
      },
      {
        "id": "b8fb89cd-42f6-4834-85fa-41f91dc81c2d",
        "name": "hmac-generated",
        "providerId": "hmac-generated",
        "subComponents": {},
        "config": {
          "priority": [
            "100"
          ]
        }
      },
      {
        "id": "3ccd0e51-0ece-44f6-940b-bdd7acc55603",
        "name": "rsa-generated",
        "providerId": "rsa-generated",
        "subComponents": {},
        "config": {
          "priority": [
            "100"
          ]
        }
      }
    ]
  },
  "internationalizationEnabled": false,
  "supportedLocales": [],
  "authenticationFlows": [
    {
      "id": "1cab9209-17b4-4108-a02a-8e15de62ba06",
      "alias": "Handle Existing Account",
      "description": "Handle what to do if there is existing account with same email/username like authenticated identity provider",
      "providerId": "basic-flow",
      "topLevel": false,
      "builtIn": true,
      "authenticationExecutions": [
        {
          "authenticator": "idp-confirm-link",
          "requirement": "REQUIRED",
          "priority": 10,
          "userSetupAllowed": false,
          "autheticatorFlow": false
        },
        {
          "authenticator": "idp-email-verification",
          "requirement": "ALTERNATIVE",
          "priority": 20,
          "userSetupAllowed": false,
          "autheticatorFlow": false
        },
        {
          "requirement": "ALTERNATIVE",
          "priority": 30,
          "flowAlias": "Verify Existing Account by Re-authentication",
          "userSetupAllowed": false,
          "autheticatorFlow": true
        }
      ]
    },
    {
      "id": "10dcde1b-94bd-4bba-8bc9-96578568753b",
      "alias": "Verify Existing Account by Re-authentication",
      "description": "Reauthentication of existing account",
      "providerId": "basic-flow",
      "topLevel": false,
      "builtIn": true,
      "authenticationExecutions": [
        {
          "authenticator": "idp-username-password-form",
          "requirement": "REQUIRED",
          "priority": 10,
          "userSetupAllowed": false,
          "autheticatorFlow": false
        },
        {
          "authenticator": "auth-otp-form",
          "requirement": "OPTIONAL",
          "priority": 20,
          "userSetupAllowed": false,
          "autheticatorFlow": false
        }
      ]
    },
    {
      "id": "271d6efb-2698-4060-ab6b-d72227078a5f",
      "alias": "browser",
      "description": "browser based authentication",
      "providerId": "basic-flow",
      "topLevel": true,
      "builtIn": true,
      "authenticationExecutions": [
        {
          "authenticator": "auth-cookie",
          "requirement": "ALTERNATIVE",
          "priority": 10,
          "userSetupAllowed": false,
          "autheticatorFlow": false
        },
        {
          "authenticator": "auth-spnego",
          "requirement": "DISABLED",
          "priority": 20,
          "userSetupAllowed": false,
          "autheticatorFlow": false
        },
        {
          "authenticator": "identity-provider-redirector",
          "requirement": "ALTERNATIVE",
          "priority": 25,
          "userSetupAllowed": false,
          "autheticatorFlow": false
        },
        {
          "requirement": "ALTERNATIVE",
          "priority": 30,
          "flowAlias": "forms",
          "userSetupAllowed": false,
          "autheticatorFlow": true
        }
      ]
    },
    {
      "id": "234d5f03-d52d-43e1-9e92-51eca3ec1200",
      "alias": "clients",
      "description": "Base authentication for clients",
      "providerId": "client-flow",
      "topLevel": true,
      "builtIn": true,
      "authenticationExecutions": [
        {
          "authenticator": "client-secret",
          "requirement": "ALTERNATIVE",
          "priority": 10,
          "userSetupAllowed": false,
          "autheticatorFlow": false
        },
        {
          "authenticator": "client-jwt",
          "requirement": "ALTERNATIVE",
          "priority": 20,
          "userSetupAllowed": false,
          "autheticatorFlow": false
        }
      ]
    },
    {
      "id": "eb50c086-c175-4574-8b07-3ce8cbdc03fc",
      "alias": "direct grant",
      "description": "OpenID Connect Resource Owner Grant",
      "providerId": "basic-flow",
      "topLevel": true,
      "builtIn": true,
      "authenticationExecutions": [
        {
          "authenticator": "direct-grant-validate-username",
          "requirement": "REQUIRED",
          "priority": 10,
          "userSetupAllowed": false,
          "autheticatorFlow": false
        },
        {
          "authenticator": "direct-grant-validate-password",
          "requirement": "REQUIRED",
          "priority": 20,
          "userSetupAllowed": false,
          "autheticatorFlow": false
        },
        {
          "authenticator": "direct-grant-validate-otp",
          "requirement": "OPTIONAL",
          "priority": 30,
          "userSetupAllowed": false,
          "autheticatorFlow": false
        }
      ]
    },
    {
      "id": "364983da-2e65-4cfe-9860-12b1b1392a55",
      "alias": "docker auth",
      "description": "Used by Docker clients to authenticate against the IDP",
      "providerId": "basic-flow",
      "topLevel": true,
      "builtIn": true,
      "authenticationExecutions": [
        {
          "authenticator": "docker-http-basic-authenticator",
          "requirement": "REQUIRED",
          "priority": 10,
          "userSetupAllowed": false,
          "autheticatorFlow": false
        }
      ]
    },
    {
      "id": "fc7697ce-8f64-4b0d-a2f9-3171acc5876c",
      "alias": "first broker login",
      "description": "Actions taken after first broker login with identity provider account, which is not yet linked to any Keycloak account",
      "providerId": "basic-flow",
      "topLevel": true,
      "builtIn": true,
      "authenticationExecutions": [
        {
          "authenticatorConfig": "review profile config",
          "authenticator": "idp-review-profile",
          "requirement": "REQUIRED",
          "priority": 10,
          "userSetupAllowed": false,
          "autheticatorFlow": false
        },
        {
          "authenticatorConfig": "create unique user config",
          "authenticator": "idp-create-user-if-unique",
          "requirement": "ALTERNATIVE",
          "priority": 20,
          "userSetupAllowed": false,
          "autheticatorFlow": false
        },
        {
          "requirement": "ALTERNATIVE",
          "priority": 30,
          "flowAlias": "Handle Existing Account",
          "userSetupAllowed": false,
          "autheticatorFlow": true
        }
      ]
    },
    {
      "id": "57d49ee4-3ba1-41d2-9e69-ce29432251fa",
      "alias": "forms",
      "description": "Username, password, otp and other auth forms.",
      "providerId": "basic-flow",
      "topLevel": false,
      "builtIn": true,
      "authenticationExecutions": [
        {
          "authenticator": "auth-username-password-form",
          "requirement": "REQUIRED",
          "priority": 10,
          "userSetupAllowed": false,
          "autheticatorFlow": false
        },
        {
          "authenticator": "auth-otp-form",
          "requirement": "OPTIONAL",
          "priority": 20,
          "userSetupAllowed": false,
          "autheticatorFlow": false
        }
      ]
    },
    {
      "id": "4528c207-b786-4f84-be58-757c80d4faf1",
      "alias": "registration",
      "description": "registration flow",
      "providerId": "basic-flow",
      "topLevel": true,
      "builtIn": true,
      "authenticationExecutions": [
        {
          "authenticator": "registration-page-form",
          "requirement": "REQUIRED",
          "priority": 10,
          "flowAlias": "registration form",
          "userSetupAllowed": false,
          "autheticatorFlow": true
        }
      ]
    },
    {
      "id": "075611d7-7fb8-465b-8505-33ec1f82ae74",
      "alias": "registration form",
      "description": "registration form",
      "providerId": "form-flow",
      "topLevel": false,
      "builtIn": true,
      "authenticationExecutions": [
        {
          "authenticator": "registration-user-creation",
          "requirement": "REQUIRED",
          "priority": 20,
          "userSetupAllowed": false,
          "autheticatorFlow": false
        },
        {
          "authenticator": "registration-profile-action",
          "requirement": "REQUIRED",
          "priority": 40,
          "userSetupAllowed": false,
          "autheticatorFlow": false
        },
        {
          "authenticator": "registration-password-action",
          "requirement": "REQUIRED",
          "priority": 50,
          "userSetupAllowed": false,
          "autheticatorFlow": false
        },
        {
          "authenticator": "registration-recaptcha-action",
          "requirement": "DISABLED",
          "priority": 60,
          "userSetupAllowed": false,
          "autheticatorFlow": false
        }
      ]
    },
    {
      "id": "4caa12bb-7c9d-41d4-9785-ff97af7c1a34",
      "alias": "reset credentials",
      "description": "Reset credentials for a user if they forgot their password or something",
      "providerId": "basic-flow",
      "topLevel": true,
      "builtIn": true,
      "authenticationExecutions": [
        {
          "authenticator": "reset-credentials-choose-user",
          "requirement": "REQUIRED",
          "priority": 10,
          "userSetupAllowed": false,
          "autheticatorFlow": false
        },
        {
          "authenticator": "reset-credential-email",
          "requirement": "REQUIRED",
          "priority": 20,
          "userSetupAllowed": false,
          "autheticatorFlow": false
        },
        {
          "authenticator": "reset-password",
          "requirement": "REQUIRED",
          "priority": 30,
          "userSetupAllowed": false,
          "autheticatorFlow": false
        },
        {
          "authenticator": "reset-otp",
          "requirement": "OPTIONAL",
          "priority": 40,
          "userSetupAllowed": false,
          "autheticatorFlow": false
        }
      ]
    },
    {
      "id": "88f0a841-3d8a-40d8-856c-8ae85d8f4436",
      "alias": "saml ecp",
      "description": "SAML ECP Profile Authentication Flow",
      "providerId": "basic-flow",
      "topLevel": true,
      "builtIn": true,
      "authenticationExecutions": [
        {
          "authenticator": "http-basic-authenticator",
          "requirement": "REQUIRED",
          "priority": 10,
          "userSetupAllowed": false,
          "autheticatorFlow": false
        }
      ]
    }
  ],
  "authenticatorConfig": [
    {
      "id": "69eb0e0c-3034-410b-ae0c-7a62a664ccfd",
      "alias": "create unique user config",
      "config": {
        "require.password.update.after.registration": "false"
      }
    },
    {
      "id": "9d7ebd77-87dc-478d-9f7e-6493f8798d51",
      "alias": "review profile config",
      "config": {
        "update.profile.on.first.login": "missing"
      }
    }
  ],
  "requiredActions": [
    {
      "alias": "CONFIGURE_TOTP",
      "name": "Configure OTP",
      "providerId": "CONFIGURE_TOTP",
      "enabled": true,
      "defaultAction": false,
      "config": {}
    },
    {
      "alias": "UPDATE_PASSWORD",
      "name": "Update Password",
      "providerId": "UPDATE_PASSWORD",
      "enabled": true,
      "defaultAction": false,
      "config": {}
    },
    {
      "alias": "UPDATE_PROFILE",
      "name": "Update Profile",
      "providerId": "UPDATE_PROFILE",
      "enabled": true,
      "defaultAction": false,
      "config": {}
    },
    {
      "alias": "VERIFY_EMAIL",
      "name": "Verify Email",
      "providerId": "VERIFY_EMAIL",
      "enabled": true,
      "defaultAction": false,
      "config": {}
    },
    {
      "alias": "terms_and_conditions",
      "name": "Terms and Conditions",
      "providerId": "terms_and_conditions",
      "enabled": false,
      "defaultAction": false,
      "config": {}
    }
  ],
  "browserFlow": "browser",
  "registrationFlow": "registration",
  "directGrantFlow": "direct grant",
  "resetCredentialsFlow": "reset credentials",
  "clientAuthenticationFlow": "clients",
  "dockerAuthenticationFlow": "docker auth",
  "attributes": {
    "_browser_header.xXSSProtection": "1; mode=block",
    "_browser_header.xFrameOptions": "SAMEORIGIN",
    "_browser_header.strictTransportSecurity": "max-age=31536000; includeSubDomains",
    "permanentLockout": "false",
    "quickLoginCheckMilliSeconds": "1000",
    "_browser_header.xRobotsTag": "none",
    "maxFailureWaitSeconds": "900",
    "minimumQuickLoginWaitSeconds": "60",
    "failureFactor": "30",
    "actionTokenGeneratedByUserLifespan": "300",
    "maxDeltaTimeSeconds": "43200",
    "_browser_header.xContentTypeOptions": "nosniff",
    "actionTokenGeneratedByAdminLifespan": "43200",
    "bruteForceProtected": "false",
    "_browser_header.contentSecurityPolicy": "frame-src 'self'; frame-ancestors 'self'; object-src 'none';",
    "waitIncrementSeconds": "60"
  },
  "keycloakVersion": "3.4.1.Final"
}